-- MySQL dump 10.13  Distrib 5.6.48-88.0, for Linux (x86_64)
--
-- Host: localhost    Database: uktrav
-- ------------------------------------------------------
-- Server version	5.6.48-88.0

/*!40101 SET @OLD_CHARACTER_SET_CLIENT=@@CHARACTER_SET_CLIENT */;
/*!40101 SET @OLD_CHARACTER_SET_RESULTS=@@CHARACTER_SET_RESULTS */;
/*!40101 SET @OLD_COLLATION_CONNECTION=@@COLLATION_CONNECTION */;
/*!40101 SET NAMES utf8 */;
/*!40103 SET @OLD_TIME_ZONE=@@TIME_ZONE */;
/*!40103 SET TIME_ZONE='+00:00' */;
/*!40014 SET @OLD_UNIQUE_CHECKS=@@UNIQUE_CHECKS, UNIQUE_CHECKS=0 */;
/*!40014 SET @OLD_FOREIGN_KEY_CHECKS=@@FOREIGN_KEY_CHECKS, FOREIGN_KEY_CHECKS=0 */;
/*!40101 SET @OLD_SQL_MODE=@@SQL_MODE, SQL_MODE='NO_AUTO_VALUE_ON_ZERO' */;
/*!40111 SET @OLD_SQL_NOTES=@@SQL_NOTES, SQL_NOTES=0 */;

--
-- Table structure for table `auth_group`
--

DROP TABLE IF EXISTS `auth_group`;
/*!40101 SET @saved_cs_client     = @@character_set_client */;
/*!40101 SET character_set_client = utf8 */;
CREATE TABLE `auth_group` (
  `id` int(11) NOT NULL AUTO_INCREMENT,
  `name` varchar(80) NOT NULL,
  PRIMARY KEY (`id`),
  UNIQUE KEY `name` (`name`)
) ENGINE=InnoDB DEFAULT CHARSET=utf8;
/*!40101 SET character_set_client = @saved_cs_client */;

--
-- Dumping data for table `auth_group`
--

LOCK TABLES `auth_group` WRITE;
/*!40000 ALTER TABLE `auth_group` DISABLE KEYS */;
/*!40000 ALTER TABLE `auth_group` ENABLE KEYS */;
UNLOCK TABLES;

--
-- Table structure for table `auth_group_permissions`
--

DROP TABLE IF EXISTS `auth_group_permissions`;
/*!40101 SET @saved_cs_client     = @@character_set_client */;
/*!40101 SET character_set_client = utf8 */;
CREATE TABLE `auth_group_permissions` (
  `id` int(11) NOT NULL AUTO_INCREMENT,
  `group_id` int(11) NOT NULL,
  `permission_id` int(11) NOT NULL,
  PRIMARY KEY (`id`),
  UNIQUE KEY `auth_group_permissions_group_id_0cd325b0_uniq` (`group_id`,`permission_id`),
  KEY `auth_group_permissi_permission_id_84c5c92e_fk_auth_permission_id` (`permission_id`),
  CONSTRAINT `auth_group_permissi_permission_id_84c5c92e_fk_auth_permission_id` FOREIGN KEY (`permission_id`) REFERENCES `auth_permission` (`id`),
  CONSTRAINT `auth_group_permissions_group_id_b120cbf9_fk_auth_group_id` FOREIGN KEY (`group_id`) REFERENCES `auth_group` (`id`)
) ENGINE=InnoDB DEFAULT CHARSET=utf8;
/*!40101 SET character_set_client = @saved_cs_client */;

--
-- Dumping data for table `auth_group_permissions`
--

LOCK TABLES `auth_group_permissions` WRITE;
/*!40000 ALTER TABLE `auth_group_permissions` DISABLE KEYS */;
/*!40000 ALTER TABLE `auth_group_permissions` ENABLE KEYS */;
UNLOCK TABLES;

--
-- Table structure for table `auth_permission`
--

DROP TABLE IF EXISTS `auth_permission`;
/*!40101 SET @saved_cs_client     = @@character_set_client */;
/*!40101 SET character_set_client = utf8 */;
CREATE TABLE `auth_permission` (
  `id` int(11) NOT NULL AUTO_INCREMENT,
  `name` varchar(255) NOT NULL,
  `content_type_id` int(11) NOT NULL,
  `codename` varchar(100) NOT NULL,
  PRIMARY KEY (`id`),
  UNIQUE KEY `auth_permission_content_type_id_01ab375a_uniq` (`content_type_id`,`codename`),
  CONSTRAINT `auth_permissi_content_type_id_2f476e4b_fk_django_content_type_id` FOREIGN KEY (`content_type_id`) REFERENCES `django_content_type` (`id`)
) ENGINE=InnoDB AUTO_INCREMENT=76 DEFAULT CHARSET=utf8;
/*!40101 SET character_set_client = @saved_cs_client */;

--
-- Dumping data for table `auth_permission`
--

LOCK TABLES `auth_permission` WRITE;
/*!40000 ALTER TABLE `auth_permission` DISABLE KEYS */;
INSERT INTO `auth_permission` VALUES (1,'Can add log entry',1,'add_logentry'),(2,'Can change log entry',1,'change_logentry'),(3,'Can delete log entry',1,'delete_logentry'),(4,'Can add session',2,'add_session'),(5,'Can change session',2,'change_session'),(6,'Can delete session',2,'delete_session'),(7,'Can add permission',3,'add_permission'),(8,'Can change permission',3,'change_permission'),(9,'Can delete permission',3,'delete_permission'),(10,'Can add group',4,'add_group'),(11,'Can change group',4,'change_group'),(12,'Can delete group',4,'delete_group'),(13,'Can add user',5,'add_user'),(14,'Can change user',5,'change_user'),(15,'Can delete user',5,'delete_user'),(16,'Can add content type',6,'add_contenttype'),(17,'Can change content type',6,'change_contenttype'),(18,'Can delete content type',6,'delete_contenttype'),(19,'Can add user',7,'add_user'),(20,'Can change user',7,'change_user'),(21,'Can delete user',7,'delete_user'),(22,'Can add blogger',8,'add_blogger'),(23,'Can change blogger',8,'change_blogger'),(24,'Can delete blogger',8,'delete_blogger'),(25,'Can add image',9,'add_image'),(26,'Can change image',9,'change_image'),(27,'Can delete image',9,'delete_image'),(28,'Can add tag',10,'add_tag'),(29,'Can change tag',10,'change_tag'),(30,'Can delete tag',10,'delete_tag'),(31,'Can add district',11,'add_district'),(32,'Can change district',11,'change_district'),(33,'Can delete district',11,'delete_district'),(34,'Can add place',12,'add_place'),(35,'Can change place',12,'change_place'),(36,'Can delete place',12,'delete_place'),(37,'Can add place_image',13,'add_placeimage'),(38,'Can change place_image',13,'change_placeimage'),(39,'Can delete place_image',13,'delete_placeimage'),(40,'Can add place_tag',14,'add_placetag'),(41,'Can change place_tag',14,'change_placetag'),(42,'Can delete place_tag',14,'delete_placetag'),(43,'Can add post',15,'add_post'),(44,'Can change post',15,'change_post'),(45,'Can delete post',15,'delete_post'),(46,'Can add post_tag',16,'add_posttag'),(47,'Can change post_tag',16,'change_posttag'),(48,'Can delete post_tag',16,'delete_posttag'),(49,'Can add Token',17,'add_token'),(50,'Can change Token',17,'change_token'),(51,'Can delete Token',17,'delete_token'),(52,'Can add temple',18,'add_temple'),(53,'Can change temple',18,'change_temple'),(54,'Can delete temple',18,'delete_temple'),(55,'Can add temple_image',19,'add_templeimage'),(56,'Can change temple_image',19,'change_templeimage'),(57,'Can delete temple_image',19,'delete_templeimage'),(58,'Can add temple_tag',22,'add_templetag'),(59,'Can change temple_tag',22,'change_templetag'),(60,'Can delete temple_tag',22,'delete_templetag'),(61,'Can add spot',20,'add_spot'),(62,'Can change spot',20,'change_spot'),(63,'Can delete spot',20,'delete_spot'),(64,'Can add spot_image',21,'add_spotimage'),(65,'Can change spot_image',21,'change_spotimage'),(66,'Can delete spot_image',21,'delete_spotimage'),(67,'Can add spot_tag',23,'add_spottag'),(68,'Can change spot_tag',23,'change_spottag'),(69,'Can delete spot_tag',23,'delete_spottag'),(70,'Can add photo_bank',24,'add_photobank'),(71,'Can change photo_bank',24,'change_photobank'),(72,'Can delete photo_bank',24,'delete_photobank'),(73,'Can add post_image',25,'add_postimage'),(74,'Can change post_image',25,'change_postimage'),(75,'Can delete post_image',25,'delete_postimage');
/*!40000 ALTER TABLE `auth_permission` ENABLE KEYS */;
UNLOCK TABLES;

--
-- Table structure for table `auth_user`
--

DROP TABLE IF EXISTS `auth_user`;
/*!40101 SET @saved_cs_client     = @@character_set_client */;
/*!40101 SET character_set_client = utf8 */;
CREATE TABLE `auth_user` (
  `id` int(11) NOT NULL AUTO_INCREMENT,
  `password` varchar(128) NOT NULL,
  `last_login` datetime DEFAULT NULL,
  `is_superuser` tinyint(1) NOT NULL,
  `username` varchar(30) NOT NULL,
  `first_name` varchar(30) NOT NULL,
  `last_name` varchar(30) NOT NULL,
  `email` varchar(254) NOT NULL,
  `is_staff` tinyint(1) NOT NULL,
  `is_active` tinyint(1) NOT NULL,
  `date_joined` datetime NOT NULL,
  PRIMARY KEY (`id`),
  UNIQUE KEY `username` (`username`)
) ENGINE=InnoDB AUTO_INCREMENT=3 DEFAULT CHARSET=utf8;
/*!40101 SET character_set_client = @saved_cs_client */;

--
-- Dumping data for table `auth_user`
--

LOCK TABLES `auth_user` WRITE;
/*!40000 ALTER TABLE `auth_user` DISABLE KEYS */;
INSERT INTO `auth_user` VALUES (1,'pbkdf2_sha256$24000$O33thQsgADLb$1JjF7woSN+Ads/vZWzq0U+cvSOllov/ItVblBAAMbe0=','2020-04-27 05:55:40',1,'bhartendu','','','bhartendumehta206@gmail.com',1,1,'2018-03-02 14:43:43'),(2,'pbkdf2_sha256$24000$r8PJUeLqPG8j$Dtt/ZZlvmKGeSqSxBnzqF3tvMDGs67hR4GYJ8xT67W4=','2020-06-30 14:33:27',1,'tanzeel.uktrav','','','tmtanzeel9@gmail.com',1,1,'2018-03-17 18:57:25');
/*!40000 ALTER TABLE `auth_user` ENABLE KEYS */;
UNLOCK TABLES;

--
-- Table structure for table `auth_user_groups`
--

DROP TABLE IF EXISTS `auth_user_groups`;
/*!40101 SET @saved_cs_client     = @@character_set_client */;
/*!40101 SET character_set_client = utf8 */;
CREATE TABLE `auth_user_groups` (
  `id` int(11) NOT NULL AUTO_INCREMENT,
  `user_id` int(11) NOT NULL,
  `group_id` int(11) NOT NULL,
  PRIMARY KEY (`id`),
  UNIQUE KEY `auth_user_groups_user_id_94350c0c_uniq` (`user_id`,`group_id`),
  KEY `auth_user_groups_group_id_97559544_fk_auth_group_id` (`group_id`),
  CONSTRAINT `auth_user_groups_group_id_97559544_fk_auth_group_id` FOREIGN KEY (`group_id`) REFERENCES `auth_group` (`id`),
  CONSTRAINT `auth_user_groups_user_id_6a12ed8b_fk_auth_user_id` FOREIGN KEY (`user_id`) REFERENCES `auth_user` (`id`)
) ENGINE=InnoDB DEFAULT CHARSET=utf8;
/*!40101 SET character_set_client = @saved_cs_client */;

--
-- Dumping data for table `auth_user_groups`
--

LOCK TABLES `auth_user_groups` WRITE;
/*!40000 ALTER TABLE `auth_user_groups` DISABLE KEYS */;
/*!40000 ALTER TABLE `auth_user_groups` ENABLE KEYS */;
UNLOCK TABLES;

--
-- Table structure for table `auth_user_user_permissions`
--

DROP TABLE IF EXISTS `auth_user_user_permissions`;
/*!40101 SET @saved_cs_client     = @@character_set_client */;
/*!40101 SET character_set_client = utf8 */;
CREATE TABLE `auth_user_user_permissions` (
  `id` int(11) NOT NULL AUTO_INCREMENT,
  `user_id` int(11) NOT NULL,
  `permission_id` int(11) NOT NULL,
  PRIMARY KEY (`id`),
  UNIQUE KEY `auth_user_user_permissions_user_id_14a6b632_uniq` (`user_id`,`permission_id`),
  KEY `auth_user_user_perm_permission_id_1fbb5f2c_fk_auth_permission_id` (`permission_id`),
  CONSTRAINT `auth_user_user_perm_permission_id_1fbb5f2c_fk_auth_permission_id` FOREIGN KEY (`permission_id`) REFERENCES `auth_permission` (`id`),
  CONSTRAINT `auth_user_user_permissions_user_id_a95ead1b_fk_auth_user_id` FOREIGN KEY (`user_id`) REFERENCES `auth_user` (`id`)
) ENGINE=InnoDB DEFAULT CHARSET=utf8;
/*!40101 SET character_set_client = @saved_cs_client */;

--
-- Dumping data for table `auth_user_user_permissions`
--

LOCK TABLES `auth_user_user_permissions` WRITE;
/*!40000 ALTER TABLE `auth_user_user_permissions` DISABLE KEYS */;
/*!40000 ALTER TABLE `auth_user_user_permissions` ENABLE KEYS */;
UNLOCK TABLES;

--
-- Table structure for table `authtoken_token`
--

DROP TABLE IF EXISTS `authtoken_token`;
/*!40101 SET @saved_cs_client     = @@character_set_client */;
/*!40101 SET character_set_client = utf8 */;
CREATE TABLE `authtoken_token` (
  `key` varchar(40) NOT NULL,
  `created` datetime NOT NULL,
  `user_id` int(11) NOT NULL,
  PRIMARY KEY (`key`),
  UNIQUE KEY `user_id` (`user_id`),
  CONSTRAINT `authtoken_token_user_id_35299eff_fk_auth_user_id` FOREIGN KEY (`user_id`) REFERENCES `auth_user` (`id`)
) ENGINE=InnoDB DEFAULT CHARSET=utf8;
/*!40101 SET character_set_client = @saved_cs_client */;

--
-- Dumping data for table `authtoken_token`
--

LOCK TABLES `authtoken_token` WRITE;
/*!40000 ALTER TABLE `authtoken_token` DISABLE KEYS */;
INSERT INTO `authtoken_token` VALUES ('3cf12a9140b3266b6fa1497479b1af36f6701dc4','2018-03-02 14:43:43',1),('c0f23c79f7cdfdd3f1063033afaeb89609e3039c','2018-03-17 18:57:25',2);
/*!40000 ALTER TABLE `authtoken_token` ENABLE KEYS */;
UNLOCK TABLES;

--
-- Table structure for table `best_time_submit`
--

DROP TABLE IF EXISTS `best_time_submit`;
/*!40101 SET @saved_cs_client     = @@character_set_client */;
/*!40101 SET character_set_client = utf8 */;
CREATE TABLE `best_time_submit` (
  `id` int(11) NOT NULL AUTO_INCREMENT,
  `place_best_time_id` int(11) NOT NULL,
  `detail` text NOT NULL,
  `insta` varchar(50) DEFAULT NULL,
  `created_on` datetime NOT NULL,
  PRIMARY KEY (`id`),
  KEY `place_best_time_id` (`place_best_time_id`),
  CONSTRAINT `best_time_submit_ibfk_1` FOREIGN KEY (`place_best_time_id`) REFERENCES `place_best_time` (`id`)
) ENGINE=InnoDB DEFAULT CHARSET=utf8;
/*!40101 SET character_set_client = @saved_cs_client */;

--
-- Dumping data for table `best_time_submit`
--

LOCK TABLES `best_time_submit` WRITE;
/*!40000 ALTER TABLE `best_time_submit` DISABLE KEYS */;
/*!40000 ALTER TABLE `best_time_submit` ENABLE KEYS */;
UNLOCK TABLES;

--
-- Table structure for table `blogger`
--

DROP TABLE IF EXISTS `blogger`;
/*!40101 SET @saved_cs_client     = @@character_set_client */;
/*!40101 SET character_set_client = utf8 */;
CREATE TABLE `blogger` (
  `id` int(11) NOT NULL AUTO_INCREMENT,
  `user_id` int(11) NOT NULL,
  `short_bio` varchar(300) DEFAULT NULL,
  `pass_code` int(11) DEFAULT NULL,
  `status` tinyint(1) DEFAULT '1',
  `posts` int(11) DEFAULT '0',
  `description` text,
  `image` varchar(300) DEFAULT NULL,
  PRIMARY KEY (`id`),
  KEY `user_id` (`user_id`),
  CONSTRAINT `blogger_ibfk_1` FOREIGN KEY (`user_id`) REFERENCES `user` (`id`)
) ENGINE=InnoDB AUTO_INCREMENT=18 DEFAULT CHARSET=utf8;
/*!40101 SET character_set_client = @saved_cs_client */;

--
-- Dumping data for table `blogger`
--

LOCK TABLES `blogger` WRITE;
/*!40000 ALTER TABLE `blogger` DISABLE KEYS */;
INSERT INTO `blogger` VALUES (1,1,'Traveler, Founder uttarakhandtraveller.com',1001,1,1,' I am  Deepak Mehta, I have co-founded Uttarakhand Traveller. A native from Bageshwar, Uttarakhand. \r\nA visioner to build something in the interest of Uttarakhand, to be precise, its rich but diminishing culture and rich tourism. \r\nI love to analyse and write my views on various subjects of Uttarakhand. So, here I am, blogging and reaching out to people.   ','http://www.uttarakhandtraveller.com/media/uploaded/28954507_829696043887281_4791304388286406350_o.jpg'),(2,2,'Uttarakhand Native',1001,1,1,'B.Com(Hons) grad from Delhi University, 2016. Loves making short films, direction enthusiast and aspirant, owns view art films production.  Content Writter in Uttarakhand Traveller.','http://www.uttarakhandtraveller.com/media/uploaded/IMG_20170515_141506_418.jpg'),(3,3,'Student Kumaon University',1001,1,1,'  Hi , my name is Neha .I live in Bageshwar and Bageshwar is known as a second Kashi of Uttarakhand, pursuing my B.Ed program. I\'m interested in travelling , trekking. I love Uttarakhandi Culture , the natural beauty of  Uttarakhand.','http://www.uttarakhandtraveller.com/media/uploaded/BeautyPlus_20180328095340_fast.jpg'),(4,4,'Teacher Kumaon University',1001,0,0,NULL,NULL),(5,5,'',0,1,0,NULL,NULL),(6,6,'',0,0,0,NULL,NULL),(7,7,'',0,1,0,'',''),(8,8,'',0,1,0,'',''),(9,9,'',0,0,0,'',''),(10,10,'A wordsmith, always a mountain person..',0,1,1,'Hey everyone...I weave stories from the threads of experiences..I am from a village situated at the confluence of two rivers, eventually forming The Holy Ganga..Travelling, trekking and stargazing keeps me alive. Currently,a student in college as well as in life. ...Our mountains are calling ..we must go back..either by stories, music, our culture or anything that keeps us rooted..','http://www.uttarakhandtraveller.com/media/uploaded/20180614_112037.jpg'),(11,11,'An amateur photographer, traveler, explorer , trekker and travel video maker. ',0,1,1,'Hey , i am Rishabh Chauhan from Narendra Nagar, Uttarakhand . Never ever i thought that i would be writing blogs. But while travelling i collected so many memories and stories that i would love to share with you all .As i hail from Uttarakhand i want people to know more about our state. And i would love to contribute by my blogs and picture . Let\'s get together and bring amazing content from Dev Bhomi Uttarakhand .','http://www.uttarakhandtraveller.com/media/uploaded/DSC_0278.JPG'),(12,12,'my spirit of unending nature love',0,1,1,'   native of uttrakhand and a nature loving guy . I want to make familier the world with natural  heritage of uttrakhand and also its religious significance.     ','http://www.uttarakhandtraveller.com/media/uploaded/gate.jpg'),(13,13,'',0,1,0,'',''),(14,14,'Nature Lover ',0,1,0,' Soul of uttarakhand lives in Delhi Civil engineer by profession',''),(15,15,'Photographer',0,1,0,'  Member of uttarakhand traveller',''),(16,16,'',0,0,0,'',''),(17,17,'',0,0,0,'','');
/*!40000 ALTER TABLE `blogger` ENABLE KEYS */;
UNLOCK TABLES;

--
-- Table structure for table `district`
--

DROP TABLE IF EXISTS `district`;
/*!40101 SET @saved_cs_client     = @@character_set_client */;
/*!40101 SET character_set_client = utf8 */;
CREATE TABLE `district` (
  `id` int(11) NOT NULL AUTO_INCREMENT,
  `name` varchar(30) NOT NULL,
  `division` varchar(10) NOT NULL,
  `slug` varchar(30) DEFAULT NULL,
  PRIMARY KEY (`id`)
) ENGINE=InnoDB AUTO_INCREMENT=14 DEFAULT CHARSET=utf8;
/*!40101 SET character_set_client = @saved_cs_client */;

--
-- Dumping data for table `district`
--

LOCK TABLES `district` WRITE;
/*!40000 ALTER TABLE `district` DISABLE KEYS */;
INSERT INTO `district` VALUES (1,'almora','kumaon','almora'),(2,'bageshwar','kumaon','bageshwar'),(3,'chamoli','garhwal','chamoli'),(4,'champawat','kumaon','champawat'),(5,'dehradun','garhwal','dehradun'),(6,'haridwar','garhwal','haridwar'),(7,'nainital','kumaon','nainital'),(8,'pauri garhwal','garhwal','pauri-garhwal'),(9,'pithoragarh','kumaon','pithoragarh'),(10,'rudraprayag','garhwal','rudraprayag'),(11,'tehri garhwal','garhwal','tehri-garhwal'),(12,'udham singh nagar','kumaon','udham-singh-nagar'),(13,'uttarkashi','garhwal','uttarkashi');
/*!40000 ALTER TABLE `district` ENABLE KEYS */;
UNLOCK TABLES;

--
-- Table structure for table `django_admin_log`
--

DROP TABLE IF EXISTS `django_admin_log`;
/*!40101 SET @saved_cs_client     = @@character_set_client */;
/*!40101 SET character_set_client = utf8 */;
CREATE TABLE `django_admin_log` (
  `id` int(11) NOT NULL AUTO_INCREMENT,
  `action_time` datetime NOT NULL,
  `object_id` longtext,
  `object_repr` varchar(200) NOT NULL,
  `action_flag` smallint(5) unsigned NOT NULL,
  `change_message` longtext NOT NULL,
  `content_type_id` int(11) DEFAULT NULL,
  `user_id` int(11) NOT NULL,
  PRIMARY KEY (`id`),
  KEY `django_admin__content_type_id_c4bce8eb_fk_django_content_type_id` (`content_type_id`),
  KEY `django_admin_log_user_id_c564eba6_fk_auth_user_id` (`user_id`),
  CONSTRAINT `django_admin__content_type_id_c4bce8eb_fk_django_content_type_id` FOREIGN KEY (`content_type_id`) REFERENCES `django_content_type` (`id`),
  CONSTRAINT `django_admin_log_user_id_c564eba6_fk_auth_user_id` FOREIGN KEY (`user_id`) REFERENCES `auth_user` (`id`)
) ENGINE=InnoDB AUTO_INCREMENT=916 DEFAULT CHARSET=utf8;
/*!40101 SET character_set_client = @saved_cs_client */;

--
-- Dumping data for table `django_admin_log`
--

LOCK TABLES `django_admin_log` WRITE;
/*!40000 ALTER TABLE `django_admin_log` DISABLE KEYS */;
INSERT INTO `django_admin_log` VALUES (1,'2018-03-18 13:56:45','1','Kausani',2,'Changed destination.',12,2),(2,'2018-03-18 13:56:47','1','Kausani',2,'No fields changed.',12,2),(3,'2018-03-18 13:56:47','1','Kausani',2,'No fields changed.',12,2),(4,'2018-03-18 14:08:23','2','places/None/26872810_207204843192425_1414628735423873024_n.jpg',1,'Added.',9,2),(5,'2018-03-18 14:08:59','3','places/None/28783558_2248495568497733_6447445432771150952_n.jpg',1,'Added.',9,2),(6,'2018-03-18 14:32:26','3','places/3/26066668_775046532683935_7593129539375464448_n.jpg',2,'Changed url.',9,2),(7,'2018-03-18 14:38:03','4','places/None/29313513_571844403150491_8505765293266567168_o.jpg',1,'Added.',9,2),(8,'2018-03-18 14:51:48','5','places/None/26112237_1476898779074366_2921577345705633006_n.jpg',1,'Added.',9,2),(9,'2018-03-18 14:52:38','19','Saryu',1,'Added.',10,2),(10,'2018-03-18 14:53:02','2','Bageshwar',1,'Added.',12,2),(11,'2018-03-18 14:57:43','5','places/5/22538581_1892232131095180_6120055364412462964_o.jpg',2,'Changed url.',9,2),(12,'2018-03-18 15:23:39','5','places/5/22538581_1892232131095180_6120055364412462964_o.jpg',2,'No fields changed.',9,2),(13,'2018-03-18 15:33:31','4','places/4/29244024_347733202411823_7302052350963237196_n.jpg',2,'Changed url.',9,2),(14,'2018-03-18 15:46:34','6','places/None/TMPDOODLE1521387921605.jpg',1,'Added.',9,2),(15,'2018-03-18 15:49:09','6','places/None/TMPDOODLE1521387921605.jpg',3,'',9,2),(16,'2018-03-18 15:51:34','7','places/None/FB_IMG_15082581926560514.jpg',1,'Added.',9,2),(17,'2018-03-18 16:07:52','8','places/None/FB_IMG_15160673444776057.jpg',1,'Added.',9,2),(18,'2018-03-18 16:12:10','5','places/5/22538581_1892232131095180_6120055364412462964_o.jpg',3,'',9,2),(19,'2018-03-18 16:12:31','2','Bageshwar',2,'Changed image.',12,2),(20,'2018-03-18 16:26:40','20','Raniket',1,'Added.',10,2),(21,'2018-03-18 16:27:34','9','places/None/images.jpg',1,'Added.',9,2),(22,'2018-03-18 16:28:05','10','places/None/800px-Rani_Jheel_Ranikhet.jpg',1,'Added.',9,2),(23,'2018-03-18 16:31:34','11','places/None/FB_IMG_15125284587785590.jpg',1,'Added.',9,2),(24,'2018-03-18 16:31:40','3','Raniket',1,'Added.',12,2),(25,'2018-03-19 00:55:01','3','Ranikhet',2,'Changed description.',12,2),(26,'2018-03-21 14:44:08','12','places/None/IMG_3833.JPG',1,'Added.',9,1),(27,'2018-03-21 14:45:41','21','Lake',1,'Added.',10,1),(28,'2018-03-21 14:45:41','22','Lake',1,'Added.',10,1),(29,'2018-03-21 14:47:35','4','Deoria Tal',1,'Added.',12,1),(30,'2018-03-24 08:24:42','13','places/None/IMG_1508949678514.jpg',1,'Added.',9,2),(31,'2018-03-24 08:25:57','14','places/None/FB_IMG_15166102337669570.jpg',1,'Added.',9,2),(32,'2018-03-24 08:26:35','15','places/None/FB_IMG_1520747566053.jpg',1,'Added.',9,2),(33,'2018-03-24 08:27:30','16','places/None/FB_IMG_15155583542690276.jpg',1,'Added.',9,2),(34,'2018-03-24 08:31:01','23','Dwarahat',1,'Added.',10,2),(35,'2018-03-24 08:31:24','24','Jageshwar',1,'Added.',10,2),(36,'2018-03-24 08:31:27','5','Almora',1,'Added.',12,2),(37,'2018-03-24 08:36:18','13','places/None/IMG_1508949678514.jpg',3,'',9,2),(38,'2018-03-24 09:06:20','4','Deoria Tal',2,'No fields changed.',12,2),(39,'2018-03-24 09:06:40','4','Deoria Tal',2,'No fields changed.',12,2),(40,'2018-03-24 19:00:02','5','Almora',2,'Changed destination.',12,2),(41,'2018-03-24 19:00:32','5','Almora',2,'Changed destination.',12,2),(42,'2018-03-24 19:01:07','5','Almora',2,'Changed destination.',12,2),(43,'2018-04-02 09:49:02','5','Almora',2,'Changed destination.',12,2),(44,'2018-04-02 09:58:03','16','places/16/28165182_159482234852718_8499532224741975417_o.jpg',2,'Changed url.',9,2),(45,'2018-04-02 09:59:16','5','Almora',2,'Changed destination.',12,2),(46,'2018-04-02 09:59:46','5','Almora',2,'Changed destination.',12,2),(47,'2018-04-02 10:57:11','5','Almora',2,'Changed destination.',12,2),(48,'2018-04-02 10:57:34','5','Almora',2,'Changed destination.',12,2),(49,'2018-04-03 13:49:03','25','sari villaje',1,'Added.',10,1),(50,'2018-04-03 13:49:32','26','ukhimath',1,'Added.',10,1),(51,'2018-04-03 13:50:46','17','places/None/edit_1.jpg',1,'Added.',9,1),(52,'2018-04-03 13:50:56','4','Deoria Tal',2,'Changed description, destination, image and tag.',12,1),(53,'2018-04-03 14:42:36','4','Deoria Tal',2,'Changed description and destination.',12,1),(54,'2018-04-03 20:51:56','4','Deoria Tal',2,'Changed description and destination.',12,1),(55,'2018-04-03 21:00:12','4','Deoria Tal',2,'Changed description.',12,1),(56,'2018-04-04 04:20:25','4','Deoria Tal',2,'Changed description and destination.',12,1),(57,'2018-04-04 06:02:39','18','places/None/tung.jpg',1,'Added.',9,1),(58,'2018-04-04 06:03:06','27','Tungnath temple',1,'Added.',10,1),(59,'2018-04-04 06:03:34','28','chandrashilla top',1,'Added.',10,1),(60,'2018-04-04 06:03:46','29','chopta',1,'Added.',10,1),(61,'2018-04-04 06:04:18','30','delhi',1,'Added.',10,1),(62,'2018-04-04 06:04:23','6','Tungnath temple',1,'Added.',12,1),(63,'2018-04-04 06:05:58','6','Tungnath temple',2,'Changed description.',12,1),(64,'2018-04-04 06:07:18','4','Deoria Tal',2,'Changed description.',12,1),(65,'2018-04-04 06:07:27','6','Tungnath temple',2,'No fields changed.',12,1),(66,'2018-04-04 06:09:49','6','Tungnath temple',2,'Changed description.',12,1),(67,'2018-04-04 07:51:26','6','Tungnath temple',2,'No fields changed.',12,1),(68,'2018-04-04 14:53:20','6','Tungnath Temple',2,'Changed name.',12,2),(69,'2018-04-04 14:53:22','6','Tungnath Temple',2,'No fields changed.',12,1),(70,'2018-04-04 14:53:47','4','Deoria Tal',2,'No fields changed.',12,2),(71,'2018-04-04 14:54:07','4','Deoria Tal',2,'Changed description.',12,1),(72,'2018-04-04 17:23:21','30','Delhi',2,'Changed name.',10,2),(73,'2018-04-04 17:25:07','21','Nainital',2,'Changed name.',10,2),(74,'2018-04-04 17:25:33','4','Deoria Tal',2,'Changed tag.',12,2),(75,'2018-04-04 17:29:05','29','Chopta',2,'Changed name.',10,1),(76,'2018-04-04 17:29:06','19','places/None/nainital.jpg',1,'Added.',9,2),(77,'2018-04-04 17:29:22','28','ChandrashillaTop',2,'Changed name.',10,1),(78,'2018-04-04 17:29:31','27','TungnathTemple',2,'Changed name.',10,1),(79,'2018-04-04 17:29:47','25','SariVillage',2,'Changed name.',10,1),(80,'2018-04-04 17:29:54','26','Ukhimath',2,'Changed name.',10,1),(81,'2018-04-04 17:31:48','20','places/None/The_Mall_Road_Nainital_18497-768x509.jpg',1,'Added.',9,2),(82,'2018-04-04 17:36:57','21','places/None/34669090421_d816d5fb5f_b.jpg',1,'Added.',9,2),(83,'2018-04-04 17:39:08','22','places/None/nanitaal-full-view.jpg',1,'Added.',9,2),(84,'2018-04-04 17:39:11','7','Nainital',1,'Added.',12,2),(85,'2018-04-04 17:40:01','31','NainaDeviTemple',1,'Added.',10,2),(86,'2018-04-04 17:40:13','7','Nainital',2,'Changed image and tag.',12,2),(87,'2018-04-04 17:42:37','7','Nainital',2,'Changed tag.',12,2),(88,'2018-04-04 17:45:09','7','Nainital',2,'Changed tag.',12,2),(89,'2018-04-04 17:51:36','7','Nainital',2,'Changed destination.',12,1),(90,'2018-04-04 18:34:26','4','Deoria Tal',2,'Changed description and destination.',12,1),(91,'2018-04-04 18:44:46','6','Tungnath Temple',2,'Changed description and destination.',12,1),(92,'2018-04-04 18:45:37','4','Deoria Tal',2,'Changed description.',12,1),(93,'2018-04-04 18:46:07','6','Tungnath Temple',2,'No fields changed.',12,1),(94,'2018-04-04 18:59:01','2','Bageshwar',2,'Changed description, destination and tag.',12,2),(95,'2018-04-04 18:59:53','2','Bageshwar',2,'Changed description.',12,2),(96,'2018-04-04 19:00:07','2','Bageshwar',2,'No fields changed.',12,2),(97,'2018-04-04 19:00:07','2','Bageshwar',2,'No fields changed.',12,2),(98,'2018-04-04 19:05:19','5','Almora',2,'Changed destination.',12,2),(99,'2018-04-04 19:06:47','4','Deoria Tal',2,'Changed destination.',12,2),(100,'2018-04-04 19:09:26','4','Deoria Tal',2,'Changed destination.',12,1),(101,'2018-04-05 04:59:00','6','Tungnath Temple',2,'Changed destination.',12,2),(102,'2018-04-05 12:49:11','23','places/None/29684257_752525074951771_7412047190841456226_n.jpg',1,'Added.',9,2),(103,'2018-04-05 12:50:29','24','places/None/33982557143_ac679744cd_c.jpg',1,'Added.',9,2),(104,'2018-04-05 12:52:40','25','places/None/2566610477_a287917f7f_z.jpg',1,'Added.',9,2),(105,'2018-04-05 12:53:14','32','Devprayag',1,'Added.',10,2),(106,'2018-04-05 12:53:22','33','Bhagirathi',1,'Added.',10,2),(107,'2018-04-05 12:53:42','8','Devprayag',1,'Added.',12,2),(108,'2018-04-08 14:49:30','26','places/None/9322436426_a7e92c4966_m.jpg',1,'Added.',9,1),(109,'2018-04-08 15:21:07','27','places/None/gope.jpg',1,'Added.',9,1),(110,'2018-04-08 15:22:55','34','GopinathTemple',1,'Added.',10,1),(111,'2018-04-08 15:23:02','9','Gopeshwar',1,'Added.',12,1),(112,'2018-04-08 15:24:45','28','places/None/9322436426_a7e92c4966_z.jpg',1,'Added.',9,1),(113,'2018-04-08 15:24:52','9','Gopeshwar',2,'Changed image.',12,1),(114,'2018-04-08 15:25:35','9','Gopeshwar',2,'Changed description.',12,1),(115,'2018-04-08 17:01:06','29','places/None/gopinath-mandirgopeshwar.jpg',1,'Added.',9,1),(116,'2018-04-08 17:01:08','9','Gopeshwar',2,'Changed image.',12,1),(117,'2018-04-08 18:31:03','30','places/None/karn_1.jpg',1,'Added.',9,1),(118,'2018-04-08 18:31:21','31','places/None/karn_2.jpg',1,'Added.',9,1),(119,'2018-04-08 18:31:38','32','places/None/karn_3.jpg',1,'Added.',9,1),(120,'2018-04-08 18:32:15','10','Karnparyag',1,'Added.',12,1),(121,'2018-04-08 18:34:03','10','Karnparyag',2,'No fields changed.',12,1),(122,'2018-04-08 18:38:02','10','Karnaparyag',2,'Changed name, description and destination.',12,1),(123,'2018-04-08 19:47:00','33','places/None/Lansdowne.jpg',1,'Added.',9,1),(124,'2018-04-08 19:48:02','34','places/None/Bhulla_Tal_Lake.jpg',1,'Added.',9,1),(125,'2018-04-08 19:49:57','35','places/None/Tarkeshwar-Mahadev-Mandir.jpg',1,'Added.',9,1),(126,'2018-04-08 19:50:12','35','Lansdowne',1,'Added.',10,1),(127,'2018-04-08 19:50:31','36','TapkeshwarTemple',1,'Added.',10,1),(128,'2018-04-08 19:51:11','11','Lansdowne',1,'Added.',12,1),(129,'2018-04-08 19:53:18','11','Lansdowne',2,'Changed description.',12,1),(130,'2018-04-09 05:19:01','37','ChaukhambaPeak',1,'Added.',10,1),(131,'2018-04-09 05:19:36','36','places/None/Pauri_Town.jpg',1,'Added.',9,1),(132,'2018-04-09 05:19:52','37','places/None/Pauri-Garhwal.jpg',1,'Added.',9,1),(133,'2018-04-09 05:20:07','38','places/None/khirsu_village.jpg',1,'Added.',9,1),(134,'2018-04-09 05:20:17','12','Pauri',1,'Added.',12,1),(135,'2018-04-09 05:22:20','12','Pauri',2,'Changed destination.',12,1),(136,'2018-04-09 06:41:15','39','places/None/mussoorie_mall_road.jpg',1,'Added.',9,1),(137,'2018-04-09 06:41:52','40','places/None/munsiyari-1.jpg',1,'Added.',9,1),(138,'2018-04-09 06:44:05','41','places/None/mussoorie_kemty_fall.jpg',1,'Added.',9,1),(139,'2018-04-09 06:44:23','38','KemptyFall',1,'Added.',10,1),(140,'2018-04-09 06:44:52','39','Dehradun',1,'Added.',10,1),(141,'2018-04-09 06:45:03','40','Mussoorie',1,'Added.',10,1),(142,'2018-04-09 06:45:05','13','Mussoorie',1,'Added.',12,1),(143,'2018-04-09 06:47:04','42','places/None/mussoorie_1.jpg',1,'Added.',9,1),(144,'2018-04-09 06:47:07','35','35',2,'Changed image.',13,1),(145,'2018-04-09 06:48:00','13','Mussoorie',2,'No fields changed.',12,1),(146,'2018-04-09 06:48:30','13','Mussoorie',2,'Changed destination.',12,1),(147,'2018-04-09 11:50:51','43','places/None/Rishikesh_sophieleigh.JPG',1,'Added.',9,1),(148,'2018-04-09 11:51:03','44','places/None/Rishikesh_suraj_love_photography.JPG',1,'Added.',9,1),(149,'2018-04-09 11:51:13','45','places/None/Rishikesh_yoga_bhagavati.JPG',1,'Added.',9,1),(150,'2018-04-09 11:51:33','46','places/None/rishikesh__ak9ash.JPG',1,'Added.',9,1),(151,'2018-04-09 11:51:44','47','places/None/rishikesh_prachi__wanderlust.JPG',1,'Added.',9,1),(152,'2018-04-09 11:52:01','48','places/None/Rishikesh_anthony_valeriano.JPG',1,'Added.',9,1),(153,'2018-04-09 11:52:12','41','Rishikesh',1,'Added.',10,1),(154,'2018-04-09 11:52:24','42','RIverRafting',1,'Added.',10,1),(155,'2018-04-09 11:52:56','43','Ganga',1,'Added.',10,1),(156,'2018-04-09 11:53:21','14','Rishikesh',1,'Added.',12,1),(157,'2018-04-09 17:41:33','49','places/None/tanakpur_kohleyedme.JPG',1,'Added.',9,1),(158,'2018-04-09 17:42:03','44','Champawat',1,'Added.',10,1),(159,'2018-04-09 17:42:15','45','Tanakpur',1,'Added.',10,1),(160,'2018-04-09 17:42:53','46','Pithoraghar',1,'Added.',10,1),(161,'2018-04-09 17:43:07','15','Tanakpur',1,'Added.',12,1),(162,'2018-04-09 18:29:35','50','places/None/purnagiri_temple_amar_ujjala.jpeg',1,'Added.',9,1),(163,'2018-04-09 18:29:38','1','Maa Purnagiri Temple',1,'Added.',18,1),(164,'2018-04-10 06:34:36','51','places/None/Udham_singh_nagarRudrapur.jpg',1,'Added.',9,1),(165,'2018-04-10 06:34:54','47','UdhamSinghNagar',1,'Added.',10,1),(166,'2018-04-10 06:35:02','48','Rudrapur',1,'Added.',10,1),(167,'2018-04-10 06:35:08','49','Kashipur',1,'Added.',10,1),(168,'2018-04-10 06:35:38','16','Udham Singh Nagar',1,'Added.',12,1),(169,'2018-04-10 06:36:41','16','Udham Singh Nagar',2,'Changed destination.',12,1),(170,'2018-04-10 08:38:30','52','places/None/Rudrapur.jpg',1,'Added.',9,1),(171,'2018-04-10 08:38:54','53','places/None/rudrapur_rail.jpg',1,'Added.',9,1),(172,'2018-04-10 08:39:22','54','places/None/rudrapur_atariya_temple_1.jpg',1,'Added.',9,1),(173,'2018-04-10 08:39:26','17','Rudrapur',1,'Added.',12,1),(174,'2018-04-10 08:41:32','17','Rudrapur',2,'Changed description.',12,1),(175,'2018-04-10 09:38:02','2','Atariya Temple',1,'Added.',18,1),(176,'2018-04-10 16:22:10','17','Rudrapur',2,'Changed destination.',12,1),(177,'2018-04-10 16:22:45','16','Udham Singh Nagar',2,'Changed description.',12,1),(178,'2018-04-10 17:01:55','2','Atariya Temple',2,'No fields changed.',18,1),(179,'2018-04-10 17:14:05','55','places/None/Uma_devi.jpg',1,'Added.',9,1),(180,'2018-04-10 17:15:08','56','places/None/uma.jpg',1,'Added.',9,1),(181,'2018-04-10 17:15:51','50','Karnaprayag',1,'Added.',10,1),(182,'2018-04-10 17:16:10','51','Gopeshwar',1,'Added.',10,1),(183,'2018-04-10 17:16:27','3','Uma Devi Temple',1,'Added.',18,1),(184,'2018-04-10 17:17:50','10','Karnaparyag',2,'No fields changed.',12,1),(185,'2018-04-11 17:20:12','3','Uma Devi Temple',2,'Changed description.',18,2),(186,'2018-04-11 17:22:44','11','Lansdowne',2,'Changed description.',12,2),(187,'2018-04-12 18:17:09','52','Ranikhet',1,'Added.',10,1),(188,'2018-04-12 18:18:48','57','places/None/mukteshwar_1.JPG',1,'Added.',9,1),(189,'2018-04-12 18:19:02','58','places/None/mukteshwar_rock.JPG',1,'Added.',9,1),(190,'2018-04-12 18:19:11','18','Mukteshwar',1,'Added.',12,1),(191,'2018-04-12 18:20:33','18','Mukteshwar',2,'Changed description.',12,1),(192,'2018-04-14 05:57:06','5','Almora',3,'',12,2),(193,'2018-04-14 07:22:59','53','dunagiri',1,'Added.',10,2),(194,'2018-04-14 07:23:38','59','places/None/DSC03579.JPG',1,'Added.',9,2),(195,'2018-04-14 07:24:00','60','places/None/IMG_20160523_151015.jpg',1,'Added.',9,2),(196,'2018-04-14 07:24:37','61','places/None/FB_IMG_1523545642012.jpg',1,'Added.',9,2),(197,'2018-04-14 07:24:42','19','Dwarahat',1,'Added.',12,2),(198,'2018-04-14 07:54:41','54','deer park',1,'Added.',10,2),(199,'2018-04-14 07:54:56','55','GB park',1,'Added.',10,2),(200,'2018-04-14 07:55:20','62','places/None/govind-ballabh-pant-museum-almora.jpg',1,'Added.',9,2),(201,'2018-04-14 07:55:46','63','places/None/363732392Almora_Deer_Park_Main.jpg',1,'Added.',9,2),(202,'2018-04-14 07:56:19','64','places/None/FB_IMG_1522584168008.jpg',1,'Added.',9,2),(203,'2018-04-14 07:59:47','65','places/None/FB_IMG_15105048745163102.jpg',1,'Added.',9,2),(204,'2018-04-14 07:59:51','20','Almora',1,'Added.',12,2),(205,'2018-04-14 09:46:21','60','places/None/IMG_20160523_151015.jpg',2,'No fields changed.',9,1),(206,'2018-04-14 09:52:52','66','places/None/mukteshwar_mytraveltrails.JPG',1,'Added.',9,1),(207,'2018-04-14 09:52:56','18','Mukteshwar',2,'Changed image.',12,1),(208,'2018-04-14 15:06:02','67','places/None/munsiyari_insta_shauka.JPG',1,'Added.',9,1),(209,'2018-04-14 15:06:32','21','Munsiyari',1,'Added.',12,1),(210,'2018-04-15 06:51:17','55','GBPark',2,'Changed name.',10,2),(211,'2018-04-15 06:51:29','54','DeerPark',2,'Changed name.',10,2),(212,'2018-04-15 06:51:41','53','Dunagiri',2,'Changed name.',10,2),(213,'2018-04-15 06:52:55','20','Almora',2,'Changed destination.',12,2),(214,'2018-04-15 06:53:39','20','Almora',2,'Changed destination.',12,2),(215,'2018-04-15 07:25:36','20','Almora',2,'Changed destination.',12,2),(216,'2018-04-15 10:15:22','20','Almora',2,'Changed description.',12,2),(217,'2018-04-15 10:24:16','19','Dwarahat',2,'Changed description and destination.',12,2),(218,'2018-04-15 10:32:00','19','Dwarahat',2,'Changed destination.',12,2),(219,'2018-04-15 16:38:58','19','Dwarahat',2,'Changed destination.',12,2),(220,'2018-04-15 16:39:37','19','Dwarahat',2,'Changed tag.',12,2),(221,'2018-04-15 16:40:50','19','Dwarahat',2,'Changed destination.',12,2),(222,'2018-04-15 16:43:37','19','Dwarahat',2,'Changed destination.',12,2),(223,'2018-04-15 20:11:24','21','Munsiyari',2,'Changed pb.',12,2),(224,'2018-04-17 18:30:36','68','places/None/uttarkashi_nirajpanchariya.JPG',1,'Added.',9,1),(225,'2018-04-17 18:31:41','69','places/None/uttarkashi_thebohemian_gypsies.JPG',1,'Added.',9,1),(226,'2018-04-17 18:42:16','56','Rishikesh',1,'Added.',10,1),(227,'2018-04-17 18:42:30','22','Uttarkashi',1,'Added.',12,1),(228,'2018-04-18 13:14:40','22','Uttarkashi',2,'Changed description and destination.',12,1),(229,'2018-04-19 14:38:38','57','CorbettPark',1,'Added.',10,2),(230,'2018-04-19 14:39:08','70','places/None/220px-Sitavani_temple_Jim_Corbet_National_Park_Ramnagar_Uttarakhand_2.jpg',1,'Added.',9,2),(231,'2018-04-19 14:41:38','71','places/None/FB_IMG_1522985503051.jpg',1,'Added.',9,2),(232,'2018-04-19 14:43:01','72','places/None/FB_IMG_15081312239175357.jpg',1,'Added.',9,2),(233,'2018-04-19 14:45:15','73','places/None/FB_IMG_1521206012936.jpg',1,'Added.',9,2),(234,'2018-04-19 14:52:18','23','Ramnagar',1,'Added.',12,2),(235,'2018-04-26 07:40:35','23','Ramnagar',2,'Changed destination.',12,2),(236,'2018-05-07 06:25:49','1','Kausani',2,'Changed pb.',12,1),(237,'2018-05-07 06:27:12','1','Kausani',2,'No fields changed.',12,1),(238,'2018-05-07 06:31:35','1','Kausani',2,'Changed pb.',12,1),(239,'2018-05-07 06:32:20','2','Bageshwar',2,'Changed pb.',12,1),(240,'2018-05-07 06:33:10','3','Ranikhet',2,'Changed pb.',12,1),(241,'2018-05-07 06:34:32','4','Deoria Tal',2,'Changed pb.',12,1),(242,'2018-05-07 06:35:36','6','Tungnath Temple',2,'Changed pb.',12,1),(243,'2018-05-07 06:37:42','7','Nainital',2,'Changed pb.',12,1),(244,'2018-05-07 06:41:38','8','Devprayag',2,'Changed pb.',12,1),(245,'2018-05-07 06:45:44','9','Gopeshwar',2,'Changed pb.',12,1),(246,'2018-05-07 06:47:00','10','Karnaparyag',2,'Changed pb.',12,1),(247,'2018-05-07 06:48:02','11','Lansdowne',2,'Changed pb.',12,1),(248,'2018-05-07 06:49:22','12','Pauri',2,'Changed pb.',12,1),(249,'2018-05-07 06:50:18','13','Mussoorie',2,'Changed pb.',12,1),(250,'2018-05-07 06:51:53','14','Rishikesh',2,'Changed pb.',12,1),(251,'2018-05-07 06:52:49','15','Tanakpur',2,'Changed pb.',12,1),(252,'2018-05-07 06:54:06','16','Udham Singh Nagar',2,'Changed pb.',12,1),(253,'2018-05-07 06:56:45','17','Rudrapur',2,'Changed pb.',12,1),(254,'2018-05-07 06:57:42','18','Mukteshwar',2,'Changed pb.',12,1),(255,'2018-05-07 06:58:53','19','Dwarahat',2,'Changed pb.',12,1),(256,'2018-05-07 06:58:53','19','Dwarahat',2,'No fields changed.',12,1),(257,'2018-05-07 06:59:35','20','Almora',2,'Changed pb.',12,1),(258,'2018-05-07 06:59:52','20','Almora',2,'No fields changed.',12,1),(259,'2018-05-07 07:00:56','21','Munsiyari',2,'Changed pb.',12,1),(260,'2018-05-07 07:01:18','20','Almora',2,'No fields changed.',12,1),(261,'2018-05-07 07:02:28','22','Uttarkashi',2,'Changed pb.',12,1),(262,'2018-05-07 07:04:40','23','Ramnagar',2,'Changed pb.',12,1),(263,'2018-05-08 05:52:32','1','Kausani',2,'Changed lat and lng.',12,1),(264,'2018-05-08 05:53:14','2','Bageshwar',2,'Changed lat and lng.',12,1),(265,'2018-05-08 05:53:52','3','Ranikhet',2,'Changed lat and lng.',12,1),(266,'2018-05-08 05:58:30','4','Deoria Tal',2,'Changed lat and lng.',12,1),(267,'2018-05-08 06:00:35','7','Nainital',2,'Changed lat and lng.',12,1),(268,'2018-05-08 06:01:34','8','Devprayag',2,'Changed lat and lng.',12,1),(269,'2018-05-08 06:02:44','9','Gopeshwar',2,'Changed lat and lng.',12,1),(270,'2018-05-08 06:03:14','10','Karnaparyag',2,'Changed lat and lng.',12,1),(271,'2018-05-08 06:03:52','11','Lansdowne',2,'Changed lat and lng.',12,1),(272,'2018-05-08 06:09:50','11','Lansdowne',2,'No fields changed.',12,1),(273,'2018-05-08 06:11:36','12','Pauri',2,'Changed lat and lng.',12,1),(274,'2018-05-08 06:12:20','13','Mussoorie',2,'Changed image, lat and lng.',12,1),(275,'2018-05-08 06:12:51','14','Rishikesh',2,'Changed lat and lng.',12,1),(276,'2018-05-08 06:13:35','15','Tanakpur',2,'Changed lat and lng.',12,1),(277,'2018-05-08 06:14:23','16','Udham Singh Nagar',2,'Changed lat and lng.',12,1),(278,'2018-05-08 06:14:39','17','Rudrapur',2,'Changed lat and lng.',12,1),(279,'2018-05-08 06:15:19','18','Mukteshwar',2,'Changed lat and lng.',12,1),(280,'2018-05-08 06:16:02','20','Almora',2,'Changed lat and lng.',12,1),(281,'2018-05-08 06:16:41','19','Dwarahat',2,'Changed lat and lng.',12,1),(282,'2018-05-08 06:22:33','21','Munsiyari',2,'Changed lat and lng.',12,1),(283,'2018-05-08 06:22:59','22','Uttarkashi',2,'Changed lat and lng.',12,1),(284,'2018-05-09 11:13:00','23','Ramnagar',2,'Changed lat and lng.',12,2),(285,'2018-05-13 14:39:11','6','Tungnath Temple',2,'Changed lat and lng.',12,2),(286,'2018-05-15 10:05:48','10','Karnaprayag',2,'Changed name.',12,2),(287,'2018-05-16 13:30:24','74','places/None/Aullii.jpg',1,'Added.',9,1),(288,'2018-05-16 13:30:41','75','places/None/Auli_hansal_patel25.JPG',1,'Added.',9,1),(289,'2018-05-16 13:36:35','24','Auli',1,'Added.',12,1),(290,'2018-05-24 08:41:28','58','Dehradun',1,'Added.',10,2),(291,'2018-05-24 08:46:59','76','places/None/Dehradun-925003643-6470471-1-1.jpg',1,'Added.',9,2),(292,'2018-05-24 08:47:04','25','Dehradun',1,'Added.',12,2),(293,'2018-05-24 08:48:24','25','Dehradun',2,'Changed description and destination.',12,2),(294,'2018-05-24 08:48:39','58','Dehradun',2,'Changed status.',10,2),(295,'2018-05-26 11:33:27','77','places/None/haridwar_thekartik01.JPG',1,'Added.',9,1),(296,'2018-05-26 11:33:37','78','places/None/haridwar_dmanab.JPG',1,'Added.',9,1),(297,'2018-05-26 11:36:29','26','Haridwar',1,'Added.',12,1),(298,'2018-05-27 04:54:13','79','places/None/chakrata.jpg',1,'Added.',9,2),(299,'2018-05-27 04:54:23','80','places/None/chakrata1.jpg',1,'Added.',9,2),(300,'2018-05-27 04:56:22','81','places/None/chakrata2.jpg',1,'Added.',9,2),(301,'2018-05-27 04:56:52','59','Chakrata',1,'Added.',10,2),(302,'2018-05-27 04:57:36','60','Tigerfall',1,'Added.',10,2),(303,'2018-05-27 04:59:58','27','chakrata',1,'Added.',12,2),(304,'2018-05-27 05:03:32','27','chakrata',2,'Changed pb.',12,2),(305,'2018-05-27 05:39:03','82','places/None/Lohaghat-Hill-Station.jpg',1,'Added.',9,1),(306,'2018-05-27 05:39:19','83','places/None/lohaghat.JPG',1,'Added.',9,1),(307,'2018-05-27 05:40:14','61','Pithoragarh',1,'Added.',10,1),(308,'2018-05-27 05:43:43','28','Lohaghat',1,'Added.',12,1),(309,'2018-05-27 05:46:47','28','Lohaghat',2,'Changed description.',12,1),(310,'2018-05-27 09:12:58','27','Chakrata',2,'Changed name.',12,2),(311,'2018-05-30 02:08:48','62','Kailash',1,'Added.',10,2),(312,'2018-05-30 02:12:07','84','places/None/pithoragarh-banner1.jpg',1,'Added.',9,2),(313,'2018-05-30 02:12:33','85','places/None/pithorag.jpg',1,'Added.',9,2),(314,'2018-05-30 02:13:18','29','Pithoragarh',1,'Added.',12,2),(315,'2018-05-30 08:39:11','86','places/None/jeevan-paying-guest-house-23-08-2015-348.jpg',1,'Added.',9,2),(316,'2018-05-30 08:39:45','63','Chaukori',1,'Added.',10,2),(317,'2018-05-30 08:41:51','30','Kanda',1,'Added.',12,2),(318,'2018-05-30 08:45:31','30','Kanda',2,'Changed description.',12,2),(319,'2018-05-30 09:09:21','87','places/None/joshimath_dj_ankit_mafio.JPG',1,'Added.',9,1),(320,'2018-05-30 09:09:33','88','places/None/joshimath_ishita.tiwari.JPG',1,'Added.',9,1),(321,'2018-05-30 09:09:43','89','places/None/joshimath_kanak_negi_93.JPG',1,'Added.',9,1),(322,'2018-05-30 09:11:01','31','Joshimath',1,'Added.',12,1),(323,'2018-05-30 09:43:52','90','places/None/joshimath_hermosa_exploration.JPG',1,'Added.',9,1),(324,'2018-05-30 09:44:07','64','Joshimath',1,'Added.',10,1),(325,'2018-05-30 09:44:37','4','Narsingh Temple',1,'Added.',18,1),(326,'2018-05-30 16:04:36','91','places/None/Chaukori.jpg',1,'Added.',9,2),(327,'2018-05-30 16:05:36','92','places/None/Chaukori_s5I8B1N.jpg',1,'Added.',9,2),(328,'2018-05-30 16:10:41','32','Chaukori',1,'Added.',12,2),(329,'2018-05-30 16:11:56','32','Chaukori',2,'Changed district.',12,2),(330,'2018-05-30 16:47:30','20','Almora',2,'No fields changed.',12,2),(331,'2018-05-31 05:40:08','93','places/None/badrinath_mr_ravi_chauhan.jpeg',1,'Added.',9,1),(332,'2018-05-31 05:40:19','94','places/None/badrinath_anandsphotography1.jpeg',1,'Added.',9,1),(333,'2018-05-31 05:40:29','95','places/None/badrinath_pant_deepak.jpeg',1,'Added.',9,1),(334,'2018-05-31 05:41:29','65','Auli',1,'Added.',10,1),(335,'2018-05-31 05:43:36','33','Badrinath',1,'Added.',12,1),(336,'2018-05-31 06:00:53','33','Badrinath',2,'No fields changed.',12,1),(337,'2018-05-31 06:01:44','95','places/95/badrinath_pant_deepak.jpeg',2,'Changed url.',9,1),(338,'2018-05-31 06:01:47','86','86',2,'No fields changed.',13,1),(339,'2018-05-31 06:02:08','94','places/94/badrinath_anandsphotography1.jpeg',2,'Changed url.',9,1),(340,'2018-05-31 06:02:11','85','85',2,'No fields changed.',13,1),(341,'2018-05-31 06:02:27','93','places/93/badrinath_mr_ravi_chauhan.jpeg',2,'Changed url.',9,1),(342,'2018-05-31 06:02:54','84','84',2,'No fields changed.',13,1),(343,'2018-05-31 06:04:30','4','Narsingh Temple',2,'No fields changed.',18,1),(344,'2018-05-31 06:26:00','88','places/88/joshimath_ishita.tiwari.jpg',2,'Changed url.',9,1),(345,'2018-05-31 06:26:03','79','79',2,'No fields changed.',13,1),(346,'2018-05-31 06:26:23','89','places/89/joshimath_kanak_negi_93.jpeg',2,'Changed url.',9,1),(347,'2018-05-31 06:26:25','80','80',2,'No fields changed.',13,1),(348,'2018-05-31 06:26:47','87','places/87/joshimath_dj_ankit_mafio.jpeg',2,'Changed url.',9,1),(349,'2018-05-31 06:26:49','81','81',2,'No fields changed.',13,1),(350,'2018-05-31 06:29:00','87','places/87/joshimath_dj_ankit_mafio_fkHM2PK.jpeg',2,'Changed url.',9,1),(351,'2018-05-31 06:29:15','81','81',2,'No fields changed.',13,1),(352,'2018-05-31 06:29:49','90','places/90/joshimath_hermosa_exploration.jpeg',2,'Changed url.',9,1),(353,'2018-05-31 06:29:50','5','5',2,'No fields changed.',19,1),(354,'2018-05-31 18:42:19','96','places/None/rudraprayag_n.jpg',1,'Added.',9,1),(355,'2018-05-31 18:45:28','97','places/None/rudraprayag_1_n.jpg',1,'Added.',9,1),(356,'2018-05-31 18:45:44','98','places/None/edit_1_3yg0lf2.jpg',1,'Added.',9,1),(357,'2018-05-31 18:46:34','66','Deoria Tal',1,'Added.',10,1),(358,'2018-05-31 18:48:26','34','Rudraprayag',1,'Added.',12,1),(359,'2018-06-01 05:11:23','89','89',3,'',13,1),(360,'2018-06-01 05:13:08','34','Rudraprayag',2,'Changed image.',12,1),(361,'2018-06-01 05:13:08','34','Rudraprayag',2,'No fields changed.',12,1),(362,'2018-06-01 05:13:09','34','Rudraprayag',2,'No fields changed.',12,1),(363,'2018-06-01 05:13:09','34','Rudraprayag',2,'No fields changed.',12,1),(364,'2018-06-01 07:00:53','99','places/None/tehri_rajhan9412.jpeg',1,'Added.',9,1),(365,'2018-06-01 07:01:07','100','places/None/tehri_shreeankmishra.jpeg',1,'Added.',9,1),(366,'2018-06-01 07:04:01','35','Tehri Garhwal',1,'Added.',12,1),(367,'2018-06-01 12:31:58','101','places/None/surkhanda_lionelsumit.jpeg',1,'Added.',9,1),(368,'2018-06-01 12:32:18','102','places/None/surkhanda.jpeg',1,'Added.',9,1),(369,'2018-06-01 12:33:12','67','Tehri Garhwal',1,'Added.',10,1),(370,'2018-06-01 12:33:15','5','Surkhanda Devi Temple',1,'Added.',18,1),(371,'2018-06-01 14:28:42','103','places/None/kirti_nagar_bhupi_maderna.jpeg',1,'Added.',9,1),(372,'2018-06-01 14:29:06','104','places/None/kirti_nagar_yash078511.jpeg',1,'Added.',9,1),(373,'2018-06-01 14:31:26','36','Kirti Nagar',1,'Added.',12,1),(374,'2018-06-01 15:17:44','66','DeoriaTal',2,'Changed name.',10,2),(375,'2018-06-01 15:17:55','67','TehriGarhwal',2,'Changed name.',10,2),(376,'2018-06-01 18:08:46','2','Atariya Temple',2,'Changed slug and description.',18,2),(377,'2018-06-02 13:40:11','105','places/None/gangotri-temple.jpg',1,'Added.',9,1),(378,'2018-06-02 13:43:30','106','places/None/gangotri_temple.jpeg',1,'Added.',9,1),(379,'2018-06-02 13:43:35','37','Gangotri',1,'Added.',12,1),(380,'2018-06-02 13:44:36','31','Joshimath',2,'Changed destination.',12,1),(381,'2018-06-02 13:44:58','36','Kirti Nagar',2,'Changed destination.',12,1),(382,'2018-06-02 13:45:23','35','Tehri Garhwal',2,'Changed destination.',12,1),(383,'2018-06-03 12:44:47','107','places/None/bhowai.jpeg',1,'Added.',9,1),(384,'2018-06-03 12:46:28','38','Bhowali',1,'Added.',12,1),(385,'2018-06-04 10:27:21','38','Bhowali',2,'Changed destination.',12,1),(386,'2018-06-04 11:50:12','38','Bhowali',2,'Changed status.',12,2),(387,'2018-06-04 13:04:30','108','places/None/gairsainn.jpg',1,'Added.',9,1),(388,'2018-06-04 13:04:48','109','places/None/gairsain.jpg',1,'Added.',9,1),(389,'2018-06-04 13:07:23','39','Gairsain',1,'Added.',12,1),(390,'2018-06-04 13:08:16','38','Bhowali',2,'Changed destination.',12,1),(391,'2018-06-04 17:28:10','39','Gairsain',2,'Changed destination.',12,2),(392,'2018-06-05 05:31:02','110','places/None/bhimtal.jpeg',1,'Added.',9,1),(393,'2018-06-05 05:34:17','68','Bhowali',1,'Added.',10,1),(394,'2018-06-05 05:34:20','40','Bhimtal',1,'Added.',12,1),(395,'2018-06-05 05:34:39','40','Bhimtal',2,'Changed status.',12,1),(396,'2018-06-05 05:37:52','110','places/110/bhimtal_n.jpg',2,'Changed url.',9,1),(397,'2018-06-05 05:37:54','100','100',2,'No fields changed.',13,1),(398,'2018-06-05 05:39:22','40','Bhimtal',2,'Changed description and status.',12,1),(399,'2018-06-05 07:51:47','40','Bhimtal',2,'Changed description, destination and status.',12,1),(400,'2018-06-06 02:59:28','10','Karnaprayag',2,'Changed destination.',12,1),(401,'2018-06-06 13:06:12','111','places/None/srinagar_thetravellingmonk.jpg',1,'Added.',9,1),(402,'2018-06-06 13:06:25','112','places/None/srinagar_iamyatindra.jpg',1,'Added.',9,1),(403,'2018-06-06 13:06:34','41','Srinagar',1,'Added.',12,1),(404,'2018-06-07 13:32:23','113','places/None/haldwani_shreyanshvisuals.jpg',1,'Added.',9,1),(405,'2018-06-07 13:33:10','69','Bhimtal',1,'Added.',10,1),(406,'2018-06-07 13:35:32','114','places/None/haldwani.jpg',1,'Added.',9,1),(407,'2018-06-07 13:35:35','42','Haldwani',1,'Added.',12,1),(408,'2018-06-07 14:57:42','42','Haldwani',2,'Changed destination.',12,2),(409,'2018-06-07 16:14:43','3','Uma Devi Temple',2,'Changed slug and description.',18,2),(410,'2018-06-07 16:14:52','2','Atariya Temple',2,'No fields changed.',18,2),(411,'2018-06-07 16:15:00','4','Narsingh Temple',2,'No fields changed.',18,2),(412,'2018-06-07 16:15:09','3','Uma Devi Temple',2,'No fields changed.',18,2),(413,'2018-06-11 08:53:30','70','kumauni',1,'Added.',10,2),(414,'2018-06-11 08:53:40','71','PappuKarki',1,'Added.',10,2),(415,'2018-06-11 08:53:53','72','Songs',1,'Added.',10,2),(416,'2018-06-11 08:57:27','8','Pappu Karki - The voice we will remember',1,'Added.',15,2),(417,'2018-06-11 09:01:41','8','Pappu Karki - The voice we will remember',2,'Changed description.',15,2),(418,'2018-06-11 11:17:09','8','Pappu Karki - The voice we will remember',2,'Changed description.',15,2),(419,'2018-06-11 11:18:33','8','Pappu Karki - The voice we will remember',2,'Changed description.',15,2),(420,'2018-06-11 11:20:23','8','Pappu Karki - The voice we will remember',2,'Changed description.',15,2),(421,'2018-06-11 11:22:38','8','Pappu Karki - The voice we will remember',2,'Changed description.',15,2),(422,'2018-06-11 14:17:05','8','Pappu Karki - The voice we will remember',2,'Changed description.',15,2),(423,'2018-06-11 14:19:20','8','Pappu Karki - The voice we will remember',2,'Changed description.',15,2),(424,'2018-06-11 14:22:59','8','Pappu Karki - The voice we will remember',2,'Changed description.',15,2),(425,'2018-06-11 14:24:40','8','Pappu Karki - The voice we will remember',2,'Changed description.',15,2),(426,'2018-06-12 12:24:01','115','places/None/chauli_ki_jali_payalkalra.jpeg',1,'Added.',9,1),(427,'2018-06-12 12:24:12','116','places/None/chauli_ki_jali_anuragjha.jpeg',1,'Added.',9,1),(428,'2018-06-12 12:24:21','117','places/None/chauli_ki_jali_aastik_nastik_sarcastic.jpeg',1,'Added.',9,1),(429,'2018-06-12 12:24:30','118','places/None/chauli_ki_jali_rachitas_travel_tales.jpeg',1,'Added.',9,1),(430,'2018-06-12 12:25:44','73','Mukteshwar',1,'Added.',10,1),(431,'2018-06-12 12:25:48','1','Chauli ki Jali',1,'Added.',20,1),(432,'2018-06-12 13:15:44','119','places/None/bhula_gada_waterfall_trip_advisor.jpg',1,'Added.',9,1),(433,'2018-06-12 13:16:11','120','places/None/bhula_gaad_waterfall_trip_advier.jpg',1,'Added.',9,1),(434,'2018-06-12 13:17:09','1','Chauli ki Jali',2,'Changed description.',20,2),(435,'2018-06-13 12:18:23','2','Bhalu Gaad Waterfalls',1,'Added.',20,1),(436,'2018-06-14 02:53:42','121','places/None/indian-veterinary-research.jpg',1,'Added.',9,1),(437,'2018-06-14 02:54:32','3','Indian Veterinary Research Institute',1,'Added.',20,1),(438,'2018-06-14 03:19:01','18','Mukteshwar',2,'Changed description.',12,1),(439,'2018-06-14 03:25:10','122','places/None/mukteshwar_templ.jpg',1,'Added.',9,1),(440,'2018-06-14 03:25:39','123','places/None/mukteshwar-temple.jpg',1,'Added.',9,1),(441,'2018-06-14 03:26:06','6','Mukteshwar Temple',1,'Added.',18,1),(442,'2018-06-14 07:03:18','3','Indian Veterinary Research Institute',2,'Changed how_to_reach.',20,2),(443,'2018-06-21 14:35:40','37','Gangotri',2,'Changed description.',12,2),(444,'2018-07-04 09:29:35','124','places/None/bright-end-corner-n-the_tripadvisor.jpg',1,'Added.',9,1),(445,'2018-07-04 09:29:45','125','places/None/a-view-of-almora_tripadvisor.jpg',1,'Added.',9,1),(446,'2018-07-04 09:30:32','4','Bright End Corner',1,'Added.',20,1),(447,'2018-07-05 09:08:16','126','places/None/deer-park-almora-ho-almora-tourist-attraction-9jcwmo5.jpg',1,'Added.',9,1),(448,'2018-07-05 09:09:05','5','Deer park, Almora',1,'Added.',20,1),(449,'2018-07-05 09:50:50','127','places/None/katarmal_sun_temple.jpg',1,'Added.',9,1),(450,'2018-07-05 09:51:26','7','Katarmal Sun Temple',1,'Added.',18,1),(451,'2018-07-05 11:43:40','128','places/None/kasar_devi.jpg',1,'Added.',9,1),(452,'2018-07-05 11:44:08','8','Kasar Devi Temple',1,'Added.',18,1),(453,'2018-07-06 13:58:18','129','places/None/DSC05651.JPG',1,'Added.',9,1),(454,'2018-07-06 13:59:23','6','Naukuchiatal',1,'Added.',20,1),(455,'2018-07-08 07:56:29','9','yamunotari',1,'Added.',18,2),(456,'2018-07-08 08:46:50','130','places/None/sattal-lake_tripadvisor.jpg',1,'Added.',9,1),(457,'2018-07-08 08:47:20','7','Sattal',1,'Added.',20,1),(458,'2018-07-08 09:22:39','7','Sattal',2,'No fields changed.',20,1),(459,'2018-07-08 09:38:41','7','Sattal',2,'Changed how_to_reach.',20,1),(460,'2018-07-08 09:40:10','131','places/None/bhimtal1.jpg',1,'Added.',9,1),(461,'2018-07-08 09:40:47','8','Bhimtal Lake',1,'Added.',20,1),(462,'2018-07-08 10:26:03','132','places/None/Bhulla_Tal_Lake_6QqnrZR.jpg',1,'Added.',9,1),(463,'2018-07-08 10:26:47','9','Bhullatal Lake',1,'Added.',20,1),(464,'2018-07-08 13:01:53','133','places/None/tip-in-top-point_trip_advisores.jpg',1,'Added.',9,1),(465,'2018-07-08 13:02:12','134','places/None/tip_n_top_trip_advisrss.jpg',1,'Added.',9,1),(466,'2018-07-08 13:02:38','10','Tip N Top',1,'Added.',20,1),(467,'2018-07-08 13:05:04','11','Lansdowne',2,'Changed destination.',12,1),(468,'2018-07-08 13:39:35','135','places/None/darwan-singh-museum_trip_adisore.jpg',1,'Added.',9,1),(469,'2018-07-08 13:40:01','11','Darwan Singh Museum',1,'Added.',20,1),(470,'2018-07-08 13:51:04','9','Bhullatal Lake',2,'Changed how_to_reach.',20,1),(471,'2018-07-08 13:53:06','10','Kot bhrahmari',1,'Added.',18,2),(472,'2018-07-08 13:53:24','11','Lansdowne',2,'Changed destination.',12,1),(473,'2018-07-08 14:01:27','11','Darwan Singh Museum',2,'No fields changed.',20,1),(474,'2018-07-08 14:51:33','136','places/None/Bhim_Pakora_theunknowntravellerindia.jpeg',1,'Added.',9,1),(475,'2018-07-08 14:52:08','12','Bhim Pakora',1,'Added.',20,1),(476,'2018-07-08 14:55:13','11','Lansdowne',2,'Changed destination.',12,1),(477,'2018-07-08 14:55:29','12','Bhim Pakora',2,'Changed description.',20,1),(478,'2018-07-08 19:22:27','9','yamunotari',2,'Changed description.',18,2),(479,'2018-07-08 19:24:39','10','Kot Bhrahmari',2,'Changed name.',18,2),(480,'2018-07-09 05:43:07','139','places/None/gaula_barrage_chardham.jpg',1,'Added.',9,1),(481,'2018-07-09 05:44:04','74','Hladwani',1,'Added.',10,1),(482,'2018-07-09 05:44:05','13','Gaula Barrage',1,'Added.',20,1),(483,'2018-07-09 05:44:25','42','Haldwani',2,'Changed destination.',12,1),(484,'2018-07-09 06:14:55','13','Gaula Barrage',2,'Changed how_to_reach.',20,1),(485,'2018-07-09 06:16:15','140','places/None/haidakhan_ashram_haldwani.jpg',1,'Added.',9,1),(486,'2018-07-09 06:16:43','14','Haidakhan Ashram',1,'Added.',20,1),(487,'2018-07-09 06:19:38','42','Haldwani',2,'Changed destination.',12,1),(488,'2018-07-09 06:40:31','14','Haidakhan Ashram',2,'Changed description and how_to_reach.',20,1),(489,'2018-07-09 12:50:51','141','places/None/Sanjay_Van.jpg',1,'Added.',9,1),(490,'2018-07-09 12:51:38','15','Sanjay Van',1,'Added.',20,1),(491,'2018-07-09 12:58:16','15','Sanjay Van',2,'Changed description.',20,1),(492,'2018-07-09 12:58:26','42','Haldwani',2,'Changed destination.',12,1),(493,'2018-07-09 18:55:28','11','Baijnath temple',1,'Added.',18,2),(494,'2018-07-10 02:40:37','74','Haldwani',2,'Changed name.',10,1),(495,'2018-07-10 02:40:44','199','199',1,'Added.',14,1),(496,'2018-07-10 02:42:08','75','SocialAwareness',1,'Added.',10,2),(497,'2018-07-10 05:38:48','142','places/None/Rishikesh_sophieleigh_N9NvSnb.JPG',1,'Added.',9,1),(498,'2018-07-10 05:39:24','16','Laxman Jhula',1,'Added.',20,1),(499,'2018-07-10 06:40:38','143','places/None/rishikesh_prachi__wanderlust_HgInrFG.JPG',1,'Added.',9,1),(500,'2018-07-10 06:40:57','17','Triveni Ghat',1,'Added.',20,1),(501,'2018-07-10 12:47:12','16','Laxman Jhula',2,'Changed how_to_reach.',20,2),(502,'2018-07-10 12:48:30','14','Haidakhan Ashram',2,'Changed description.',20,2),(503,'2018-07-10 12:49:38','17','Triveni Ghat',2,'Changed how_to_reach.',20,2),(504,'2018-07-10 12:50:39','15','Sanjay Van',2,'Changed description.',20,2),(505,'2018-07-10 12:51:01','13','Gaula Barrage',2,'Changed description.',20,2),(506,'2018-07-10 19:06:26','144','places/None/Bealtes_ashram_marliinuss.png',1,'Added.',9,1),(507,'2018-07-10 19:06:51','145','places/None/bealtes_ashram_karthi_kanmani.jpeg',1,'Added.',9,1),(508,'2018-07-10 19:07:04','18','Beatles Ashram',1,'Added.',20,1),(509,'2018-07-10 19:07:59','12','गंगोलीहाट',1,'Added.',18,2),(510,'2018-07-10 19:09:30','10','कोट भा्मरी',2,'Changed name and deity.',18,2),(511,'2018-07-11 15:16:02','12','गंगोलीहाट',2,'Changed image.',18,2),(512,'2018-07-11 15:23:46','12','गंगोलीहाट',2,'Changed image.',18,2),(513,'2018-07-11 15:23:58','12','गंगोलीहाट',2,'No fields changed.',18,2),(514,'2018-07-12 03:09:24','147','places/None/mussoorie_kemty_suddir_sd.JPG',1,'Added.',9,1),(515,'2018-07-12 03:15:58','19','Kempty Falls',1,'Added.',20,1),(516,'2018-07-12 03:30:16','19','Kempty Falls',2,'Changed description.',20,1),(517,'2018-07-12 06:05:49','19','Kempty Falls',2,'No fields changed.',20,1),(518,'2018-07-12 06:06:56','13','Mussoorie',2,'Changed description.',12,1),(519,'2018-07-12 06:12:56','76','Gairsain',1,'Added.',10,1),(520,'2018-07-12 06:13:27','10','Gairsain be the capital of Uttarakhand?',2,'Changed status and tag.',15,1),(521,'2018-07-12 06:31:51','10','Gairsain be the capital of Uttarakhand?',2,'Changed description, tag and view.',15,2),(522,'2018-07-12 06:43:24','148','places/None/Camelsbackroad.jpg',1,'Added.',9,1),(523,'2018-07-12 06:43:40','20','Camel Back Road',1,'Added.',20,1),(524,'2018-07-12 06:47:34','149','places/None/Gun_Hill_roohichhabra.jpeg',1,'Added.',9,1),(525,'2018-07-12 06:47:49','21','Gun Hill',1,'Added.',20,1),(526,'2018-07-12 09:08:47','150','places/None/lal-tibba-mussoorie_trip_advisore.jpg',1,'Added.',9,1),(527,'2018-07-12 09:15:20','22','Lal Tibba',1,'Added.',20,1),(528,'2018-07-12 14:13:14','151','places/None/Happy_Valley_Mussoorie.jpg',1,'Added.',9,1),(529,'2018-07-12 14:13:24','152','places/None/happy-valley.jpg',1,'Added.',9,1),(530,'2018-07-12 14:14:19','23','Happy Valley Mussoorie',1,'Added.',20,1),(531,'2018-07-12 15:23:40','11','Baijnath temple',2,'Changed image.',18,2),(532,'2018-07-12 15:23:57','10','कोट भा्मरी',2,'Changed image.',18,2),(533,'2018-07-12 15:24:08','9','yamunotari',2,'Changed image.',18,2),(534,'2018-07-12 15:24:24','12','गंगोलीहाट',2,'No fields changed.',18,2),(535,'2018-07-12 17:31:53','153','places/None/FB_IMG_1530464251718.jpg',1,'Added.',9,2),(536,'2018-07-12 17:32:41','13','Bagnath Temple',1,'Added.',18,2),(537,'2018-07-12 17:35:41','13','Bagnath Temple',2,'Changed slug.',18,2),(538,'2018-07-12 17:39:30','13','Bagnath Temple',2,'Changed description.',18,2),(539,'2018-07-12 18:16:10','39','Gairsain',2,'Changed tag.',12,1),(540,'2018-07-13 04:33:19','154','places/None/mussoorie_company_bag.jpg',1,'Added.',9,1),(541,'2018-07-13 04:33:20','24','Company Garden',1,'Added.',20,1),(542,'2018-07-14 02:25:17','13','Mussoorie',2,'Changed destination.',12,1),(543,'2018-07-14 02:30:36','21','Gun Hill',2,'No fields changed.',20,1),(544,'2018-07-14 03:18:40','155','places/None/nauti_village_1.jpg',1,'Added.',9,1),(545,'2018-07-14 03:18:48','156','places/None/nauti_village.jpg',1,'Added.',9,1),(546,'2018-07-14 03:19:32','25','Nauti Village',1,'Added.',20,1),(547,'2018-07-14 04:19:13','25','Dehradun',2,'Changed description, destination, tag, lat and lng.',12,1),(548,'2018-07-14 06:27:44','25','Dehradun',2,'Changed description and tag.',12,1),(549,'2018-07-14 06:36:44','25','Dehradun',2,'Changed description and tag.',12,1),(550,'2018-07-14 11:45:25','157','places/None/sahastradhara_swati8sharma.jpeg',1,'Added.',9,1),(551,'2018-07-14 11:45:50','158','places/None/sahastradhara_nawangsonamd.jpeg',1,'Added.',9,1),(552,'2018-07-14 11:45:55','26','Sahastradhara',1,'Added.',20,1),(553,'2018-07-15 09:38:05','159','places/None/profile_picture.png',1,'Added.',9,2),(554,'2018-07-15 17:51:58','160','places/None/FB_IMG_1531250180641.jpg',1,'Added.',9,2),(555,'2018-07-15 17:52:42','14','Gangotari',1,'Added.',18,2),(556,'2018-07-16 09:53:03','14','Gangotari',2,'Changed description.',18,2),(557,'2018-07-16 09:53:32','25','Nauti Village',2,'No fields changed.',20,2),(558,'2018-07-16 12:21:38','10','Gairsain be the capital of Uttarakhand?',2,'Changed status and image.',15,2),(559,'2018-07-16 17:12:08','165','places/None/FB_IMG_1530063332285.jpg',1,'Added.',9,2),(560,'2018-07-16 17:12:27','15','Kedarnath',1,'Added.',18,2),(561,'2018-07-16 17:51:39','166','places/None/FB_IMG_1531238919399.jpg',1,'Added.',9,2),(562,'2018-07-16 17:52:15','16','Dhari devi',1,'Added.',18,2),(563,'2018-07-17 06:16:54','137','http://www.uttarakhandtraveller.com/media/uploaded/accident2.jpg',3,'',9,2),(564,'2018-07-19 03:05:25','167','places/None/bhartu_r.jpg',1,'Added.',9,1),(565,'2018-07-19 03:05:57','27','Robber\'s Cave',1,'Added.',20,1),(566,'2018-07-19 05:05:59','28','Forest Research Institute (FRI)',1,'Added.',20,1),(567,'2018-07-19 05:10:53','28','Forest Research Institute (FRI)',2,'Changed description.',20,1),(568,'2018-07-19 06:11:47','31','Joshimath',2,'Changed destination.',12,1),(569,'2018-07-19 07:08:58','168','places/None/tapovan_tripadvior.jpg',1,'Added.',9,1),(570,'2018-07-19 07:09:12','169','places/None/tapovan-trek5-kuari-pass-.jpg',1,'Added.',9,1),(571,'2018-07-19 07:09:38','29','Tapovan Joshimath',1,'Added.',20,1),(572,'2018-07-19 07:09:58','31','Joshimath',2,'Changed description and destination.',12,1),(573,'2018-07-19 07:10:34','29','Tapovan Joshimath',2,'Changed description.',20,1),(574,'2018-07-19 12:43:42','170','places/None/lachhiwala_trip_advisore.jpg',1,'Added.',9,1),(575,'2018-07-19 12:43:59','171','places/None/lachhiwala_tripadvior.jpg',1,'Added.',9,1),(576,'2018-07-19 12:44:08','30','Lachhiwala',1,'Added.',20,1),(577,'2018-07-20 03:03:44','16','Dhari devi',2,'Changed deity and description.',18,1),(578,'2018-07-20 06:31:45','21','Munsiyari',2,'Changed description.',12,1),(579,'2018-07-20 06:38:26','21','Munsiyari',2,'Changed description.',12,1),(580,'2018-07-20 10:06:34','172','places/None/birthi_fall_shefali_0370.jpeg',1,'Added.',9,1),(581,'2018-07-20 17:35:49','77','Munsiyari',1,'Added.',10,1),(582,'2018-07-20 17:36:01','31','Birthi Falls',1,'Added.',20,1),(583,'2018-07-21 11:22:54','177','places/None/FB_IMG_1530433825327.jpg',1,'Added.',9,2),(584,'2018-07-21 11:33:30','17','Chitai temple',1,'Added.',18,2),(585,'2018-07-21 11:34:33','17','Chitai temple',2,'No fields changed.',18,2),(586,'2018-07-21 12:06:22','178','places/None/FB_IMG_1531402457789.jpg',1,'Added.',9,2),(587,'2018-07-21 12:06:47','18','Naina devi',1,'Added.',18,2),(588,'2018-07-21 12:14:30','21','Munsiyari',2,'Changed destination and tag.',12,1),(589,'2018-07-21 14:53:37','179','places/None/maheshwari-kund.jpg',1,'Added.',9,1),(590,'2018-07-21 14:54:42','32','Maheshwari Kund',1,'Added.',20,1),(591,'2018-07-22 04:50:06','17','Chitai Golu Temple',2,'Changed name.',18,2),(592,'2018-07-22 04:50:28','16','Dhari devi',2,'No fields changed.',18,2),(593,'2018-07-22 04:50:35','15','Kedarnath',2,'No fields changed.',18,2),(594,'2018-07-22 04:50:44','14','Gangotari',2,'No fields changed.',18,2),(595,'2018-07-22 05:26:03','15','Kedarnath',2,'Changed description.',18,1),(596,'2018-07-22 05:27:09','14','Gangotri',2,'Changed name, slug and description.',18,1),(597,'2018-07-22 06:32:25','180','places/None/traveling-is-my-passion.jpg',1,'Added.',9,1),(598,'2018-07-22 06:32:48','33','Tharmi Kund',1,'Added.',20,1),(599,'2018-07-22 07:03:51','33','Tharmi Kund',2,'Changed description.',20,1),(600,'2018-07-22 07:05:35','21','Munsiyari',2,'Changed description.',12,1),(601,'2018-07-22 07:58:20','18','Naina devi temple',2,'Changed name.',18,2),(602,'2018-07-22 07:58:39','16','Dhari devi temple',2,'Changed name.',18,2),(603,'2018-07-22 07:59:00','15','Kedarnath temple',2,'Changed name.',18,2),(604,'2018-07-22 07:59:22','14','Gangotri temple',2,'Changed name.',18,2),(605,'2018-07-22 08:01:36','12','Hat kalika devi temple',2,'Changed name, slug and deity.',18,2),(606,'2018-07-22 08:02:43','10','कोट भा्मरी देवी मंदिर',2,'Changed name.',18,2),(607,'2018-07-22 08:03:52','12','हाट कालिका देवी मंदिर',2,'Changed name and deity.',18,2),(608,'2018-07-22 08:04:46','13','बागनाथ मंदिर',2,'Changed name.',18,2),(609,'2018-07-22 08:07:25','165','places/165/FB_IMG_1527424028166.jpg',2,'Changed url.',9,2),(610,'2018-07-22 08:07:28','19','19',2,'No fields changed.',19,2),(611,'2018-07-22 08:07:54','153','places/153/FB_IMG_1530463902713.jpg',2,'Changed url.',9,2),(612,'2018-07-22 08:07:56','17','17',2,'No fields changed.',19,2),(613,'2018-07-22 08:10:34','181','places/None/FB_IMG_1530463362588.jpg',1,'Added.',9,2),(614,'2018-07-22 08:10:55','182','places/None/FB_IMG_1530463362588_bHQdpVT.jpg',1,'Added.',9,2),(615,'2018-07-22 08:10:58','12','हाट कालिका देवी मंदिर',2,'Changed image.',18,2),(616,'2018-07-22 08:14:02','160','places/160/IMG_1528507012382.jpg',2,'Changed url.',9,2),(617,'2018-07-22 08:14:04','18','18',2,'No fields changed.',19,2),(618,'2018-07-22 08:16:53','183','places/None/FB_IMG_15161999312862042.jpg',1,'Added.',9,2),(619,'2018-07-22 08:16:56','11','Baijnath temple',2,'Changed image.',18,2),(620,'2018-07-22 10:43:42','38','Bhowali',2,'Changed description.',12,2),(621,'2018-07-22 15:25:46','78','Alaknanda',1,'Added.',10,1),(622,'2018-07-22 15:26:04','11','Devprayag - My long lost village',2,'Changed description, status and tag.',15,1),(623,'2018-07-22 17:32:52','184','places/None/kot_brahmari.jpg',1,'Added.',9,1),(624,'2018-07-22 17:32:56','10','कोट भा्मरी देवी मंदिर',2,'Changed image.',18,1),(625,'2018-07-22 17:39:37','185','places/None/bajnath.jpg',1,'Added.',9,1),(626,'2018-07-22 17:39:55','11','Baijnath temple',2,'Changed image.',18,1),(627,'2018-07-22 17:52:13','186','places/None/baijnath_..jpg',1,'Added.',9,1),(628,'2018-07-22 17:52:45','11','Baijnath temple',2,'Changed image.',18,1),(629,'2018-07-22 17:58:19','1','Maa Purnagiri Temple',2,'Changed slug.',18,1),(630,'2018-07-22 18:04:52','187','places/None/yamunotri_templee.jpg',1,'Added.',9,1),(631,'2018-07-22 18:04:54','28','28',1,'Added.',19,1),(632,'2018-07-22 18:06:07','9','Yamunotri',2,'Changed name, slug, description and image.',18,1),(633,'2018-07-22 18:08:26','1','Maa Purnagiri Temple',2,'Changed description.',18,1),(634,'2018-07-22 18:09:29','2','Atariya Temple',2,'Changed description.',18,1),(635,'2018-07-22 18:10:42','3','Uma Devi Temple',2,'Changed description.',18,1),(636,'2018-07-22 18:11:27','4','Narsingh Temple',2,'Changed description.',18,1),(637,'2018-07-22 18:12:14','5','Surkhanda Devi Temple',2,'Changed description and image.',18,1),(638,'2018-07-22 18:12:50','6','Mukteshwar Temple',2,'Changed description.',18,1),(639,'2018-07-22 18:13:08','7','Katarmal Sun Temple',2,'Changed description.',18,1),(640,'2018-07-22 18:13:47','8','Kasar Devi Temple',2,'Changed description.',18,1),(641,'2018-07-22 20:22:55','9','Yamunotri',2,'Changed image.',18,2),(642,'2018-07-23 03:32:28','188','places/None/fri.jpg',1,'Added.',9,1),(643,'2018-07-23 03:32:36','27','Robber\'s Cave',2,'Changed image.',20,1),(644,'2018-07-23 03:33:17','27','Robber\'s Cave',2,'Changed image.',20,1),(645,'2018-07-23 03:33:35','189','places/None/fri_nnsaki1.jpg',1,'Added.',9,1),(646,'2018-07-23 03:33:52','28','Forest Research Institute (FRI)',2,'Changed image.',20,1),(647,'2018-07-23 05:58:56','129','places/129/n.jpg',2,'Changed url.',9,1),(648,'2018-07-23 05:59:00','11','11',2,'No fields changed.',21,1),(649,'2018-07-23 06:08:05','132','places/132/Bhulla_Tal_Lake.jpg',2,'Changed url.',9,1),(650,'2018-07-23 06:08:15','14','14',2,'No fields changed.',21,1),(651,'2018-07-23 06:09:25','17','places/17/edit_1.jpg',2,'Changed url.',9,1),(652,'2018-07-23 06:09:28','13','13',2,'No fields changed.',13,1),(653,'2018-07-23 06:32:13','12','Bhim Pakora',2,'Changed description and how_to_reach.',20,1),(654,'2018-07-23 06:34:01','2','Bhalu Gaad Waterfalls',2,'Changed description and how_to_reach.',20,1),(655,'2018-07-23 06:35:29','1','Chauli ki Jali',2,'Changed description and how_to_reach.',20,1),(656,'2018-07-23 06:36:19','10','Tip N Top',2,'Changed description and how_to_reach.',20,1),(657,'2018-07-23 06:36:34','24','Company Garden',2,'No fields changed.',20,1),(658,'2018-07-23 06:36:46','17','Triveni Ghat',2,'No fields changed.',20,1),(659,'2018-07-23 06:37:25','13','Gaula Barrage',2,'Changed description and how_to_reach.',20,1),(660,'2018-07-23 06:38:13','14','Haidakhan Ashram',2,'Changed description and how_to_reach.',20,1),(661,'2018-07-23 06:38:39','15','Sanjay Van',2,'Changed description and how_to_reach.',20,1),(662,'2018-07-23 06:38:53','16','Laxman Jhula',2,'No fields changed.',20,1),(663,'2018-07-23 06:39:39','7','Sattal',2,'Changed description and how_to_reach.',20,1),(664,'2018-07-23 19:02:50','12','TUNGNATH - THE SNOW TREK',2,'Changed title, description and tag.',15,1),(665,'2018-07-23 19:08:20','12','TUNGNATH - THE SNOW TREK',2,'Changed description.',15,1),(666,'2018-07-23 19:16:39','12','TUNGNATH - THE SNOW TREK',2,'Changed status.',15,1),(667,'2018-07-23 19:29:05','13','जो छूटा पहाड़ तो पाने को क्या जो हुआ',2,'Changed slug, description and tag.',15,2),(668,'2018-07-23 19:31:42','13','जो छूटा पहाड़ तो पाने को क्या जो हुआ',2,'No fields changed.',15,2),(669,'2018-07-23 19:34:03','13','जो छूटा पहाड़ तो पाने को क्या जो हुआ',2,'Changed status.',15,2),(670,'2018-07-23 19:38:25','13','जो छूटा पहाड़ तो पाने को क्या जो हुआ',2,'Changed status and view.',15,2),(671,'2018-07-24 02:54:18','12','TUNGNATH - THE SNOW TREK',2,'Changed status.',15,1),(672,'2018-07-25 03:15:38','12','TUNGNATH - THE SNOW TREK',2,'No fields changed.',15,2),(673,'2018-07-25 06:45:34','209','places/None/harsil_tripadvisor.jpg',1,'Added.',9,1),(674,'2018-07-25 06:46:38','210','places/None/harsil-trip_advisor.jpg',1,'Added.',9,1),(675,'2018-07-25 06:47:13','79','Gangotri',1,'Added.',10,1),(676,'2018-07-25 06:50:29','43','Harsil',1,'Added.',12,1),(677,'2018-07-25 14:52:16','14','Lets Rediscover Our Incredible Yoga Capital - RISHIKESH',2,'Changed description, status and tag.',15,2),(678,'2018-07-25 15:05:30','14','Lets Rediscover Our Incredible Yoga Capital - RISHIKESH',2,'Changed description.',15,2),(679,'2018-07-25 15:09:47','14','Lets Rediscover Our Incredible Yoga Capital - RISHIKESH',2,'Changed description.',15,2),(680,'2018-07-25 15:15:32','14','Lets Rediscover Our Incredible Yoga Capital - RISHIKESH',2,'Changed description and view.',15,2),(681,'2018-07-25 18:30:36','11','Devprayag - My long lost village',2,'No fields changed.',15,2),(682,'2018-07-25 18:30:49','14','Lets Rediscover Our Incredible Yoga Capital - RISHIKESH',2,'No fields changed.',15,2),(683,'2018-07-26 17:29:35','18','Naina Devi Temple',2,'Changed name.',18,2),(684,'2018-07-26 18:14:15','15','A glimpse of NEELKANTH MAHADEV temple',2,'Changed description and tag.',15,1),(685,'2018-07-27 14:54:22','15','A glimpse of NEELKANTH MAHADEV temple',2,'No fields changed.',15,2),(686,'2018-07-27 14:54:30','15','A glimpse of NEELKANTH MAHADEV temple',2,'Changed status.',15,2),(687,'2018-07-27 14:55:32','15','A glimpse of NEELKANTH MAHADEV temple',2,'Changed description.',15,2),(688,'2018-07-29 04:29:16','33','Thamri Kund',2,'Changed name, slug and description.',20,2),(689,'2018-07-29 21:12:02','1','1',1,'Added.',26,2),(690,'2018-07-29 21:12:54','2','2',1,'Added.',26,2),(691,'2018-07-30 02:36:45','3','3',1,'Added.',26,2),(692,'2018-07-30 04:44:08','4','4',1,'Added.',26,2),(693,'2018-07-30 04:44:31','5','5',1,'Added.',26,2),(694,'2018-07-30 05:22:35','6','6',1,'Added.',26,2),(695,'2018-07-30 05:24:34','7','7',1,'Added.',26,2),(696,'2018-07-30 12:35:18','13','जो छूटा पहाड़ तो पाने को क्या जो हुआ',2,'Changed status.',15,2),(697,'2018-07-30 12:36:15','13','जो छूटा पहाड़ तो पाने को क्या जो हुआ',2,'Changed status.',15,2),(698,'2018-07-31 15:35:25','16','Demo article',2,'Changed description, status and tag.',15,2),(699,'2018-07-31 15:36:26','16','Demo article',3,'',15,2),(700,'2018-07-31 15:42:13','219','http://www.uttarakhandtraveller.com/media/uploaded/post_16_llpzml5AGFIAmXr.png',3,'',9,2),(701,'2018-07-31 15:42:13','218','http://www.uttarakhandtraveller.com/media/uploaded/post_16_xnjo9cIgcEElOND.png',3,'',9,2),(702,'2018-07-31 16:53:29','19','',3,'',15,2),(703,'2018-07-31 16:53:29','17','',3,'',15,2),(704,'2018-07-31 16:54:32','8','8',1,'Added.',26,2),(705,'2018-07-31 17:00:55','222','http://www.uttarakhandtraveller.com/media/uploaded/post_19_noEahPSOaOvqxgd.jpeg',3,'',9,2),(706,'2018-07-31 17:00:55','220','http://www.uttarakhandtraveller.com/media/uploaded/post_17_OeyKuFMHM3K6rPd.jpeg',3,'',9,2),(707,'2018-07-31 17:01:45','18','All weather roads: Are they really a blessing to Uttarakhand?',2,'Changed slug, description and tag.',15,2),(708,'2018-08-01 02:07:11','18','All weather roads: Are they really a blessing to Uttarakhand?',2,'Changed description and status.',15,1),(709,'2018-08-01 02:07:56','9','9',1,'Added.',26,1),(710,'2018-08-01 04:59:12','223','places/None/shivpuri.jpg',1,'Added.',9,1),(711,'2018-08-01 04:59:54','80','Haridwar',1,'Added.',10,1),(712,'2018-08-01 04:59:59','34','Shivpuri',1,'Added.',20,1),(713,'2018-08-01 05:01:56','14','Rishikesh',2,'Changed description and destination.',12,1),(714,'2018-08-01 05:23:26','14','Rishikesh',2,'Changed description.',12,1),(715,'2018-08-01 05:25:23','34','Rudraprayag',2,'Changed description and destination.',12,1),(716,'2018-08-01 06:33:44','224','places/None/choptaa.jpg',1,'Added.',9,1),(717,'2018-08-01 06:34:03','225','places/None/chopta.jpg',1,'Added.',9,1),(718,'2018-08-01 06:34:15','226','places/None/trek_0.jpg',1,'Added.',9,1),(719,'2018-08-01 06:37:17','44','Chopta',1,'Added.',12,1),(720,'2018-08-02 03:09:07','18','All weather roads: Are they really a blessing to Uttarakhand?',2,'Changed status.',15,1),(721,'2018-08-02 03:14:30','10','10',1,'Added.',26,1),(722,'2018-08-02 03:17:14','18','All weather roads: Are they really a blessing to Uttarakhand?',2,'No fields changed.',15,1),(723,'2018-08-02 08:15:13','227','places/None/khaliya.jpg',1,'Added.',9,1),(724,'2018-08-02 08:15:28','228','places/None/start-point-Khaliya-top-trek-Munsiyari.jpg',1,'Added.',9,1),(725,'2018-08-02 08:16:05','35','Khaliya Top',1,'Added.',20,1),(726,'2018-08-03 07:26:05','229','places/None/dol_i.jpg',1,'Added.',9,1),(727,'2018-08-03 07:26:16','230','places/None/dol.jpg',1,'Added.',9,1),(728,'2018-08-03 07:26:40','81','KasarDevi',1,'Added.',10,1),(729,'2018-08-03 07:26:43','36','Dol Ashram (Kalyanika Himalaya Dev Sthanam)',1,'Added.',20,1),(730,'2018-08-03 09:19:41','231','places/None/rishi.jpg',1,'Added.',9,1),(731,'2018-08-03 09:20:35','19','trayambakeshwar temple',1,'Added.',18,1),(732,'2018-08-05 03:59:58','13','जो छूटा पहाड़ तो पाने को क्या जो हुआ',2,'Changed description and status.',15,2),(733,'2018-08-05 12:11:49','237','thumbnail/large/Screenshot_from_2018-08-05_15-29-14_BH4ryeR.png',1,'Added.',9,2),(734,'2018-08-05 18:40:49','238','places/None/screenshot.jpg',1,'Added.',9,2),(735,'2018-08-05 18:41:15','238','places/None/screenshot.jpg',3,'',9,2),(736,'2018-08-05 18:41:15','237','thumbnail/large/Screenshot_from_2018-08-05_15-29-14_BH4ryeR.png',3,'',9,2),(737,'2018-08-06 08:34:38','5','Deer park',2,'Changed name.',20,2),(738,'2018-08-06 20:04:19','239','thumbnail/large/ram_jhula.jpg',1,'Added.',9,1),(739,'2018-08-06 20:04:54','37','Ram Jhula',1,'Added.',20,1),(740,'2018-08-07 03:54:21','35','Khaliya Top',2,'Changed description.',20,1),(741,'2018-08-07 06:45:56','240','places/None/picsart_1435917694297_1.jpg',1,'Added.',9,1),(742,'2018-08-07 06:46:09','241','places/None/george.jpg',1,'Added.',9,1),(743,'2018-08-07 06:46:20','242','places/None/george-camp.jpg',1,'Added.',9,1),(744,'2018-08-07 06:46:29','38','George Everest Peak',1,'Added.',20,1),(745,'2018-08-07 06:49:59','38','George Everest Peak',2,'Changed description.',20,1),(746,'2018-08-07 10:20:57','11','11',1,'Added.',26,2),(747,'2018-08-08 07:12:56','243','thumbnail/large/valley-of-flowers_trip_advisor.jpg',1,'Added.',9,1),(748,'2018-08-08 07:13:14','244','thumbnail/large/valley_of_flower_neha_singh.jpg',1,'Added.',9,1),(749,'2018-08-08 07:13:23','245','thumbnail/large/valley_of_flower.jpg',1,'Added.',9,1),(750,'2018-08-08 07:13:43','246','thumbnail/large/valley_of_flower_WS8xjSB.jpg',1,'Added.',9,1),(751,'2018-08-08 07:14:06','82','ValleyOfFllowers',1,'Added.',10,1),(752,'2018-08-08 07:17:16','45','Valley Of Flowers',1,'Added.',12,1),(753,'2018-08-11 05:11:44','251','thumbnail/large/chandrashila.jpg',1,'Added.',9,1),(754,'2018-08-11 05:34:24','252','thumbnail/large/IMG_20180317_1546071.jpg',1,'Added.',9,1),(755,'2018-08-11 05:35:23','39','Chandrashila Top',1,'Added.',20,1),(756,'2018-08-13 09:04:16','9','Gopeshwar',2,'Changed description and destination.',12,1),(757,'2018-08-13 09:25:14','253','places/None/gopinath_temple.jpg',1,'Added.',9,1),(758,'2018-08-13 09:25:25','254','thumbnail/large/gopinath_temple_1.jpg',1,'Added.',9,1),(759,'2018-08-13 09:25:51','83','Gopeshwar',1,'Added.',10,1),(760,'2018-08-13 09:25:58','20','Gopinath Temple',1,'Added.',18,1),(761,'2018-08-18 16:55:33','21','Uttarakhand',3,'',15,2),(762,'2018-08-18 16:55:33','20','Uttarakhand the land of Gods',3,'',15,2),(763,'2018-09-05 18:59:47','1','Chopta',1,'Added.',27,2),(764,'2018-09-05 20:17:34','1','Chopta',2,'Changed detail.',27,1),(765,'2018-09-05 20:18:25','2','Rishikesh',1,'Added.',27,1),(766,'2018-09-05 20:20:56','3','Valley Of Flowers',1,'Added.',27,1),(767,'2018-09-05 20:23:40','4','Lansdowne',1,'Added.',27,1),(768,'2018-09-05 20:24:41','5','Harsil',1,'Added.',27,1),(769,'2018-09-05 20:25:58','6','Munsiyari',1,'Added.',27,1),(770,'2018-09-06 15:52:38','40','Bhimtal',2,'Changed description and destination.',12,1),(771,'2018-09-06 15:53:39','7','Bhimtal',1,'Added.',27,1),(772,'2018-09-11 16:33:24','8','A Spot: Chandrashila Top',1,'Added.',27,2),(773,'2018-09-12 05:34:54','9','A Spot: Naukuchiatal',1,'Added.',27,1),(774,'2018-09-12 05:35:07','9','A Spot: Naukuchiatal',2,'Changed detail.',27,1),(775,'2018-09-12 05:35:47','6','Naukuchiatal',2,'Changed description and how_to_reach.',20,1),(776,'2018-09-13 06:51:01','7','Sattal',2,'Changed description.',20,1),(777,'2018-09-13 06:51:22','10','A Spot: Sattal',1,'Added.',27,1),(778,'2018-09-13 06:52:32','10','A Spot: Sattal',2,'Changed detail.',27,1),(779,'2018-09-13 06:52:49','7','Sattal',2,'Changed description.',20,1),(780,'2018-09-13 07:50:38','34','Shivpuri',2,'Changed description.',20,1),(781,'2018-09-13 07:50:57','11','A Spot: Shivpuri',1,'Added.',27,1),(782,'2018-09-13 09:05:39','31','Birthi Falls',2,'Changed description.',20,1),(783,'2018-09-13 09:06:00','12','A Spot: Birthi Falls',1,'Added.',27,1),(784,'2018-09-13 09:06:42','31','Birthi Falls',2,'Changed description.',20,1),(785,'2018-09-13 15:43:23','13','A Spot: Khaliya Top',1,'Added.',27,1),(786,'2018-09-13 15:44:01','14','A Spot: George Everest Peak',1,'Added.',27,1),(787,'2018-09-13 15:45:04','15','A Spot: Thamri Kund',1,'Added.',27,1),(788,'2018-09-13 15:46:55','30','Lachhiwala',2,'Changed description.',20,1),(789,'2018-09-13 15:47:08','16','A Spot: Lachhiwala',1,'Added.',27,1),(790,'2018-09-14 05:35:58','11','Lansdowne',2,'Changed description.',12,1),(791,'2018-09-14 05:39:49','11','Lansdowne',2,'Changed description and destination.',12,1),(792,'2018-09-14 07:01:00','12','Pauri',2,'Changed description and destination.',12,1),(793,'2018-09-14 07:11:51','17','A Place: Pauri',1,'Added.',27,2),(794,'2018-09-14 07:47:07','4','A Place: Lansdowne',2,'Changed detail.',27,1),(795,'2018-09-14 10:12:17','26','Sahastradhara',2,'Changed description.',20,1),(796,'2018-09-14 10:12:39','18','A Spot: Sahastradhara',1,'Added.',27,1),(797,'2018-09-14 10:13:42','27','Robber\'s Cave',2,'No fields changed.',20,1),(798,'2018-09-14 10:15:59','167','places/167/robber-s-cave.jpg',2,'Changed url.',9,1),(799,'2018-09-14 10:16:03','47','47',2,'No fields changed.',21,1),(800,'2018-09-14 10:29:23','27','Robber\'s Cave',2,'Changed description.',20,1),(801,'2018-09-14 10:30:30','19','A Spot: Robber\'s Cave',1,'Added.',27,1),(802,'2018-09-14 11:11:15','25','Dehradun',2,'Changed description and tag.',12,1),(803,'2018-09-14 11:11:44','20','A Place: Dehradun',1,'Added.',27,1),(804,'2018-09-14 13:28:18','28','Forest Research Institute (FRI)',2,'Changed description.',20,1),(805,'2018-09-14 13:28:44','20','A Place: Dehradun',2,'No fields changed.',27,1),(806,'2018-09-14 13:29:02','21','A Spot: Forest Research Institute (FRI)',1,'Added.',27,1),(807,'2018-09-14 13:29:38','28','Forest Research Institute (FRI)',2,'No fields changed.',20,1),(808,'2018-09-15 13:08:27','41','Srinagar',2,'Changed description and destination.',12,1),(809,'2018-09-15 13:09:46','22','A Place: Srinagar',1,'Added.',27,1),(810,'2018-09-15 13:27:34','23','A Spot: Bhullatal Lake',1,'Added.',27,1),(811,'2018-09-15 13:28:52','9','Bhullatal Lake',2,'Changed description and how_to_reach.',20,1),(812,'2018-09-15 13:36:56','24','A Spot: Tip N Top',1,'Added.',27,1),(813,'2018-09-15 13:37:47','10','Tip N Top',2,'Changed description.',20,1),(814,'2018-09-15 13:40:46','39','Chandrashila Top',2,'No fields changed.',20,1),(815,'2018-09-15 13:41:49','25','A Place: Tungnath Temple',1,'Added.',27,1),(816,'2018-09-15 13:43:45','6','Tungnath Temple',2,'Changed description.',12,1),(817,'2018-09-15 14:07:19','38','Bhowali',2,'Changed description and destination.',12,1),(818,'2018-09-15 14:07:42','26','A Place: Bhowali',1,'Added.',27,1),(819,'2018-09-15 14:08:40','26','A Place: Bhowali',2,'Changed detail.',27,1),(820,'2018-09-15 14:09:10','38','Bhowali',2,'Changed description.',12,1),(821,'2018-09-15 14:15:54','26','A Place: Bhowali',2,'Changed detail.',27,1),(822,'2018-09-15 14:16:23','38','Bhowali',2,'Changed description.',12,1),(823,'2018-09-15 14:43:58','20','Almora',2,'Changed description.',12,1),(824,'2018-09-15 14:44:22','27','A Place: Almora',1,'Added.',27,1),(825,'2018-09-15 14:53:44','27','A Place: Almora',2,'No fields changed.',27,1),(826,'2018-09-15 16:39:08','28','A Place: Ranikhet',1,'Added.',27,1),(827,'2018-09-15 16:39:51','3','Ranikhet',2,'Changed description.',12,1),(828,'2018-09-16 03:44:19','29','A Place: Rudraprayag',1,'Added.',27,1),(829,'2018-09-16 03:45:44','34','Rudraprayag',2,'Changed description and destination.',12,1),(830,'2018-09-16 03:49:52','39','Gairsain',2,'Changed description and destination.',12,1),(831,'2018-09-16 03:50:21','30','A Place: Gairsain',1,'Added.',27,1),(832,'2018-09-16 03:55:02','2','Bageshwar',2,'Changed description and destination.',12,1),(833,'2018-09-16 03:55:13','31','A Place: Bageshwar',1,'Added.',27,1),(834,'2018-09-16 04:06:30','42','Haldwani',2,'Changed description.',12,1),(835,'2018-09-16 04:06:45','32','A Place: Haldwani',1,'Added.',27,1),(836,'2018-09-16 04:06:56','32','A Place: Haldwani',2,'Changed detail.',27,1),(837,'2018-09-16 04:42:52','33','A Place: Kirti Nagar',1,'Added.',27,1),(838,'2018-09-16 05:02:29','34','A Place: Uttarkashi',1,'Added.',27,1),(839,'2018-09-16 05:10:44','35','A Place: Gangotri',1,'Added.',27,1),(840,'2018-09-16 05:28:28','36','A Place: Badrinath',1,'Added.',27,1),(841,'2018-09-16 05:30:17','36','A Place: Badrinath',2,'Changed detail.',27,1),(842,'2018-09-16 12:03:03','37','A Place: Mukteshwar',1,'Added.',27,2),(843,'2018-09-16 12:08:48','38','A Place: Kausani',1,'Added.',27,2),(844,'2018-09-16 12:09:46','38','A Place: Kausani',2,'Changed detail.',27,2),(845,'2018-09-16 12:12:22','39','A Place: Pithoragarh',1,'Added.',27,2),(846,'2018-09-16 12:19:08','255','thumbnail/large/Kedarnath.jpg',1,'Added.',9,2),(847,'2018-09-16 12:22:02','46','Kedarnath',1,'Added.',12,2),(848,'2018-09-16 12:22:45','46','Kedarnath',2,'Changed status.',12,2),(849,'2018-09-16 12:26:59','40','A Place: Kedarnath',1,'Added.',27,2),(850,'2018-09-16 13:12:00','41','A Place: Nainital',1,'Added.',27,1),(851,'2018-09-16 13:41:37','42','A Place: Mussoorie',1,'Added.',27,1),(852,'2018-09-16 14:04:17','256','places/None/uktrav_ad.jpg',1,'Added.',9,2),(853,'2018-09-16 14:15:07','257','places/None/blank_ad.jpg',1,'Added.',9,2),(854,'2018-09-16 15:24:36','258','places/None/ukrav_ad_mobile.jpg',1,'Added.',9,2),(855,'2018-09-16 15:24:50','259','places/None/blank_ad_mobile.jpg',1,'Added.',9,2),(856,'2018-09-16 18:47:15','44','A Place: Auli',1,'Added.',27,1),(857,'2018-09-16 19:01:33','45','A Place: Joshimath',1,'Added.',27,1),(858,'2018-09-16 19:05:21','46','A Place: Tehri Garhwal',1,'Added.',27,1),(859,'2018-09-17 05:25:12','2','Bhartendu Mehta',2,'Changed description.',8,1),(860,'2018-10-29 16:11:43','13','जो छूटा पहाड़ तो पाने को क्या जो हुआ',2,'Changed status.',15,2),(861,'2019-05-07 09:16:38','260','places/None/adventurer.png',1,'Added.',9,2),(862,'2019-05-07 11:44:29','261','places/None/10889.png',1,'Added.',9,2),(863,'2019-05-07 16:40:07','262','places/None/149049.png',1,'Added.',9,2),(864,'2019-05-08 01:53:35','19','Why Should you go to trek with us?',2,'Changed description, status and tag.',15,2),(865,'2019-05-08 03:48:27','19','Why Should you go to trek with us?',2,'Changed image_url.',15,2),(866,'2019-05-08 04:07:32','19','Why Should you go to trek with us?',2,'Changed description.',15,2),(867,'2019-05-08 04:08:07','19','Why Should you go to trek with us?',2,'Changed description.',15,2),(868,'2019-05-08 04:27:07','20','How to choose a trek this season?',2,'Changed title, description, status and tag.',15,2),(869,'2019-05-08 04:28:19','20','How to choose a trek?',2,'Changed title and slug.',15,2),(870,'2019-05-08 04:33:41','20','How to choose a trek?',2,'Changed type.',15,2),(871,'2019-05-08 04:33:48','19','Why Should you go to trek with us?',2,'Changed type.',15,2),(872,'2019-05-08 07:38:10','19','Why Should you go to trek with us?',2,'Changed image_url.',15,2),(873,'2019-05-08 07:38:39','19','Why Should you go to trek with us?',2,'Changed image_url.',15,2),(874,'2019-05-17 17:48:43','264','thumbnail/large/satopanth1.jpg',1,'Added.',9,2),(875,'2019-05-17 18:06:12','1','Satopanth Lake',1,'Added.',28,2),(876,'2019-05-17 18:07:52','265','thumbnail/large/9DE97FC0E1B6D66398AAF64ECE0C2230.jpg',1,'Added.',9,2),(877,'2019-05-17 18:07:58','1','Satopanth Lake',2,'Changed image.',28,2),(878,'2019-05-17 18:09:48','266','thumbnail/large/IMG_20190512_085933.jpg',1,'Added.',9,2),(879,'2019-05-17 18:10:13','267','thumbnail/large/IMG_20190512_093252.jpg',1,'Added.',9,2),(880,'2019-05-17 18:10:16','1','Satopanth Lake',2,'Changed image.',28,2),(881,'2019-05-17 18:33:30','84','GoriGanga',1,'Added.',10,2),(882,'2019-05-17 18:53:24','268','thumbnail/large/58858039_993241650880111_5895238528140312576_o.jpg',1,'Added.',9,2),(883,'2019-05-17 18:53:49','269','thumbnail/large/60353627_335737483757519_712039327806259200_o.jpg',1,'Added.',9,2),(884,'2019-05-17 18:53:56','2','Milam Glacier Trek',1,'Added.',28,2),(885,'2019-05-17 18:57:40','270','thumbnail/large/SAVE_20190501_175036.jpeg',1,'Added.',9,2),(886,'2019-05-17 18:58:26','271','thumbnail/large/SAVE_20190501_175036_RtadECc.jpeg',1,'Added.',9,2),(887,'2019-05-17 18:59:01','272','thumbnail/large/SAVE_20190501_175036_INrSVxz.jpeg',1,'Added.',9,2),(888,'2019-05-17 18:59:24','273','thumbnail/large/SAVE_20190501_175100.jpeg',1,'Added.',9,2),(889,'2019-05-17 19:00:58','274','thumbnail/large/IMG_20190501_071956.jpg',1,'Added.',9,2),(890,'2019-05-17 19:01:02','2','Milam Glacier Trek',2,'Changed image.',28,2),(891,'2019-05-17 19:06:36','273','places/273/SAVE_20190501_175100.jpeg',2,'Changed url.',9,2),(892,'2019-05-17 19:07:03','272','places/272/SAVE_20190501_175036_INrSVxz.jpeg',2,'Changed url.',9,2),(893,'2019-05-18 02:43:45','2','Milam Glacier',2,'Changed name and slug.',28,2),(894,'2019-05-18 03:13:59','275','thumbnail/large/IMG_20190504_132707.jpg',1,'Added.',9,2),(895,'2019-05-18 03:31:10','276','thumbnail/large/IMG_20190518_083550.jpg',1,'Added.',9,2),(896,'2019-05-18 03:36:31','277','thumbnail/large/IMG_20190513_100236.jpg',1,'Added.',9,2),(897,'2019-05-18 04:05:56','3','Valley of flowers',1,'Added.',28,2),(898,'2019-05-18 04:06:36','3','Valley of flowers',2,'Changed image.',28,2),(899,'2019-05-21 18:20:19','278','thumbnail/large/pindari1.jpg',1,'Added.',9,2),(900,'2019-05-21 18:20:27','279','places/None/pindari2.jpg',1,'Added.',9,2),(901,'2019-05-21 18:20:51','280','thumbnail/large/pindari3.jpg',1,'Added.',9,2),(902,'2019-05-21 18:21:31','4','Pindari Glacier',1,'Added.',28,2),(903,'2019-05-21 18:26:40','279','places/279/IMG_20190519_112356.jpg',2,'Changed url.',9,2),(904,'2019-05-21 18:29:42','281','thumbnail/large/IMG_20190224_152831.jpg',1,'Added.',9,2),(905,'2019-05-21 18:29:44','4','Pindari Glacier',2,'Changed image.',28,2),(906,'2019-05-22 09:35:18','4','Pindari Glacier',2,'Changed advice.',28,2),(907,'2019-05-22 09:39:09','4','Pindari Glacier',2,'Changed advice.',28,2),(908,'2019-05-23 18:33:48','282','thumbnail/large/Screenshot_2019-05-23-23-43-20-075_com.google.earth.png',1,'Added.',9,2),(909,'2019-05-23 19:16:44','1','Satopanth Lake',2,'Changed route_image.',28,2),(910,'2019-05-23 19:22:03','2','Milam Glacier',2,'Changed route_image.',28,2),(911,'2019-05-23 19:24:19','4','Pindari Glacier',2,'Changed route_image.',28,2),(912,'2019-05-23 19:24:37','3','Valley of flowers',2,'Changed route_image.',28,2),(913,'2019-05-23 19:29:50','3','Valley of flowers',2,'Changed advice.',28,2),(914,'2019-05-23 19:31:25','2','Milam Glacier',2,'Changed advice.',28,2),(915,'2019-05-23 19:33:39','1','Satopanth Lake',2,'Changed advice.',28,2);
/*!40000 ALTER TABLE `django_admin_log` ENABLE KEYS */;
UNLOCK TABLES;

--
-- Table structure for table `django_content_type`
--

DROP TABLE IF EXISTS `django_content_type`;
/*!40101 SET @saved_cs_client     = @@character_set_client */;
/*!40101 SET character_set_client = utf8 */;
CREATE TABLE `django_content_type` (
  `id` int(11) NOT NULL AUTO_INCREMENT,
  `app_label` varchar(100) NOT NULL,
  `model` varchar(100) NOT NULL,
  PRIMARY KEY (`id`),
  UNIQUE KEY `django_content_type_app_label_76bd3d3b_uniq` (`app_label`,`model`)
) ENGINE=InnoDB AUTO_INCREMENT=29 DEFAULT CHARSET=utf8;
/*!40101 SET character_set_client = @saved_cs_client */;

--
-- Dumping data for table `django_content_type`
--

LOCK TABLES `django_content_type` WRITE;
/*!40000 ALTER TABLE `django_content_type` DISABLE KEYS */;
INSERT INTO `django_content_type` VALUES (1,'admin','logentry'),(4,'auth','group'),(3,'auth','permission'),(5,'auth','user'),(17,'authtoken','token'),(24,'blog','photobank'),(15,'blog','post'),(25,'blog','postimage'),(26,'blog','postnotification'),(16,'blog','posttag'),(6,'contenttypes','contenttype'),(2,'sessions','session'),(11,'tourism','district'),(9,'tourism','image'),(12,'tourism','place'),(27,'tourism','placebesttime'),(13,'tourism','placeimage'),(14,'tourism','placetag'),(20,'tourism','spot'),(21,'tourism','spotimage'),(23,'tourism','spottag'),(10,'tourism','tag'),(18,'tourism','temple'),(19,'tourism','templeimage'),(22,'tourism','templetag'),(28,'tourism','trek'),(8,'users','blogger'),(7,'users','user');
/*!40000 ALTER TABLE `django_content_type` ENABLE KEYS */;
UNLOCK TABLES;

--
-- Table structure for table `django_migrations`
--

DROP TABLE IF EXISTS `django_migrations`;
/*!40101 SET @saved_cs_client     = @@character_set_client */;
/*!40101 SET character_set_client = utf8 */;
CREATE TABLE `django_migrations` (
  `id` int(11) NOT NULL AUTO_INCREMENT,
  `app` varchar(255) NOT NULL,
  `name` varchar(255) NOT NULL,
  `applied` datetime NOT NULL,
  PRIMARY KEY (`id`)
) ENGINE=InnoDB AUTO_INCREMENT=23 DEFAULT CHARSET=utf8;
/*!40101 SET character_set_client = @saved_cs_client */;

--
-- Dumping data for table `django_migrations`
--

LOCK TABLES `django_migrations` WRITE;
/*!40000 ALTER TABLE `django_migrations` DISABLE KEYS */;
INSERT INTO `django_migrations` VALUES (1,'contenttypes','0001_initial','2018-01-23 18:06:50'),(2,'auth','0001_initial','2018-01-23 18:06:50'),(3,'admin','0001_initial','2018-01-23 18:06:51'),(4,'admin','0002_logentry_remove_auto_add','2018-01-23 18:06:51'),(5,'contenttypes','0002_remove_content_type_name','2018-01-23 18:06:51'),(6,'auth','0002_alter_permission_name_max_length','2018-01-23 18:06:51'),(7,'auth','0003_alter_user_email_max_length','2018-01-23 18:06:51'),(8,'auth','0004_alter_user_username_opts','2018-01-23 18:06:51'),(9,'auth','0005_alter_user_last_login_null','2018-01-23 18:06:51'),(10,'auth','0006_require_contenttypes_0002','2018-01-23 18:06:51'),(11,'auth','0007_alter_validators_add_error_messages','2018-01-23 18:06:51'),(12,'authtoken','0001_initial','2018-01-23 18:06:51'),(13,'authtoken','0002_auto_20160226_1747','2018-01-23 18:06:51'),(14,'blog','0001_initial','2018-01-23 18:06:51'),(15,'sessions','0001_initial','2018-01-23 18:06:51'),(16,'tourism','0001_initial','2018-01-23 18:06:51'),(17,'tourism','0002_district','2018-01-23 18:06:51'),(18,'users','0001_initial','2018-01-23 18:06:51'),(19,'blog','0002_photobank_postimage','2018-07-10 07:14:40'),(20,'tourism','0003_auto_20180526_1328','2018-07-10 07:14:40'),(21,'tourism','0004_auto_20180526_1328','2018-07-10 07:14:40'),(22,'tourism','0005_spot_spotimage_spottag','2018-07-10 07:14:40');
/*!40000 ALTER TABLE `django_migrations` ENABLE KEYS */;
UNLOCK TABLES;

--
-- Table structure for table `django_session`
--

DROP TABLE IF EXISTS `django_session`;
/*!40101 SET @saved_cs_client     = @@character_set_client */;
/*!40101 SET character_set_client = utf8 */;
CREATE TABLE `django_session` (
  `session_key` varchar(40) NOT NULL,
  `session_data` longtext NOT NULL,
  `expire_date` datetime NOT NULL,
  PRIMARY KEY (`session_key`),
  KEY `django_session_de54fa62` (`expire_date`)
) ENGINE=InnoDB DEFAULT CHARSET=utf8;
/*!40101 SET character_set_client = @saved_cs_client */;

--
-- Dumping data for table `django_session`
--

LOCK TABLES `django_session` WRITE;
/*!40000 ALTER TABLE `django_session` DISABLE KEYS */;
INSERT INTO `django_session` VALUES ('03zqljpqumanyuc4s7uzr85dn461gudj','Mjg2ZDM0N2ZiZTE1ZmNkNjkxMDU2ZWVhZThhYTU0YjhiOWU2MjEyODp7Il9hdXRoX3VzZXJfaGFzaCI6ImI3ZDdiY2RkMzU5MDE4OTU2MjY0OGM5MWU2NWI2ZDUyOTFkM2Q3MDQiLCJfYXV0aF91c2VyX2JhY2tlbmQiOiJkamFuZ28uY29udHJpYi5hdXRoLmJhY2tlbmRzLk1vZGVsQmFja2VuZCIsIl9hdXRoX3VzZXJfaWQiOiIxIn0=','2018-10-21 02:16:52'),('04zgtoajyn73umrvubbbi5zveggeqz0p','MWY4ZjEyNTRjZDJkM2YxYjFkMGY3Y2RkMDgzODYzNjVlMGNjYzMwZjp7Il9hdXRoX3VzZXJfaGFzaCI6Ijc0OTZkZDY2NGMyZjVhM2Q2OTExOTgzMmFmNTA3MTQwNjE0ZDE3NWUiLCJfYXV0aF91c2VyX2JhY2tlbmQiOiJkamFuZ28uY29udHJpYi5hdXRoLmJhY2tlbmRzLk1vZGVsQmFja2VuZCIsIl9hdXRoX3VzZXJfaWQiOiIyIn0=','2018-04-01 15:45:09'),('08mrpz2ym6dyhnrcbl5ncso8scoxsz1x','MWY4ZjEyNTRjZDJkM2YxYjFkMGY3Y2RkMDgzODYzNjVlMGNjYzMwZjp7Il9hdXRoX3VzZXJfaGFzaCI6Ijc0OTZkZDY2NGMyZjVhM2Q2OTExOTgzMmFmNTA3MTQwNjE0ZDE3NWUiLCJfYXV0aF91c2VyX2JhY2tlbmQiOiJkamFuZ28uY29udHJpYi5hdXRoLmJhY2tlbmRzLk1vZGVsQmFja2VuZCIsIl9hdXRoX3VzZXJfaWQiOiIyIn0=','2018-04-19 04:57:39'),('0eogenk9i4y22wg40wswgl8yjaf5h0kg','MWY4ZjEyNTRjZDJkM2YxYjFkMGY3Y2RkMDgzODYzNjVlMGNjYzMwZjp7Il9hdXRoX3VzZXJfaGFzaCI6Ijc0OTZkZDY2NGMyZjVhM2Q2OTExOTgzMmFmNTA3MTQwNjE0ZDE3NWUiLCJfYXV0aF91c2VyX2JhY2tlbmQiOiJkamFuZ28uY29udHJpYi5hdXRoLmJhY2tlbmRzLk1vZGVsQmFja2VuZCIsIl9hdXRoX3VzZXJfaWQiOiIyIn0=','2018-09-19 18:57:15'),('0exqvfelcdejzv7ljb9gn3u85n6aii2r','MWY4ZjEyNTRjZDJkM2YxYjFkMGY3Y2RkMDgzODYzNjVlMGNjYzMwZjp7Il9hdXRoX3VzZXJfaGFzaCI6Ijc0OTZkZDY2NGMyZjVhM2Q2OTExOTgzMmFmNTA3MTQwNjE0ZDE3NWUiLCJfYXV0aF91c2VyX2JhY2tlbmQiOiJkamFuZ28uY29udHJpYi5hdXRoLmJhY2tlbmRzLk1vZGVsQmFja2VuZCIsIl9hdXRoX3VzZXJfaWQiOiIyIn0=','2018-09-01 16:50:02'),('0l71emysx7zapi54q3oq30o237hwrwo4','MWY4ZjEyNTRjZDJkM2YxYjFkMGY3Y2RkMDgzODYzNjVlMGNjYzMwZjp7Il9hdXRoX3VzZXJfaGFzaCI6Ijc0OTZkZDY2NGMyZjVhM2Q2OTExOTgzMmFmNTA3MTQwNjE0ZDE3NWUiLCJfYXV0aF91c2VyX2JhY2tlbmQiOiJkamFuZ28uY29udHJpYi5hdXRoLmJhY2tlbmRzLk1vZGVsQmFja2VuZCIsIl9hdXRoX3VzZXJfaWQiOiIyIn0=','2018-05-22 03:53:26'),('0ubkms447cglehc7ktjhvvhn6r979apu','MWY4ZjEyNTRjZDJkM2YxYjFkMGY3Y2RkMDgzODYzNjVlMGNjYzMwZjp7Il9hdXRoX3VzZXJfaGFzaCI6Ijc0OTZkZDY2NGMyZjVhM2Q2OTExOTgzMmFmNTA3MTQwNjE0ZDE3NWUiLCJfYXV0aF91c2VyX2JhY2tlbmQiOiJkamFuZ28uY29udHJpYi5hdXRoLmJhY2tlbmRzLk1vZGVsQmFja2VuZCIsIl9hdXRoX3VzZXJfaWQiOiIyIn0=','2018-06-15 11:50:32'),('1f90sfbvjklexk33f6gciupi6o0jj99l','MWY4ZjEyNTRjZDJkM2YxYjFkMGY3Y2RkMDgzODYzNjVlMGNjYzMwZjp7Il9hdXRoX3VzZXJfaGFzaCI6Ijc0OTZkZDY2NGMyZjVhM2Q2OTExOTgzMmFmNTA3MTQwNjE0ZDE3NWUiLCJfYXV0aF91c2VyX2JhY2tlbmQiOiJkamFuZ28uY29udHJpYi5hdXRoLmJhY2tlbmRzLk1vZGVsQmFja2VuZCIsIl9hdXRoX3VzZXJfaWQiOiIyIn0=','2018-06-13 05:30:13'),('2gyyajmi1euw6fid66gu9rmm3sn3a04r','MWY4ZjEyNTRjZDJkM2YxYjFkMGY3Y2RkMDgzODYzNjVlMGNjYzMwZjp7Il9hdXRoX3VzZXJfaGFzaCI6Ijc0OTZkZDY2NGMyZjVhM2Q2OTExOTgzMmFmNTA3MTQwNjE0ZDE3NWUiLCJfYXV0aF91c2VyX2JhY2tlbmQiOiJkamFuZ28uY29udHJpYi5hdXRoLmJhY2tlbmRzLk1vZGVsQmFja2VuZCIsIl9hdXRoX3VzZXJfaWQiOiIyIn0=','2018-08-14 16:37:34'),('38tow6yahhc1quyvy9h2llyh0bd7pggf','Mjg2ZDM0N2ZiZTE1ZmNkNjkxMDU2ZWVhZThhYTU0YjhiOWU2MjEyODp7Il9hdXRoX3VzZXJfaGFzaCI6ImI3ZDdiY2RkMzU5MDE4OTU2MjY0OGM5MWU2NWI2ZDUyOTFkM2Q3MDQiLCJfYXV0aF91c2VyX2JhY2tlbmQiOiJkamFuZ28uY29udHJpYi5hdXRoLmJhY2tlbmRzLk1vZGVsQmFja2VuZCIsIl9hdXRoX3VzZXJfaWQiOiIxIn0=','2018-05-03 11:00:18'),('3exsd5lofwmwjooqhtr754uarm1svurh','MWY4ZjEyNTRjZDJkM2YxYjFkMGY3Y2RkMDgzODYzNjVlMGNjYzMwZjp7Il9hdXRoX3VzZXJfaGFzaCI6Ijc0OTZkZDY2NGMyZjVhM2Q2OTExOTgzMmFmNTA3MTQwNjE0ZDE3NWUiLCJfYXV0aF91c2VyX2JhY2tlbmQiOiJkamFuZ28uY29udHJpYi5hdXRoLmJhY2tlbmRzLk1vZGVsQmFja2VuZCIsIl9hdXRoX3VzZXJfaWQiOiIyIn0=','2018-06-23 06:20:25'),('3i2l8cy377qzi5eo91s37cexym2ibfxl','MWY4ZjEyNTRjZDJkM2YxYjFkMGY3Y2RkMDgzODYzNjVlMGNjYzMwZjp7Il9hdXRoX3VzZXJfaGFzaCI6Ijc0OTZkZDY2NGMyZjVhM2Q2OTExOTgzMmFmNTA3MTQwNjE0ZDE3NWUiLCJfYXV0aF91c2VyX2JhY2tlbmQiOiJkamFuZ28uY29udHJpYi5hdXRoLmJhY2tlbmRzLk1vZGVsQmFja2VuZCIsIl9hdXRoX3VzZXJfaWQiOiIyIn0=','2018-06-20 04:33:29'),('41ypduz669au6cmskf3svmq2uvqv50ho','MWY4ZjEyNTRjZDJkM2YxYjFkMGY3Y2RkMDgzODYzNjVlMGNjYzMwZjp7Il9hdXRoX3VzZXJfaGFzaCI6Ijc0OTZkZDY2NGMyZjVhM2Q2OTExOTgzMmFmNTA3MTQwNjE0ZDE3NWUiLCJfYXV0aF91c2VyX2JhY2tlbmQiOiJkamFuZ28uY29udHJpYi5hdXRoLmJhY2tlbmRzLk1vZGVsQmFja2VuZCIsIl9hdXRoX3VzZXJfaWQiOiIyIn0=','2018-05-01 08:09:55'),('42b20d129ncapq1om6d8rsglndrwqprj','MWY4ZjEyNTRjZDJkM2YxYjFkMGY3Y2RkMDgzODYzNjVlMGNjYzMwZjp7Il9hdXRoX3VzZXJfaGFzaCI6Ijc0OTZkZDY2NGMyZjVhM2Q2OTExOTgzMmFmNTA3MTQwNjE0ZDE3NWUiLCJfYXV0aF91c2VyX2JhY2tlbmQiOiJkamFuZ28uY29udHJpYi5hdXRoLmJhY2tlbmRzLk1vZGVsQmFja2VuZCIsIl9hdXRoX3VzZXJfaWQiOiIyIn0=','2018-08-24 17:53:39'),('4wz4lmh2827srnjpi4jr0gc7wku9gj3f','MWY4ZjEyNTRjZDJkM2YxYjFkMGY3Y2RkMDgzODYzNjVlMGNjYzMwZjp7Il9hdXRoX3VzZXJfaGFzaCI6Ijc0OTZkZDY2NGMyZjVhM2Q2OTExOTgzMmFmNTA3MTQwNjE0ZDE3NWUiLCJfYXV0aF91c2VyX2JhY2tlbmQiOiJkamFuZ28uY29udHJpYi5hdXRoLmJhY2tlbmRzLk1vZGVsQmFja2VuZCIsIl9hdXRoX3VzZXJfaWQiOiIyIn0=','2018-06-23 14:36:14'),('4xyfc6tsycbt3fm0qvoq0px6typrornj','MWY4ZjEyNTRjZDJkM2YxYjFkMGY3Y2RkMDgzODYzNjVlMGNjYzMwZjp7Il9hdXRoX3VzZXJfaGFzaCI6Ijc0OTZkZDY2NGMyZjVhM2Q2OTExOTgzMmFmNTA3MTQwNjE0ZDE3NWUiLCJfYXV0aF91c2VyX2JhY2tlbmQiOiJkamFuZ28uY29udHJpYi5hdXRoLmJhY2tlbmRzLk1vZGVsQmFja2VuZCIsIl9hdXRoX3VzZXJfaWQiOiIyIn0=','2018-11-12 16:11:30'),('5lu2gg41sgm0lztcgcgvx2p4azwdee9r','MWY4ZjEyNTRjZDJkM2YxYjFkMGY3Y2RkMDgzODYzNjVlMGNjYzMwZjp7Il9hdXRoX3VzZXJfaGFzaCI6Ijc0OTZkZDY2NGMyZjVhM2Q2OTExOTgzMmFmNTA3MTQwNjE0ZDE3NWUiLCJfYXV0aF91c2VyX2JhY2tlbmQiOiJkamFuZ28uY29udHJpYi5hdXRoLmJhY2tlbmRzLk1vZGVsQmFja2VuZCIsIl9hdXRoX3VzZXJfaWQiOiIyIn0=','2018-11-30 04:42:50'),('5zlojwirc5fv5n1ddfjldyk1re3g9tmp','MWY4ZjEyNTRjZDJkM2YxYjFkMGY3Y2RkMDgzODYzNjVlMGNjYzMwZjp7Il9hdXRoX3VzZXJfaGFzaCI6Ijc0OTZkZDY2NGMyZjVhM2Q2OTExOTgzMmFmNTA3MTQwNjE0ZDE3NWUiLCJfYXV0aF91c2VyX2JhY2tlbmQiOiJkamFuZ28uY29udHJpYi5hdXRoLmJhY2tlbmRzLk1vZGVsQmFja2VuZCIsIl9hdXRoX3VzZXJfaWQiOiIyIn0=','2018-06-28 11:15:19'),('65uya0y16ucp7bbz7dv56sw8g7mspqpp','MWY4ZjEyNTRjZDJkM2YxYjFkMGY3Y2RkMDgzODYzNjVlMGNjYzMwZjp7Il9hdXRoX3VzZXJfaGFzaCI6Ijc0OTZkZDY2NGMyZjVhM2Q2OTExOTgzMmFmNTA3MTQwNjE0ZDE3NWUiLCJfYXV0aF91c2VyX2JhY2tlbmQiOiJkamFuZ28uY29udHJpYi5hdXRoLmJhY2tlbmRzLk1vZGVsQmFja2VuZCIsIl9hdXRoX3VzZXJfaWQiOiIyIn0=','2018-07-30 12:23:57'),('6af7jeohnei5sr4k3bt5oklv6jmorwt5','MWY4ZjEyNTRjZDJkM2YxYjFkMGY3Y2RkMDgzODYzNjVlMGNjYzMwZjp7Il9hdXRoX3VzZXJfaGFzaCI6Ijc0OTZkZDY2NGMyZjVhM2Q2OTExOTgzMmFmNTA3MTQwNjE0ZDE3NWUiLCJfYXV0aF91c2VyX2JhY2tlbmQiOiJkamFuZ28uY29udHJpYi5hdXRoLmJhY2tlbmRzLk1vZGVsQmFja2VuZCIsIl9hdXRoX3VzZXJfaWQiOiIyIn0=','2018-08-13 04:42:57'),('6gazjkavgjk3m8ilbr4yi9xhcyfkkmcb','MWY4ZjEyNTRjZDJkM2YxYjFkMGY3Y2RkMDgzODYzNjVlMGNjYzMwZjp7Il9hdXRoX3VzZXJfaGFzaCI6Ijc0OTZkZDY2NGMyZjVhM2Q2OTExOTgzMmFmNTA3MTQwNjE0ZDE3NWUiLCJfYXV0aF91c2VyX2JhY2tlbmQiOiJkamFuZ28uY29udHJpYi5hdXRoLmJhY2tlbmRzLk1vZGVsQmFja2VuZCIsIl9hdXRoX3VzZXJfaWQiOiIyIn0=','2018-08-10 12:02:47'),('6o3rxmsrwqfjoyh2o9kw1kqf64xuumn2','MWY4ZjEyNTRjZDJkM2YxYjFkMGY3Y2RkMDgzODYzNjVlMGNjYzMwZjp7Il9hdXRoX3VzZXJfaGFzaCI6Ijc0OTZkZDY2NGMyZjVhM2Q2OTExOTgzMmFmNTA3MTQwNjE0ZDE3NWUiLCJfYXV0aF91c2VyX2JhY2tlbmQiOiJkamFuZ28uY29udHJpYi5hdXRoLmJhY2tlbmRzLk1vZGVsQmFja2VuZCIsIl9hdXRoX3VzZXJfaWQiOiIyIn0=','2018-07-09 18:20:42'),('6qa6no22ajwqbnnv75dct0wleqp4xwjr','MWY4ZjEyNTRjZDJkM2YxYjFkMGY3Y2RkMDgzODYzNjVlMGNjYzMwZjp7Il9hdXRoX3VzZXJfaGFzaCI6Ijc0OTZkZDY2NGMyZjVhM2Q2OTExOTgzMmFmNTA3MTQwNjE0ZDE3NWUiLCJfYXV0aF91c2VyX2JhY2tlbmQiOiJkamFuZ28uY29udHJpYi5hdXRoLmJhY2tlbmRzLk1vZGVsQmFja2VuZCIsIl9hdXRoX3VzZXJfaWQiOiIyIn0=','2018-07-24 02:40:25'),('6rnso10cefoutovcdwd1agabhgzp8qyj','Mjg2ZDM0N2ZiZTE1ZmNkNjkxMDU2ZWVhZThhYTU0YjhiOWU2MjEyODp7Il9hdXRoX3VzZXJfaGFzaCI6ImI3ZDdiY2RkMzU5MDE4OTU2MjY0OGM5MWU2NWI2ZDUyOTFkM2Q3MDQiLCJfYXV0aF91c2VyX2JhY2tlbmQiOiJkamFuZ28uY29udHJpYi5hdXRoLmJhY2tlbmRzLk1vZGVsQmFja2VuZCIsIl9hdXRoX3VzZXJfaWQiOiIxIn0=','2020-05-11 05:55:40'),('7fzljks77v8ml5gd8mxspa4prudox75o','Mjg2ZDM0N2ZiZTE1ZmNkNjkxMDU2ZWVhZThhYTU0YjhiOWU2MjEyODp7Il9hdXRoX3VzZXJfaGFzaCI6ImI3ZDdiY2RkMzU5MDE4OTU2MjY0OGM5MWU2NWI2ZDUyOTFkM2Q3MDQiLCJfYXV0aF91c2VyX2JhY2tlbmQiOiJkamFuZ28uY29udHJpYi5hdXRoLmJhY2tlbmRzLk1vZGVsQmFja2VuZCIsIl9hdXRoX3VzZXJfaWQiOiIxIn0=','2018-05-21 06:21:40'),('7i4dkm8zv7jumx2yehio20vnb8kf7qke','MWY4ZjEyNTRjZDJkM2YxYjFkMGY3Y2RkMDgzODYzNjVlMGNjYzMwZjp7Il9hdXRoX3VzZXJfaGFzaCI6Ijc0OTZkZDY2NGMyZjVhM2Q2OTExOTgzMmFmNTA3MTQwNjE0ZDE3NWUiLCJfYXV0aF91c2VyX2JhY2tlbmQiOiJkamFuZ28uY29udHJpYi5hdXRoLmJhY2tlbmRzLk1vZGVsQmFja2VuZCIsIl9hdXRoX3VzZXJfaWQiOiIyIn0=','2018-06-25 08:44:40'),('7q49d1gu4v9f8pothpycl1ps8h2sardb','MWY4ZjEyNTRjZDJkM2YxYjFkMGY3Y2RkMDgzODYzNjVlMGNjYzMwZjp7Il9hdXRoX3VzZXJfaGFzaCI6Ijc0OTZkZDY2NGMyZjVhM2Q2OTExOTgzMmFmNTA3MTQwNjE0ZDE3NWUiLCJfYXV0aF91c2VyX2JhY2tlbmQiOiJkamFuZ28uY29udHJpYi5hdXRoLmJhY2tlbmRzLk1vZGVsQmFja2VuZCIsIl9hdXRoX3VzZXJfaWQiOiIyIn0=','2018-07-31 10:53:16'),('8l324cl1pqww37tuhlzsn74wmmqxwfac','MWY4ZjEyNTRjZDJkM2YxYjFkMGY3Y2RkMDgzODYzNjVlMGNjYzMwZjp7Il9hdXRoX3VzZXJfaGFzaCI6Ijc0OTZkZDY2NGMyZjVhM2Q2OTExOTgzMmFmNTA3MTQwNjE0ZDE3NWUiLCJfYXV0aF91c2VyX2JhY2tlbmQiOiJkamFuZ28uY29udHJpYi5hdXRoLmJhY2tlbmRzLk1vZGVsQmFja2VuZCIsIl9hdXRoX3VzZXJfaWQiOiIyIn0=','2020-07-14 14:33:27'),('8uzi1ojjb82eew54edtq4i62k4lc8ocr','Mjg2ZDM0N2ZiZTE1ZmNkNjkxMDU2ZWVhZThhYTU0YjhiOWU2MjEyODp7Il9hdXRoX3VzZXJfaGFzaCI6ImI3ZDdiY2RkMzU5MDE4OTU2MjY0OGM5MWU2NWI2ZDUyOTFkM2Q3MDQiLCJfYXV0aF91c2VyX2JhY2tlbmQiOiJkamFuZ28uY29udHJpYi5hdXRoLmJhY2tlbmRzLk1vZGVsQmFja2VuZCIsIl9hdXRoX3VzZXJfaWQiOiIxIn0=','2018-08-20 07:29:55'),('90z2iieolzaguu0rx5ol9y9txu2lxoay','MWY4ZjEyNTRjZDJkM2YxYjFkMGY3Y2RkMDgzODYzNjVlMGNjYzMwZjp7Il9hdXRoX3VzZXJfaGFzaCI6Ijc0OTZkZDY2NGMyZjVhM2Q2OTExOTgzMmFmNTA3MTQwNjE0ZDE3NWUiLCJfYXV0aF91c2VyX2JhY2tlbmQiOiJkamFuZ28uY29udHJpYi5hdXRoLmJhY2tlbmRzLk1vZGVsQmFja2VuZCIsIl9hdXRoX3VzZXJfaWQiOiIyIn0=','2018-08-24 17:55:17'),('a1ib3vze330qh1wsbxn64gtd0wltcotk','MWY4ZjEyNTRjZDJkM2YxYjFkMGY3Y2RkMDgzODYzNjVlMGNjYzMwZjp7Il9hdXRoX3VzZXJfaGFzaCI6Ijc0OTZkZDY2NGMyZjVhM2Q2OTExOTgzMmFmNTA3MTQwNjE0ZDE3NWUiLCJfYXV0aF91c2VyX2JhY2tlbmQiOiJkamFuZ28uY29udHJpYi5hdXRoLmJhY2tlbmRzLk1vZGVsQmFja2VuZCIsIl9hdXRoX3VzZXJfaWQiOiIyIn0=','2018-08-20 08:34:06'),('alu5iqyiwufuou3i9k1cxs0xfp6so0g3','MWY4ZjEyNTRjZDJkM2YxYjFkMGY3Y2RkMDgzODYzNjVlMGNjYzMwZjp7Il9hdXRoX3VzZXJfaGFzaCI6Ijc0OTZkZDY2NGMyZjVhM2Q2OTExOTgzMmFmNTA3MTQwNjE0ZDE3NWUiLCJfYXV0aF91c2VyX2JhY2tlbmQiOiJkamFuZ28uY29udHJpYi5hdXRoLmJhY2tlbmRzLk1vZGVsQmFja2VuZCIsIl9hdXRoX3VzZXJfaWQiOiIyIn0=','2018-08-24 17:53:35'),('ar5zyl58zeafzwsl55jbb5egvunfo248','MWY4ZjEyNTRjZDJkM2YxYjFkMGY3Y2RkMDgzODYzNjVlMGNjYzMwZjp7Il9hdXRoX3VzZXJfaGFzaCI6Ijc0OTZkZDY2NGMyZjVhM2Q2OTExOTgzMmFmNTA3MTQwNjE0ZDE3NWUiLCJfYXV0aF91c2VyX2JhY2tlbmQiOiJkamFuZ28uY29udHJpYi5hdXRoLmJhY2tlbmRzLk1vZGVsQmFja2VuZCIsIl9hdXRoX3VzZXJfaWQiOiIyIn0=','2018-08-24 17:53:38'),('b9zqqwt2d6o00qq7um0rpkshty7blp76','MWY4ZjEyNTRjZDJkM2YxYjFkMGY3Y2RkMDgzODYzNjVlMGNjYzMwZjp7Il9hdXRoX3VzZXJfaGFzaCI6Ijc0OTZkZDY2NGMyZjVhM2Q2OTExOTgzMmFmNTA3MTQwNjE0ZDE3NWUiLCJfYXV0aF91c2VyX2JhY2tlbmQiOiJkamFuZ28uY29udHJpYi5hdXRoLmJhY2tlbmRzLk1vZGVsQmFja2VuZCIsIl9hdXRoX3VzZXJfaWQiOiIyIn0=','2018-09-25 04:40:32'),('bvnknei6ynw3smhpekfhrdik9ktww0zd','MWY4ZjEyNTRjZDJkM2YxYjFkMGY3Y2RkMDgzODYzNjVlMGNjYzMwZjp7Il9hdXRoX3VzZXJfaGFzaCI6Ijc0OTZkZDY2NGMyZjVhM2Q2OTExOTgzMmFmNTA3MTQwNjE0ZDE3NWUiLCJfYXV0aF91c2VyX2JhY2tlbmQiOiJkamFuZ28uY29udHJpYi5hdXRoLmJhY2tlbmRzLk1vZGVsQmFja2VuZCIsIl9hdXRoX3VzZXJfaWQiOiIyIn0=','2019-05-31 18:07:17'),('bysznnnulnos0jekrzh4nq1frzfhzw60','MWY4ZjEyNTRjZDJkM2YxYjFkMGY3Y2RkMDgzODYzNjVlMGNjYzMwZjp7Il9hdXRoX3VzZXJfaGFzaCI6Ijc0OTZkZDY2NGMyZjVhM2Q2OTExOTgzMmFmNTA3MTQwNjE0ZDE3NWUiLCJfYXV0aF91c2VyX2JhY2tlbmQiOiJkamFuZ28uY29udHJpYi5hdXRoLmJhY2tlbmRzLk1vZGVsQmFja2VuZCIsIl9hdXRoX3VzZXJfaWQiOiIyIn0=','2018-08-14 05:53:09'),('c1sjy15oc7937lqfel8bpzdbp68nnzfb','MWY4ZjEyNTRjZDJkM2YxYjFkMGY3Y2RkMDgzODYzNjVlMGNjYzMwZjp7Il9hdXRoX3VzZXJfaGFzaCI6Ijc0OTZkZDY2NGMyZjVhM2Q2OTExOTgzMmFmNTA3MTQwNjE0ZDE3NWUiLCJfYXV0aF91c2VyX2JhY2tlbmQiOiJkamFuZ28uY29udHJpYi5hdXRoLmJhY2tlbmRzLk1vZGVsQmFja2VuZCIsIl9hdXRoX3VzZXJfaWQiOiIyIn0=','2018-09-22 05:44:43'),('c75y326h9yoodifi3ijzu6t6veilfg9a','MWY4ZjEyNTRjZDJkM2YxYjFkMGY3Y2RkMDgzODYzNjVlMGNjYzMwZjp7Il9hdXRoX3VzZXJfaGFzaCI6Ijc0OTZkZDY2NGMyZjVhM2Q2OTExOTgzMmFmNTA3MTQwNjE0ZDE3NWUiLCJfYXV0aF91c2VyX2JhY2tlbmQiOiJkamFuZ28uY29udHJpYi5hdXRoLmJhY2tlbmRzLk1vZGVsQmFja2VuZCIsIl9hdXRoX3VzZXJfaWQiOiIyIn0=','2018-05-13 06:44:35'),('caj8h15tacd1ian52x7ttf63gra6h0vq','MWY4ZjEyNTRjZDJkM2YxYjFkMGY3Y2RkMDgzODYzNjVlMGNjYzMwZjp7Il9hdXRoX3VzZXJfaGFzaCI6Ijc0OTZkZDY2NGMyZjVhM2Q2OTExOTgzMmFmNTA3MTQwNjE0ZDE3NWUiLCJfYXV0aF91c2VyX2JhY2tlbmQiOiJkamFuZ28uY29udHJpYi5hdXRoLmJhY2tlbmRzLk1vZGVsQmFja2VuZCIsIl9hdXRoX3VzZXJfaWQiOiIyIn0=','2018-09-01 16:50:15'),('cdl8eju8wo3y75bfns3kye55msai1r73','MWY4ZjEyNTRjZDJkM2YxYjFkMGY3Y2RkMDgzODYzNjVlMGNjYzMwZjp7Il9hdXRoX3VzZXJfaGFzaCI6Ijc0OTZkZDY2NGMyZjVhM2Q2OTExOTgzMmFmNTA3MTQwNjE0ZDE3NWUiLCJfYXV0aF91c2VyX2JhY2tlbmQiOiJkamFuZ28uY29udHJpYi5hdXRoLmJhY2tlbmRzLk1vZGVsQmFja2VuZCIsIl9hdXRoX3VzZXJfaWQiOiIyIn0=','2018-04-01 13:47:37'),('cfedbr98j3o75s13ctkeuypi5d4nmbmi','MWY4ZjEyNTRjZDJkM2YxYjFkMGY3Y2RkMDgzODYzNjVlMGNjYzMwZjp7Il9hdXRoX3VzZXJfaGFzaCI6Ijc0OTZkZDY2NGMyZjVhM2Q2OTExOTgzMmFmNTA3MTQwNjE0ZDE3NWUiLCJfYXV0aF91c2VyX2JhY2tlbmQiOiJkamFuZ28uY29udHJpYi5hdXRoLmJhY2tlbmRzLk1vZGVsQmFja2VuZCIsIl9hdXRoX3VzZXJfaWQiOiIyIn0=','2018-09-26 15:59:18'),('de7u2gw3r9vd5cbwbewd68gbuzi5v8h6','MWY4ZjEyNTRjZDJkM2YxYjFkMGY3Y2RkMDgzODYzNjVlMGNjYzMwZjp7Il9hdXRoX3VzZXJfaGFzaCI6Ijc0OTZkZDY2NGMyZjVhM2Q2OTExOTgzMmFmNTA3MTQwNjE0ZDE3NWUiLCJfYXV0aF91c2VyX2JhY2tlbmQiOiJkamFuZ28uY29udHJpYi5hdXRoLmJhY2tlbmRzLk1vZGVsQmFja2VuZCIsIl9hdXRoX3VzZXJfaWQiOiIyIn0=','2018-08-13 05:24:11'),('dwxqxovzs6povg8yju5ndt48klqlc5p3','MWY4ZjEyNTRjZDJkM2YxYjFkMGY3Y2RkMDgzODYzNjVlMGNjYzMwZjp7Il9hdXRoX3VzZXJfaGFzaCI6Ijc0OTZkZDY2NGMyZjVhM2Q2OTExOTgzMmFmNTA3MTQwNjE0ZDE3NWUiLCJfYXV0aF91c2VyX2JhY2tlbmQiOiJkamFuZ28uY29udHJpYi5hdXRoLmJhY2tlbmRzLk1vZGVsQmFja2VuZCIsIl9hdXRoX3VzZXJfaWQiOiIyIn0=','2018-06-25 11:16:47'),('dx8w1sw2iay6ym863p8lltlsjxl7it0t','MWY4ZjEyNTRjZDJkM2YxYjFkMGY3Y2RkMDgzODYzNjVlMGNjYzMwZjp7Il9hdXRoX3VzZXJfaGFzaCI6Ijc0OTZkZDY2NGMyZjVhM2Q2OTExOTgzMmFmNTA3MTQwNjE0ZDE3NWUiLCJfYXV0aF91c2VyX2JhY2tlbmQiOiJkamFuZ28uY29udHJpYi5hdXRoLmJhY2tlbmRzLk1vZGVsQmFja2VuZCIsIl9hdXRoX3VzZXJfaWQiOiIyIn0=','2018-08-13 05:21:56'),('dz4mamlq8feec1nh51lr6oz1ar1g4n44','MWY4ZjEyNTRjZDJkM2YxYjFkMGY3Y2RkMDgzODYzNjVlMGNjYzMwZjp7Il9hdXRoX3VzZXJfaGFzaCI6Ijc0OTZkZDY2NGMyZjVhM2Q2OTExOTgzMmFmNTA3MTQwNjE0ZDE3NWUiLCJfYXV0aF91c2VyX2JhY2tlbmQiOiJkamFuZ28uY29udHJpYi5hdXRoLmJhY2tlbmRzLk1vZGVsQmFja2VuZCIsIl9hdXRoX3VzZXJfaWQiOiIyIn0=','2018-06-14 05:33:19'),('dzcnzqz4oliioo78gx6zb1140bx57b8w','MWY4ZjEyNTRjZDJkM2YxYjFkMGY3Y2RkMDgzODYzNjVlMGNjYzMwZjp7Il9hdXRoX3VzZXJfaGFzaCI6Ijc0OTZkZDY2NGMyZjVhM2Q2OTExOTgzMmFmNTA3MTQwNjE0ZDE3NWUiLCJfYXV0aF91c2VyX2JhY2tlbmQiOiJkamFuZ28uY29udHJpYi5hdXRoLmJhY2tlbmRzLk1vZGVsQmFja2VuZCIsIl9hdXRoX3VzZXJfaWQiOiIyIn0=','2018-06-28 17:19:43'),('e1ag2k82wjhf4qw6l7cti4yrdnlc5dyp','Mjg2ZDM0N2ZiZTE1ZmNkNjkxMDU2ZWVhZThhYTU0YjhiOWU2MjEyODp7Il9hdXRoX3VzZXJfaGFzaCI6ImI3ZDdiY2RkMzU5MDE4OTU2MjY0OGM5MWU2NWI2ZDUyOTFkM2Q3MDQiLCJfYXV0aF91c2VyX2JhY2tlbmQiOiJkamFuZ28uY29udHJpYi5hdXRoLmJhY2tlbmRzLk1vZGVsQmFja2VuZCIsIl9hdXRoX3VzZXJfaWQiOiIxIn0=','2018-09-07 14:31:52'),('ecatdpfr2kni5bfa9ypsx2now7xwg9rv','Mjg2ZDM0N2ZiZTE1ZmNkNjkxMDU2ZWVhZThhYTU0YjhiOWU2MjEyODp7Il9hdXRoX3VzZXJfaGFzaCI6ImI3ZDdiY2RkMzU5MDE4OTU2MjY0OGM5MWU2NWI2ZDUyOTFkM2Q3MDQiLCJfYXV0aF91c2VyX2JhY2tlbmQiOiJkamFuZ28uY29udHJpYi5hdXRoLmJhY2tlbmRzLk1vZGVsQmFja2VuZCIsIl9hdXRoX3VzZXJfaWQiOiIxIn0=','2018-07-07 03:14:04'),('f7zxcfqfnkmoimsm7n3d1c14jn7j8l6u','MWY4ZjEyNTRjZDJkM2YxYjFkMGY3Y2RkMDgzODYzNjVlMGNjYzMwZjp7Il9hdXRoX3VzZXJfaGFzaCI6Ijc0OTZkZDY2NGMyZjVhM2Q2OTExOTgzMmFmNTA3MTQwNjE0ZDE3NWUiLCJfYXV0aF91c2VyX2JhY2tlbmQiOiJkamFuZ28uY29udHJpYi5hdXRoLmJhY2tlbmRzLk1vZGVsQmFja2VuZCIsIl9hdXRoX3VzZXJfaWQiOiIyIn0=','2018-06-25 03:01:03'),('fe24rh17pqlual0gccitw48wdvt172ij','MWY4ZjEyNTRjZDJkM2YxYjFkMGY3Y2RkMDgzODYzNjVlMGNjYzMwZjp7Il9hdXRoX3VzZXJfaGFzaCI6Ijc0OTZkZDY2NGMyZjVhM2Q2OTExOTgzMmFmNTA3MTQwNjE0ZDE3NWUiLCJfYXV0aF91c2VyX2JhY2tlbmQiOiJkamFuZ28uY29udHJpYi5hdXRoLmJhY2tlbmRzLk1vZGVsQmFja2VuZCIsIl9hdXRoX3VzZXJfaWQiOiIyIn0=','2018-07-26 05:37:55'),('flap6mehp7fz7pxcj2ze51hiib2e7rzo','Mjg2ZDM0N2ZiZTE1ZmNkNjkxMDU2ZWVhZThhYTU0YjhiOWU2MjEyODp7Il9hdXRoX3VzZXJfaGFzaCI6ImI3ZDdiY2RkMzU5MDE4OTU2MjY0OGM5MWU2NWI2ZDUyOTFkM2Q3MDQiLCJfYXV0aF91c2VyX2JhY2tlbmQiOiJkamFuZ28uY29udHJpYi5hdXRoLmJhY2tlbmRzLk1vZGVsQmFja2VuZCIsIl9hdXRoX3VzZXJfaWQiOiIxIn0=','2018-09-22 05:51:27'),('fu3nowz49ydppyhtj8k64u24zqja5tzg','MWY4ZjEyNTRjZDJkM2YxYjFkMGY3Y2RkMDgzODYzNjVlMGNjYzMwZjp7Il9hdXRoX3VzZXJfaGFzaCI6Ijc0OTZkZDY2NGMyZjVhM2Q2OTExOTgzMmFmNTA3MTQwNjE0ZDE3NWUiLCJfYXV0aF91c2VyX2JhY2tlbmQiOiJkamFuZ28uY29udHJpYi5hdXRoLmJhY2tlbmRzLk1vZGVsQmFja2VuZCIsIl9hdXRoX3VzZXJfaWQiOiIyIn0=','2018-04-01 10:09:47'),('gab2rx01zp0an0wtt4vp149ykpnibsbj','MWY4ZjEyNTRjZDJkM2YxYjFkMGY3Y2RkMDgzODYzNjVlMGNjYzMwZjp7Il9hdXRoX3VzZXJfaGFzaCI6Ijc0OTZkZDY2NGMyZjVhM2Q2OTExOTgzMmFmNTA3MTQwNjE0ZDE3NWUiLCJfYXV0aF91c2VyX2JhY2tlbmQiOiJkamFuZ28uY29udHJpYi5hdXRoLmJhY2tlbmRzLk1vZGVsQmFja2VuZCIsIl9hdXRoX3VzZXJfaWQiOiIyIn0=','2019-05-16 09:00:33'),('gq3otd2n4lsn95bkmh7p9h7fgm3j7wps','Mjg2ZDM0N2ZiZTE1ZmNkNjkxMDU2ZWVhZThhYTU0YjhiOWU2MjEyODp7Il9hdXRoX3VzZXJfaGFzaCI6ImI3ZDdiY2RkMzU5MDE4OTU2MjY0OGM5MWU2NWI2ZDUyOTFkM2Q3MDQiLCJfYXV0aF91c2VyX2JhY2tlbmQiOiJkamFuZ28uY29udHJpYi5hdXRoLmJhY2tlbmRzLk1vZGVsQmFja2VuZCIsIl9hdXRoX3VzZXJfaWQiOiIxIn0=','2018-06-21 12:36:41'),('gq9fe1u7tewu9fkzqs4hd60mrv0xfgvs','MWY4ZjEyNTRjZDJkM2YxYjFkMGY3Y2RkMDgzODYzNjVlMGNjYzMwZjp7Il9hdXRoX3VzZXJfaGFzaCI6Ijc0OTZkZDY2NGMyZjVhM2Q2OTExOTgzMmFmNTA3MTQwNjE0ZDE3NWUiLCJfYXV0aF91c2VyX2JhY2tlbmQiOiJkamFuZ28uY29udHJpYi5hdXRoLmJhY2tlbmRzLk1vZGVsQmFja2VuZCIsIl9hdXRoX3VzZXJfaWQiOiIyIn0=','2018-07-25 15:09:06'),('hsc3wkzj51uvqp8uyiyjrywxbcpp29ug','MWY4ZjEyNTRjZDJkM2YxYjFkMGY3Y2RkMDgzODYzNjVlMGNjYzMwZjp7Il9hdXRoX3VzZXJfaGFzaCI6Ijc0OTZkZDY2NGMyZjVhM2Q2OTExOTgzMmFmNTA3MTQwNjE0ZDE3NWUiLCJfYXV0aF91c2VyX2JhY2tlbmQiOiJkamFuZ28uY29udHJpYi5hdXRoLmJhY2tlbmRzLk1vZGVsQmFja2VuZCIsIl9hdXRoX3VzZXJfaWQiOiIyIn0=','2018-06-07 08:30:43'),('i60xcazw6yscsun5iullaeczj4virsqy','MWY4ZjEyNTRjZDJkM2YxYjFkMGY3Y2RkMDgzODYzNjVlMGNjYzMwZjp7Il9hdXRoX3VzZXJfaGFzaCI6Ijc0OTZkZDY2NGMyZjVhM2Q2OTExOTgzMmFmNTA3MTQwNjE0ZDE3NWUiLCJfYXV0aF91c2VyX2JhY2tlbmQiOiJkamFuZ28uY29udHJpYi5hdXRoLmJhY2tlbmRzLk1vZGVsQmFja2VuZCIsIl9hdXRoX3VzZXJfaWQiOiIyIn0=','2018-08-24 17:53:43'),('i7gl28whqb5jedqgeu005ycth1909jcj','MWY4ZjEyNTRjZDJkM2YxYjFkMGY3Y2RkMDgzODYzNjVlMGNjYzMwZjp7Il9hdXRoX3VzZXJfaGFzaCI6Ijc0OTZkZDY2NGMyZjVhM2Q2OTExOTgzMmFmNTA3MTQwNjE0ZDE3NWUiLCJfYXV0aF91c2VyX2JhY2tlbmQiOiJkamFuZ28uY29udHJpYi5hdXRoLmJhY2tlbmRzLk1vZGVsQmFja2VuZCIsIl9hdXRoX3VzZXJfaWQiOiIyIn0=','2018-06-19 09:39:14'),('iaqwobrn9sw9enfu3l6yyfw3k0puhmdy','MWY4ZjEyNTRjZDJkM2YxYjFkMGY3Y2RkMDgzODYzNjVlMGNjYzMwZjp7Il9hdXRoX3VzZXJfaGFzaCI6Ijc0OTZkZDY2NGMyZjVhM2Q2OTExOTgzMmFmNTA3MTQwNjE0ZDE3NWUiLCJfYXV0aF91c2VyX2JhY2tlbmQiOiJkamFuZ28uY29udHJpYi5hdXRoLmJhY2tlbmRzLk1vZGVsQmFja2VuZCIsIl9hdXRoX3VzZXJfaWQiOiIyIn0=','2018-04-17 17:04:59'),('idximx5zevx913c3ui9stor61ltbjkd1','MWY4ZjEyNTRjZDJkM2YxYjFkMGY3Y2RkMDgzODYzNjVlMGNjYzMwZjp7Il9hdXRoX3VzZXJfaGFzaCI6Ijc0OTZkZDY2NGMyZjVhM2Q2OTExOTgzMmFmNTA3MTQwNjE0ZDE3NWUiLCJfYXV0aF91c2VyX2JhY2tlbmQiOiJkamFuZ28uY29udHJpYi5hdXRoLmJhY2tlbmRzLk1vZGVsQmFja2VuZCIsIl9hdXRoX3VzZXJfaWQiOiIyIn0=','2018-09-01 16:49:59'),('j0wa1jqmlefqvc0q5ln7umwg92e294rs','MWY4ZjEyNTRjZDJkM2YxYjFkMGY3Y2RkMDgzODYzNjVlMGNjYzMwZjp7Il9hdXRoX3VzZXJfaGFzaCI6Ijc0OTZkZDY2NGMyZjVhM2Q2OTExOTgzMmFmNTA3MTQwNjE0ZDE3NWUiLCJfYXV0aF91c2VyX2JhY2tlbmQiOiJkamFuZ28uY29udHJpYi5hdXRoLmJhY2tlbmRzLk1vZGVsQmFja2VuZCIsIl9hdXRoX3VzZXJfaWQiOiIyIn0=','2018-05-22 11:06:02'),('jac4v0cc3i57a3ykp0f464zytah5zsjm','MTAwZjVlNmE2YTNhMTJiZjM0ZTkwOTI0YzE4MGFmZDdjODcyYjZiMTp7Il9hdXRoX3VzZXJfaGFzaCI6ImNiMTE4ODk3ZmZjMWIxYTY2YzU5ZmE1ZTk1ODE3MjYwYzNiNzNmMDQiLCJfYXV0aF91c2VyX2JhY2tlbmQiOiJkamFuZ28uY29udHJpYi5hdXRoLmJhY2tlbmRzLk1vZGVsQmFja2VuZCIsIl9hdXRoX3VzZXJfaWQiOiIxIn0=','2018-03-16 14:44:02'),('jwd9ga8olknzftu514noy9hrnyfyyfi3','MWY4ZjEyNTRjZDJkM2YxYjFkMGY3Y2RkMDgzODYzNjVlMGNjYzMwZjp7Il9hdXRoX3VzZXJfaGFzaCI6Ijc0OTZkZDY2NGMyZjVhM2Q2OTExOTgzMmFmNTA3MTQwNjE0ZDE3NWUiLCJfYXV0aF91c2VyX2JhY2tlbmQiOiJkamFuZ28uY29udHJpYi5hdXRoLmJhY2tlbmRzLk1vZGVsQmFja2VuZCIsIl9hdXRoX3VzZXJfaWQiOiIyIn0=','2018-08-06 11:39:28'),('k8ot3ebxe7cex35cllzij449kuczw896','MWY4ZjEyNTRjZDJkM2YxYjFkMGY3Y2RkMDgzODYzNjVlMGNjYzMwZjp7Il9hdXRoX3VzZXJfaGFzaCI6Ijc0OTZkZDY2NGMyZjVhM2Q2OTExOTgzMmFmNTA3MTQwNjE0ZDE3NWUiLCJfYXV0aF91c2VyX2JhY2tlbmQiOiJkamFuZ28uY29udHJpYi5hdXRoLmJhY2tlbmRzLk1vZGVsQmFja2VuZCIsIl9hdXRoX3VzZXJfaWQiOiIyIn0=','2018-07-04 08:06:28'),('kal5t41x0vjoz6t8f970ssdp2sgegihy','MWY4ZjEyNTRjZDJkM2YxYjFkMGY3Y2RkMDgzODYzNjVlMGNjYzMwZjp7Il9hdXRoX3VzZXJfaGFzaCI6Ijc0OTZkZDY2NGMyZjVhM2Q2OTExOTgzMmFmNTA3MTQwNjE0ZDE3NWUiLCJfYXV0aF91c2VyX2JhY2tlbmQiOiJkamFuZ28uY29udHJpYi5hdXRoLmJhY2tlbmRzLk1vZGVsQmFja2VuZCIsIl9hdXRoX3VzZXJfaWQiOiIyIn0=','2018-05-29 10:05:01'),('kcjx0nocee0oebah7kqz4os7g9zjvm4q','Mjg2ZDM0N2ZiZTE1ZmNkNjkxMDU2ZWVhZThhYTU0YjhiOWU2MjEyODp7Il9hdXRoX3VzZXJfaGFzaCI6ImI3ZDdiY2RkMzU5MDE4OTU2MjY0OGM5MWU2NWI2ZDUyOTFkM2Q3MDQiLCJfYXV0aF91c2VyX2JhY2tlbmQiOiJkamFuZ28uY29udHJpYi5hdXRoLmJhY2tlbmRzLk1vZGVsQmFja2VuZCIsIl9hdXRoX3VzZXJfaWQiOiIxIn0=','2018-07-22 08:05:12'),('l0yszwvhbs015cpfq8vnjn6h3jtmw39t','MWY4ZjEyNTRjZDJkM2YxYjFkMGY3Y2RkMDgzODYzNjVlMGNjYzMwZjp7Il9hdXRoX3VzZXJfaGFzaCI6Ijc0OTZkZDY2NGMyZjVhM2Q2OTExOTgzMmFmNTA3MTQwNjE0ZDE3NWUiLCJfYXV0aF91c2VyX2JhY2tlbmQiOiJkamFuZ28uY29udHJpYi5hdXRoLmJhY2tlbmRzLk1vZGVsQmFja2VuZCIsIl9hdXRoX3VzZXJfaWQiOiIyIn0=','2018-08-20 04:28:45'),('lcvo94f64wfj4vim07offs1c1wdndz90','MWY4ZjEyNTRjZDJkM2YxYjFkMGY3Y2RkMDgzODYzNjVlMGNjYzMwZjp7Il9hdXRoX3VzZXJfaGFzaCI6Ijc0OTZkZDY2NGMyZjVhM2Q2OTExOTgzMmFmNTA3MTQwNjE0ZDE3NWUiLCJfYXV0aF91c2VyX2JhY2tlbmQiOiJkamFuZ28uY29udHJpYi5hdXRoLmJhY2tlbmRzLk1vZGVsQmFja2VuZCIsIl9hdXRoX3VzZXJfaWQiOiIyIn0=','2018-07-31 06:16:07'),('lgm4quqh8bay98ro06d7fzt3em0nrvdi','MWY4ZjEyNTRjZDJkM2YxYjFkMGY3Y2RkMDgzODYzNjVlMGNjYzMwZjp7Il9hdXRoX3VzZXJfaGFzaCI6Ijc0OTZkZDY2NGMyZjVhM2Q2OTExOTgzMmFmNTA3MTQwNjE0ZDE3NWUiLCJfYXV0aF91c2VyX2JhY2tlbmQiOiJkamFuZ28uY29udHJpYi5hdXRoLmJhY2tlbmRzLk1vZGVsQmFja2VuZCIsIl9hdXRoX3VzZXJfaWQiOiIyIn0=','2018-09-01 16:54:57'),('lxm5wcir40f9rgoelvaeuu6nr5k668ga','MWY4ZjEyNTRjZDJkM2YxYjFkMGY3Y2RkMDgzODYzNjVlMGNjYzMwZjp7Il9hdXRoX3VzZXJfaGFzaCI6Ijc0OTZkZDY2NGMyZjVhM2Q2OTExOTgzMmFmNTA3MTQwNjE0ZDE3NWUiLCJfYXV0aF91c2VyX2JhY2tlbmQiOiJkamFuZ28uY29udHJpYi5hdXRoLmJhY2tlbmRzLk1vZGVsQmFja2VuZCIsIl9hdXRoX3VzZXJfaWQiOiIyIn0=','2018-08-07 18:25:17'),('m5ctj1j0utgf8tke8z7deus0ras6m6qg','MWY4ZjEyNTRjZDJkM2YxYjFkMGY3Y2RkMDgzODYzNjVlMGNjYzMwZjp7Il9hdXRoX3VzZXJfaGFzaCI6Ijc0OTZkZDY2NGMyZjVhM2Q2OTExOTgzMmFmNTA3MTQwNjE0ZDE3NWUiLCJfYXV0aF91c2VyX2JhY2tlbmQiOiJkamFuZ28uY29udHJpYi5hdXRoLmJhY2tlbmRzLk1vZGVsQmFja2VuZCIsIl9hdXRoX3VzZXJfaWQiOiIyIn0=','2018-07-26 06:29:10'),('mjtp4gslbjyo6y1vpwinw5pe802gvvsy','MWY4ZjEyNTRjZDJkM2YxYjFkMGY3Y2RkMDgzODYzNjVlMGNjYzMwZjp7Il9hdXRoX3VzZXJfaGFzaCI6Ijc0OTZkZDY2NGMyZjVhM2Q2OTExOTgzMmFmNTA3MTQwNjE0ZDE3NWUiLCJfYXV0aF91c2VyX2JhY2tlbmQiOiJkamFuZ28uY29udHJpYi5hdXRoLmJhY2tlbmRzLk1vZGVsQmFja2VuZCIsIl9hdXRoX3VzZXJfaWQiOiIyIn0=','2018-08-10 06:52:41'),('n5ocb2nxxnriegj4g9wpu2dygsi08qeq','MWY4ZjEyNTRjZDJkM2YxYjFkMGY3Y2RkMDgzODYzNjVlMGNjYzMwZjp7Il9hdXRoX3VzZXJfaGFzaCI6Ijc0OTZkZDY2NGMyZjVhM2Q2OTExOTgzMmFmNTA3MTQwNjE0ZDE3NWUiLCJfYXV0aF91c2VyX2JhY2tlbmQiOiJkamFuZ28uY29udHJpYi5hdXRoLmJhY2tlbmRzLk1vZGVsQmFja2VuZCIsIl9hdXRoX3VzZXJfaWQiOiIyIn0=','2018-05-10 07:38:51'),('n8xjxagmcafo0m5m6lsy65u5f75tk3mu','MWY4ZjEyNTRjZDJkM2YxYjFkMGY3Y2RkMDgzODYzNjVlMGNjYzMwZjp7Il9hdXRoX3VzZXJfaGFzaCI6Ijc0OTZkZDY2NGMyZjVhM2Q2OTExOTgzMmFmNTA3MTQwNjE0ZDE3NWUiLCJfYXV0aF91c2VyX2JhY2tlbmQiOiJkamFuZ28uY29udHJpYi5hdXRoLmJhY2tlbmRzLk1vZGVsQmFja2VuZCIsIl9hdXRoX3VzZXJfaWQiOiIyIn0=','2018-08-13 08:13:59'),('ncm8n6j0izgv652cjaniamlok22vr6bx','MWY4ZjEyNTRjZDJkM2YxYjFkMGY3Y2RkMDgzODYzNjVlMGNjYzMwZjp7Il9hdXRoX3VzZXJfaGFzaCI6Ijc0OTZkZDY2NGMyZjVhM2Q2OTExOTgzMmFmNTA3MTQwNjE0ZDE3NWUiLCJfYXV0aF91c2VyX2JhY2tlbmQiOiJkamFuZ28uY29udHJpYi5hdXRoLmJhY2tlbmRzLk1vZGVsQmFja2VuZCIsIl9hdXRoX3VzZXJfaWQiOiIyIn0=','2018-09-17 10:34:35'),('o9hcrd7fgqtnwofqsmygm3q3ms2idj76','MWY4ZjEyNTRjZDJkM2YxYjFkMGY3Y2RkMDgzODYzNjVlMGNjYzMwZjp7Il9hdXRoX3VzZXJfaGFzaCI6Ijc0OTZkZDY2NGMyZjVhM2Q2OTExOTgzMmFmNTA3MTQwNjE0ZDE3NWUiLCJfYXV0aF91c2VyX2JhY2tlbmQiOiJkamFuZ28uY29udHJpYi5hdXRoLmJhY2tlbmRzLk1vZGVsQmFja2VuZCIsIl9hdXRoX3VzZXJfaWQiOiIyIn0=','2018-08-15 11:27:51'),('oag9lb3hpoyhnpv9n9verud4jxw2pby0','MWY4ZjEyNTRjZDJkM2YxYjFkMGY3Y2RkMDgzODYzNjVlMGNjYzMwZjp7Il9hdXRoX3VzZXJfaGFzaCI6Ijc0OTZkZDY2NGMyZjVhM2Q2OTExOTgzMmFmNTA3MTQwNjE0ZDE3NWUiLCJfYXV0aF91c2VyX2JhY2tlbmQiOiJkamFuZ28uY29udHJpYi5hdXRoLmJhY2tlbmRzLk1vZGVsQmFja2VuZCIsIl9hdXRoX3VzZXJfaWQiOiIyIn0=','2018-09-25 16:26:19'),('oikqozd5ob4fwxuz9mtj1csvmm0z9w9k','MWY4ZjEyNTRjZDJkM2YxYjFkMGY3Y2RkMDgzODYzNjVlMGNjYzMwZjp7Il9hdXRoX3VzZXJfaGFzaCI6Ijc0OTZkZDY2NGMyZjVhM2Q2OTExOTgzMmFmNTA3MTQwNjE0ZDE3NWUiLCJfYXV0aF91c2VyX2JhY2tlbmQiOiJkamFuZ28uY29udHJpYi5hdXRoLmJhY2tlbmRzLk1vZGVsQmFja2VuZCIsIl9hdXRoX3VzZXJfaWQiOiIyIn0=','2018-06-21 16:12:45'),('ooq0uj7ln21nldfyd0ug25vr7zpkd8dr','Mjg2ZDM0N2ZiZTE1ZmNkNjkxMDU2ZWVhZThhYTU0YjhiOWU2MjEyODp7Il9hdXRoX3VzZXJfaGFzaCI6ImI3ZDdiY2RkMzU5MDE4OTU2MjY0OGM5MWU2NWI2ZDUyOTFkM2Q3MDQiLCJfYXV0aF91c2VyX2JhY2tlbmQiOiJkamFuZ28uY29udHJpYi5hdXRoLmJhY2tlbmRzLk1vZGVsQmFja2VuZCIsIl9hdXRoX3VzZXJfaWQiOiIxIn0=','2018-04-18 14:52:59'),('pbdyyipchrq88t3lxhie0wqzq3hrx7ka','MWY4ZjEyNTRjZDJkM2YxYjFkMGY3Y2RkMDgzODYzNjVlMGNjYzMwZjp7Il9hdXRoX3VzZXJfaGFzaCI6Ijc0OTZkZDY2NGMyZjVhM2Q2OTExOTgzMmFmNTA3MTQwNjE0ZDE3NWUiLCJfYXV0aF91c2VyX2JhY2tlbmQiOiJkamFuZ28uY29udHJpYi5hdXRoLmJhY2tlbmRzLk1vZGVsQmFja2VuZCIsIl9hdXRoX3VzZXJfaWQiOiIyIn0=','2018-07-19 10:13:18'),('pg95zuy5uofglc274w0pcaobnqv9493n','MWY4ZjEyNTRjZDJkM2YxYjFkMGY3Y2RkMDgzODYzNjVlMGNjYzMwZjp7Il9hdXRoX3VzZXJfaGFzaCI6Ijc0OTZkZDY2NGMyZjVhM2Q2OTExOTgzMmFmNTA3MTQwNjE0ZDE3NWUiLCJfYXV0aF91c2VyX2JhY2tlbmQiOiJkamFuZ28uY29udHJpYi5hdXRoLmJhY2tlbmRzLk1vZGVsQmFja2VuZCIsIl9hdXRoX3VzZXJfaWQiOiIyIn0=','2018-08-17 12:23:32'),('pk3brss3yp447tneri3wnybjhnbxhqcz','MWY4ZjEyNTRjZDJkM2YxYjFkMGY3Y2RkMDgzODYzNjVlMGNjYzMwZjp7Il9hdXRoX3VzZXJfaGFzaCI6Ijc0OTZkZDY2NGMyZjVhM2Q2OTExOTgzMmFmNTA3MTQwNjE0ZDE3NWUiLCJfYXV0aF91c2VyX2JhY2tlbmQiOiJkamFuZ28uY29udHJpYi5hdXRoLmJhY2tlbmRzLk1vZGVsQmFja2VuZCIsIl9hdXRoX3VzZXJfaWQiOiIyIn0=','2018-08-19 11:59:34'),('poxqujy81cm6suozvwf06njrpzwkvcwy','MWY4ZjEyNTRjZDJkM2YxYjFkMGY3Y2RkMDgzODYzNjVlMGNjYzMwZjp7Il9hdXRoX3VzZXJfaGFzaCI6Ijc0OTZkZDY2NGMyZjVhM2Q2OTExOTgzMmFmNTA3MTQwNjE0ZDE3NWUiLCJfYXV0aF91c2VyX2JhY2tlbmQiOiJkamFuZ28uY29udHJpYi5hdXRoLmJhY2tlbmRzLk1vZGVsQmFja2VuZCIsIl9hdXRoX3VzZXJfaWQiOiIyIn0=','2018-06-07 15:04:16'),('psflm19aeijblurdf9bdklir9vocfp0t','MWY4ZjEyNTRjZDJkM2YxYjFkMGY3Y2RkMDgzODYzNjVlMGNjYzMwZjp7Il9hdXRoX3VzZXJfaGFzaCI6Ijc0OTZkZDY2NGMyZjVhM2Q2OTExOTgzMmFmNTA3MTQwNjE0ZDE3NWUiLCJfYXV0aF91c2VyX2JhY2tlbmQiOiJkamFuZ28uY29udHJpYi5hdXRoLmJhY2tlbmRzLk1vZGVsQmFja2VuZCIsIl9hdXRoX3VzZXJfaWQiOiIyIn0=','2018-08-05 06:41:49'),('q1ua7fca6ai5vksamej0u1obnkuxjjek','MWY4ZjEyNTRjZDJkM2YxYjFkMGY3Y2RkMDgzODYzNjVlMGNjYzMwZjp7Il9hdXRoX3VzZXJfaGFzaCI6Ijc0OTZkZDY2NGMyZjVhM2Q2OTExOTgzMmFmNTA3MTQwNjE0ZDE3NWUiLCJfYXV0aF91c2VyX2JhY2tlbmQiOiJkamFuZ28uY29udHJpYi5hdXRoLmJhY2tlbmRzLk1vZGVsQmFja2VuZCIsIl9hdXRoX3VzZXJfaWQiOiIyIn0=','2018-08-24 17:53:19'),('q2im4x0go2i4l9jkc46x9u116rncykfi','Mjg2ZDM0N2ZiZTE1ZmNkNjkxMDU2ZWVhZThhYTU0YjhiOWU2MjEyODp7Il9hdXRoX3VzZXJfaGFzaCI6ImI3ZDdiY2RkMzU5MDE4OTU2MjY0OGM5MWU2NWI2ZDUyOTFkM2Q3MDQiLCJfYXV0aF91c2VyX2JhY2tlbmQiOiJkamFuZ28uY29udHJpYi5hdXRoLmJhY2tlbmRzLk1vZGVsQmFja2VuZCIsIl9hdXRoX3VzZXJfaWQiOiIxIn0=','2018-04-04 14:39:00'),('q3ssofskzjbra8n9l592kly0qg34zrnf','MWY4ZjEyNTRjZDJkM2YxYjFkMGY3Y2RkMDgzODYzNjVlMGNjYzMwZjp7Il9hdXRoX3VzZXJfaGFzaCI6Ijc0OTZkZDY2NGMyZjVhM2Q2OTExOTgzMmFmNTA3MTQwNjE0ZDE3NWUiLCJfYXV0aF91c2VyX2JhY2tlbmQiOiJkamFuZ28uY29udHJpYi5hdXRoLmJhY2tlbmRzLk1vZGVsQmFja2VuZCIsIl9hdXRoX3VzZXJfaWQiOiIyIn0=','2018-05-27 14:37:49'),('qjikebl0t1yf6164ux93yahcq5zykxok','MWY4ZjEyNTRjZDJkM2YxYjFkMGY3Y2RkMDgzODYzNjVlMGNjYzMwZjp7Il9hdXRoX3VzZXJfaGFzaCI6Ijc0OTZkZDY2NGMyZjVhM2Q2OTExOTgzMmFmNTA3MTQwNjE0ZDE3NWUiLCJfYXV0aF91c2VyX2JhY2tlbmQiOiJkamFuZ28uY29udHJpYi5hdXRoLmJhY2tlbmRzLk1vZGVsQmFja2VuZCIsIl9hdXRoX3VzZXJfaWQiOiIyIn0=','2018-07-06 08:41:59'),('rxoby7simxtscisqvt7t25ytsff7rb7u','MWY4ZjEyNTRjZDJkM2YxYjFkMGY3Y2RkMDgzODYzNjVlMGNjYzMwZjp7Il9hdXRoX3VzZXJfaGFzaCI6Ijc0OTZkZDY2NGMyZjVhM2Q2OTExOTgzMmFmNTA3MTQwNjE0ZDE3NWUiLCJfYXV0aF91c2VyX2JhY2tlbmQiOiJkamFuZ28uY29udHJpYi5hdXRoLmJhY2tlbmRzLk1vZGVsQmFja2VuZCIsIl9hdXRoX3VzZXJfaWQiOiIyIn0=','2018-08-24 17:55:15'),('sc6mgf5fs98akve0wvjc1xyzw0vh1rdl','MWY4ZjEyNTRjZDJkM2YxYjFkMGY3Y2RkMDgzODYzNjVlMGNjYzMwZjp7Il9hdXRoX3VzZXJfaGFzaCI6Ijc0OTZkZDY2NGMyZjVhM2Q2OTExOTgzMmFmNTA3MTQwNjE0ZDE3NWUiLCJfYXV0aF91c2VyX2JhY2tlbmQiOiJkamFuZ28uY29udHJpYi5hdXRoLmJhY2tlbmRzLk1vZGVsQmFja2VuZCIsIl9hdXRoX3VzZXJfaWQiOiIyIn0=','2018-05-29 08:40:22'),('sc9moqvvvsfhlaup84w9rps4y7rxdj98','MWY4ZjEyNTRjZDJkM2YxYjFkMGY3Y2RkMDgzODYzNjVlMGNjYzMwZjp7Il9hdXRoX3VzZXJfaGFzaCI6Ijc0OTZkZDY2NGMyZjVhM2Q2OTExOTgzMmFmNTA3MTQwNjE0ZDE3NWUiLCJfYXV0aF91c2VyX2JhY2tlbmQiOiJkamFuZ28uY29udHJpYi5hdXRoLmJhY2tlbmRzLk1vZGVsQmFja2VuZCIsIl9hdXRoX3VzZXJfaWQiOiIyIn0=','2018-04-01 13:49:31'),('swymbgjtx2gkwts55q3ofx4t5okkxdpc','MWY4ZjEyNTRjZDJkM2YxYjFkMGY3Y2RkMDgzODYzNjVlMGNjYzMwZjp7Il9hdXRoX3VzZXJfaGFzaCI6Ijc0OTZkZDY2NGMyZjVhM2Q2OTExOTgzMmFmNTA3MTQwNjE0ZDE3NWUiLCJfYXV0aF91c2VyX2JhY2tlbmQiOiJkamFuZ28uY29udHJpYi5hdXRoLmJhY2tlbmRzLk1vZGVsQmFja2VuZCIsIl9hdXRoX3VzZXJfaWQiOiIyIn0=','2018-09-01 16:53:46'),('t4mtwk8l4m1wnvddedw1pqhisblfkyxg','MWY4ZjEyNTRjZDJkM2YxYjFkMGY3Y2RkMDgzODYzNjVlMGNjYzMwZjp7Il9hdXRoX3VzZXJfaGFzaCI6Ijc0OTZkZDY2NGMyZjVhM2Q2OTExOTgzMmFmNTA3MTQwNjE0ZDE3NWUiLCJfYXV0aF91c2VyX2JhY2tlbmQiOiJkamFuZ28uY29udHJpYi5hdXRoLmJhY2tlbmRzLk1vZGVsQmFja2VuZCIsIl9hdXRoX3VzZXJfaWQiOiIyIn0=','2018-05-03 14:30:14'),('tgr51i9tyl00x9wdsyzm94p50mnz3f8a','Mjg2ZDM0N2ZiZTE1ZmNkNjkxMDU2ZWVhZThhYTU0YjhiOWU2MjEyODp7Il9hdXRoX3VzZXJfaGFzaCI6ImI3ZDdiY2RkMzU5MDE4OTU2MjY0OGM5MWU2NWI2ZDUyOTFkM2Q3MDQiLCJfYXV0aF91c2VyX2JhY2tlbmQiOiJkamFuZ28uY29udHJpYi5hdXRoLmJhY2tlbmRzLk1vZGVsQmFja2VuZCIsIl9hdXRoX3VzZXJfaWQiOiIxIn0=','2018-08-05 15:17:48'),('tkqnjeic1khu96c8raaiwcg46jrlsqi3','MWY4ZjEyNTRjZDJkM2YxYjFkMGY3Y2RkMDgzODYzNjVlMGNjYzMwZjp7Il9hdXRoX3VzZXJfaGFzaCI6Ijc0OTZkZDY2NGMyZjVhM2Q2OTExOTgzMmFmNTA3MTQwNjE0ZDE3NWUiLCJfYXV0aF91c2VyX2JhY2tlbmQiOiJkamFuZ28uY29udHJpYi5hdXRoLmJhY2tlbmRzLk1vZGVsQmFja2VuZCIsIl9hdXRoX3VzZXJfaWQiOiIyIn0=','2018-04-28 17:53:36'),('ts198bmqbt9ulj386bnw58cf8878st7h','MWY4ZjEyNTRjZDJkM2YxYjFkMGY3Y2RkMDgzODYzNjVlMGNjYzMwZjp7Il9hdXRoX3VzZXJfaGFzaCI6Ijc0OTZkZDY2NGMyZjVhM2Q2OTExOTgzMmFmNTA3MTQwNjE0ZDE3NWUiLCJfYXV0aF91c2VyX2JhY2tlbmQiOiJkamFuZ28uY29udHJpYi5hdXRoLmJhY2tlbmRzLk1vZGVsQmFja2VuZCIsIl9hdXRoX3VzZXJfaWQiOiIyIn0=','2018-07-30 12:21:09'),('u64jnz765e84bcoz0g1wmffeyrag2lwr','MWY4ZjEyNTRjZDJkM2YxYjFkMGY3Y2RkMDgzODYzNjVlMGNjYzMwZjp7Il9hdXRoX3VzZXJfaGFzaCI6Ijc0OTZkZDY2NGMyZjVhM2Q2OTExOTgzMmFmNTA3MTQwNjE0ZDE3NWUiLCJfYXV0aF91c2VyX2JhY2tlbmQiOiJkamFuZ28uY29udHJpYi5hdXRoLmJhY2tlbmRzLk1vZGVsQmFja2VuZCIsIl9hdXRoX3VzZXJfaWQiOiIyIn0=','2018-07-31 15:52:00'),('ul4x04ntwlqv3r1yov8ca4sopaokm33q','MWY4ZjEyNTRjZDJkM2YxYjFkMGY3Y2RkMDgzODYzNjVlMGNjYzMwZjp7Il9hdXRoX3VzZXJfaGFzaCI6Ijc0OTZkZDY2NGMyZjVhM2Q2OTExOTgzMmFmNTA3MTQwNjE0ZDE3NWUiLCJfYXV0aF91c2VyX2JhY2tlbmQiOiJkamFuZ28uY29udHJpYi5hdXRoLmJhY2tlbmRzLk1vZGVsQmFja2VuZCIsIl9hdXRoX3VzZXJfaWQiOiIyIn0=','2018-10-25 05:41:20'),('v5whczqr9ykcx4mn0r9nbjv2jisrjnfo','MWY4ZjEyNTRjZDJkM2YxYjFkMGY3Y2RkMDgzODYzNjVlMGNjYzMwZjp7Il9hdXRoX3VzZXJfaGFzaCI6Ijc0OTZkZDY2NGMyZjVhM2Q2OTExOTgzMmFmNTA3MTQwNjE0ZDE3NWUiLCJfYXV0aF91c2VyX2JhY2tlbmQiOiJkamFuZ28uY29udHJpYi5hdXRoLmJhY2tlbmRzLk1vZGVsQmFja2VuZCIsIl9hdXRoX3VzZXJfaWQiOiIyIn0=','2018-06-13 08:19:21'),('v7kyxvokbwwwtc1g8u6m4otvgk8wxbog','MWY4ZjEyNTRjZDJkM2YxYjFkMGY3Y2RkMDgzODYzNjVlMGNjYzMwZjp7Il9hdXRoX3VzZXJfaGFzaCI6Ijc0OTZkZDY2NGMyZjVhM2Q2OTExOTgzMmFmNTA3MTQwNjE0ZDE3NWUiLCJfYXV0aF91c2VyX2JhY2tlbmQiOiJkamFuZ28uY29udHJpYi5hdXRoLmJhY2tlbmRzLk1vZGVsQmFja2VuZCIsIl9hdXRoX3VzZXJfaWQiOiIyIn0=','2018-07-30 09:52:09'),('w591674pyrkyla1v50t8hsnpyjp6ory3','MWY4ZjEyNTRjZDJkM2YxYjFkMGY3Y2RkMDgzODYzNjVlMGNjYzMwZjp7Il9hdXRoX3VzZXJfaGFzaCI6Ijc0OTZkZDY2NGMyZjVhM2Q2OTExOTgzMmFmNTA3MTQwNjE0ZDE3NWUiLCJfYXV0aF91c2VyX2JhY2tlbmQiOiJkamFuZ28uY29udHJpYi5hdXRoLmJhY2tlbmRzLk1vZGVsQmFja2VuZCIsIl9hdXRoX3VzZXJfaWQiOiIyIn0=','2018-06-28 07:02:34'),('wgw3f65on83cmylsv4fd8ga725scm4l7','MWY4ZjEyNTRjZDJkM2YxYjFkMGY3Y2RkMDgzODYzNjVlMGNjYzMwZjp7Il9hdXRoX3VzZXJfaGFzaCI6Ijc0OTZkZDY2NGMyZjVhM2Q2OTExOTgzMmFmNTA3MTQwNjE0ZDE3NWUiLCJfYXV0aF91c2VyX2JhY2tlbmQiOiJkamFuZ28uY29udHJpYi5hdXRoLmJhY2tlbmRzLk1vZGVsQmFja2VuZCIsIl9hdXRoX3VzZXJfaWQiOiIyIn0=','2018-09-01 16:49:43'),('wmi07u53w88c9tvfdcybgv9q7utczikf','Mjg2ZDM0N2ZiZTE1ZmNkNjkxMDU2ZWVhZThhYTU0YjhiOWU2MjEyODp7Il9hdXRoX3VzZXJfaGFzaCI6ImI3ZDdiY2RkMzU5MDE4OTU2MjY0OGM5MWU2NWI2ZDUyOTFkM2Q3MDQiLCJfYXV0aF91c2VyX2JhY2tlbmQiOiJkamFuZ28uY29udHJpYi5hdXRoLmJhY2tlbmRzLk1vZGVsQmFja2VuZCIsIl9hdXRoX3VzZXJfaWQiOiIxIn0=','2018-06-07 07:57:33'),('x04zfzkkom125haj3e3hfu9u1xp8sf8c','MWY4ZjEyNTRjZDJkM2YxYjFkMGY3Y2RkMDgzODYzNjVlMGNjYzMwZjp7Il9hdXRoX3VzZXJfaGFzaCI6Ijc0OTZkZDY2NGMyZjVhM2Q2OTExOTgzMmFmNTA3MTQwNjE0ZDE3NWUiLCJfYXV0aF91c2VyX2JhY2tlbmQiOiJkamFuZ28uY29udHJpYi5hdXRoLmJhY2tlbmRzLk1vZGVsQmFja2VuZCIsIl9hdXRoX3VzZXJfaWQiOiIyIn0=','2018-11-16 09:37:13'),('x9dlgaf0d3pzk17dvcq7it664nv80ug9','MWY4ZjEyNTRjZDJkM2YxYjFkMGY3Y2RkMDgzODYzNjVlMGNjYzMwZjp7Il9hdXRoX3VzZXJfaGFzaCI6Ijc0OTZkZDY2NGMyZjVhM2Q2OTExOTgzMmFmNTA3MTQwNjE0ZDE3NWUiLCJfYXV0aF91c2VyX2JhY2tlbmQiOiJkamFuZ28uY29udHJpYi5hdXRoLmJhY2tlbmRzLk1vZGVsQmFja2VuZCIsIl9hdXRoX3VzZXJfaWQiOiIyIn0=','2018-07-22 05:05:54'),('xdgophjd41ev6i77tqqr6dzpskhpqbac','MWY4ZjEyNTRjZDJkM2YxYjFkMGY3Y2RkMDgzODYzNjVlMGNjYzMwZjp7Il9hdXRoX3VzZXJfaGFzaCI6Ijc0OTZkZDY2NGMyZjVhM2Q2OTExOTgzMmFmNTA3MTQwNjE0ZDE3NWUiLCJfYXV0aF91c2VyX2JhY2tlbmQiOiJkamFuZ28uY29udHJpYi5hdXRoLmJhY2tlbmRzLk1vZGVsQmFja2VuZCIsIl9hdXRoX3VzZXJfaWQiOiIyIn0=','2018-07-06 10:02:45'),('xdkbqjjh1u8auhub9iwyrhkykkv2qi8n','MWY4ZjEyNTRjZDJkM2YxYjFkMGY3Y2RkMDgzODYzNjVlMGNjYzMwZjp7Il9hdXRoX3VzZXJfaGFzaCI6Ijc0OTZkZDY2NGMyZjVhM2Q2OTExOTgzMmFmNTA3MTQwNjE0ZDE3NWUiLCJfYXV0aF91c2VyX2JhY2tlbmQiOiJkamFuZ28uY29udHJpYi5hdXRoLmJhY2tlbmRzLk1vZGVsQmFja2VuZCIsIl9hdXRoX3VzZXJfaWQiOiIyIn0=','2019-05-31 17:15:13'),('xdoiuo8hzkfqpc0torgtjb6u0ztg7fm5','MWY4ZjEyNTRjZDJkM2YxYjFkMGY3Y2RkMDgzODYzNjVlMGNjYzMwZjp7Il9hdXRoX3VzZXJfaGFzaCI6Ijc0OTZkZDY2NGMyZjVhM2Q2OTExOTgzMmFmNTA3MTQwNjE0ZDE3NWUiLCJfYXV0aF91c2VyX2JhY2tlbmQiOiJkamFuZ28uY29udHJpYi5hdXRoLmJhY2tlbmRzLk1vZGVsQmFja2VuZCIsIl9hdXRoX3VzZXJfaWQiOiIyIn0=','2018-07-11 12:03:33'),('xq6f8ko9lgzdwi7j1qkw121oujvf0c0g','MWY4ZjEyNTRjZDJkM2YxYjFkMGY3Y2RkMDgzODYzNjVlMGNjYzMwZjp7Il9hdXRoX3VzZXJfaGFzaCI6Ijc0OTZkZDY2NGMyZjVhM2Q2OTExOTgzMmFmNTA3MTQwNjE0ZDE3NWUiLCJfYXV0aF91c2VyX2JhY2tlbmQiOiJkamFuZ28uY29udHJpYi5hdXRoLmJhY2tlbmRzLk1vZGVsQmFja2VuZCIsIl9hdXRoX3VzZXJfaWQiOiIyIn0=','2018-04-29 16:36:57'),('xqtxy30hj7i4jtft1zc5a0ow1i3bzo3i','MWY4ZjEyNTRjZDJkM2YxYjFkMGY3Y2RkMDgzODYzNjVlMGNjYzMwZjp7Il9hdXRoX3VzZXJfaGFzaCI6Ijc0OTZkZDY2NGMyZjVhM2Q2OTExOTgzMmFmNTA3MTQwNjE0ZDE3NWUiLCJfYXV0aF91c2VyX2JhY2tlbmQiOiJkamFuZ28uY29udHJpYi5hdXRoLmJhY2tlbmRzLk1vZGVsQmFja2VuZCIsIl9hdXRoX3VzZXJfaWQiOiIyIn0=','2018-08-24 17:52:52'),('ym4kwlqfer6t1s7j414g342x3bovssgx','MWY4ZjEyNTRjZDJkM2YxYjFkMGY3Y2RkMDgzODYzNjVlMGNjYzMwZjp7Il9hdXRoX3VzZXJfaGFzaCI6Ijc0OTZkZDY2NGMyZjVhM2Q2OTExOTgzMmFmNTA3MTQwNjE0ZDE3NWUiLCJfYXV0aF91c2VyX2JhY2tlbmQiOiJkamFuZ28uY29udHJpYi5hdXRoLmJhY2tlbmRzLk1vZGVsQmFja2VuZCIsIl9hdXRoX3VzZXJfaWQiOiIyIn0=','2018-04-16 09:46:27'),('ywnbjy9kc2mbds28h74rza9br3y56fov','MWY4ZjEyNTRjZDJkM2YxYjFkMGY3Y2RkMDgzODYzNjVlMGNjYzMwZjp7Il9hdXRoX3VzZXJfaGFzaCI6Ijc0OTZkZDY2NGMyZjVhM2Q2OTExOTgzMmFmNTA3MTQwNjE0ZDE3NWUiLCJfYXV0aF91c2VyX2JhY2tlbmQiOiJkamFuZ28uY29udHJpYi5hdXRoLmJhY2tlbmRzLk1vZGVsQmFja2VuZCIsIl9hdXRoX3VzZXJfaWQiOiIyIn0=','2018-09-01 16:49:51'),('z94oyrcnwith0mwdcktxhsu7jw40tcud','MWY4ZjEyNTRjZDJkM2YxYjFkMGY3Y2RkMDgzODYzNjVlMGNjYzMwZjp7Il9hdXRoX3VzZXJfaGFzaCI6Ijc0OTZkZDY2NGMyZjVhM2Q2OTExOTgzMmFmNTA3MTQwNjE0ZDE3NWUiLCJfYXV0aF91c2VyX2JhY2tlbmQiOiJkamFuZ28uY29udHJpYi5hdXRoLmJhY2tlbmRzLk1vZGVsQmFja2VuZCIsIl9hdXRoX3VzZXJfaWQiOiIyIn0=','2018-07-24 12:46:32'),('zbkmyn89mgycncvlj0uwvs9f1cvgb4vs','MWY4ZjEyNTRjZDJkM2YxYjFkMGY3Y2RkMDgzODYzNjVlMGNjYzMwZjp7Il9hdXRoX3VzZXJfaGFzaCI6Ijc0OTZkZDY2NGMyZjVhM2Q2OTExOTgzMmFmNTA3MTQwNjE0ZDE3NWUiLCJfYXV0aF91c2VyX2JhY2tlbmQiOiJkamFuZ28uY29udHJpYi5hdXRoLmJhY2tlbmRzLk1vZGVsQmFja2VuZCIsIl9hdXRoX3VzZXJfaWQiOiIyIn0=','2018-03-31 19:21:54'),('ze14hcy3guvg25avce7mxhzg06binj1t','MWY4ZjEyNTRjZDJkM2YxYjFkMGY3Y2RkMDgzODYzNjVlMGNjYzMwZjp7Il9hdXRoX3VzZXJfaGFzaCI6Ijc0OTZkZDY2NGMyZjVhM2Q2OTExOTgzMmFmNTA3MTQwNjE0ZDE3NWUiLCJfYXV0aF91c2VyX2JhY2tlbmQiOiJkamFuZ28uY29udHJpYi5hdXRoLmJhY2tlbmRzLk1vZGVsQmFja2VuZCIsIl9hdXRoX3VzZXJfaWQiOiIyIn0=','2018-08-24 17:53:03'),('zjfczreoi9b1aaexmehoh1ue08rcpfg0','MWY4ZjEyNTRjZDJkM2YxYjFkMGY3Y2RkMDgzODYzNjVlMGNjYzMwZjp7Il9hdXRoX3VzZXJfaGFzaCI6Ijc0OTZkZDY2NGMyZjVhM2Q2OTExOTgzMmFmNTA3MTQwNjE0ZDE3NWUiLCJfYXV0aF91c2VyX2JhY2tlbmQiOiJkamFuZ28uY29udHJpYi5hdXRoLmJhY2tlbmRzLk1vZGVsQmFja2VuZCIsIl9hdXRoX3VzZXJfaWQiOiIyIn0=','2018-06-18 08:04:10'),('zrdleou6rw0q0wc64ekyub9juz2tio30','Mjg2ZDM0N2ZiZTE1ZmNkNjkxMDU2ZWVhZThhYTU0YjhiOWU2MjEyODp7Il9hdXRoX3VzZXJfaGFzaCI6ImI3ZDdiY2RkMzU5MDE4OTU2MjY0OGM5MWU2NWI2ZDUyOTFkM2Q3MDQiLCJfYXV0aF91c2VyX2JhY2tlbmQiOiJkamFuZ28uY29udHJpYi5hdXRoLmJhY2tlbmRzLk1vZGVsQmFja2VuZCIsIl9hdXRoX3VzZXJfaWQiOiIxIn0=','2018-07-12 02:46:47');
/*!40000 ALTER TABLE `django_session` ENABLE KEYS */;
UNLOCK TABLES;

--
-- Table structure for table `email_job`
--

DROP TABLE IF EXISTS `email_job`;
/*!40101 SET @saved_cs_client     = @@character_set_client */;
/*!40101 SET character_set_client = utf8 */;
CREATE TABLE `email_job` (
  `id` int(11) NOT NULL AUTO_INCREMENT,
  `recipients` text,
  `subject` varchar(255) DEFAULT NULL,
  `body` text,
  `sent` tinyint(1) DEFAULT '0',
  PRIMARY KEY (`id`)
) ENGINE=InnoDB AUTO_INCREMENT=111 DEFAULT CHARSET=utf8;
/*!40101 SET character_set_client = @saved_cs_client */;

--
-- Dumping data for table `email_job`
--

LOCK TABLES `email_job` WRITE;
/*!40000 ALTER TABLE `email_job` DISABLE KEYS */;
INSERT INTO `email_job` VALUES (1,'arundeepak92@gmail.com','Welcome to Uttarakhand Traveller News Feeds','Please on click this link to subscribe our Newsletters \nhttp://127.0.0.1:3333/api/v1/confirm/No71chBADiRqRmqJ0qJIwwMhUbo7ZhIVP15pX5fQnrE4adUxAW',1),(2,'uttarakhandtraveler@gmail.com','Welcome to Uttarakhand Traveller News Feeds','Please on click this link to subscribe our Newsletters \nhttp:go.uttarakhandtraveller.com/api/v1/confirm/jAx8fplx99LOdobhqSZ19opXYkzH67hF2yXKgWVtHeXnTNuwxI',1),(3,'bhartendumehta206@gmail.com','Welcome to Uttarakhand Traveller News Feeds','Please on click this link to subscribe our Newsletters \nhttp:go.uttarakhandtraveller.com/api/v1/confirm/bwVLwtv5Va1Rhepak7o6ok2RvIOlmj0haQ7Yaw9l7T2GQrbxVK',1),(4,'neha.uktrav@gmail.Com','Welcome to Uttarakhand Traveller News Feeds','Please on click this link to subscribe our Newsletters \nhttp:go.uttarakhandtraveller.com/api/v1/confirm/vdcjHAmoDMxPLVuPf1lpzlfF4MFRs3SmWKv5bjI8ucGTnJeAhH',1),(5,'lalitkumarsharma1991@gmail.com','Welcome to Uttarakhand Traveller News Feeds','Please on click this link to subscribe our Newsletters \nhttp:go.uttarakhandtraveller.com/api/v1/confirm/ve8nlz3OtMxUcThPafKM4nSixZvkTdMUWv6XM2teMkfFI4dPyP',1),(6,'saurav.rawat98@gmail.com','Welcome to Uttarakhand Traveller News Feeds','Please on click this link to subscribe our Newsletters \nhttp:go.uttarakhandtraveller.com/api/v1/confirm/Qieak926a390C4gymWujoNMTb1N2PikL2NOlzUWOoLWo3cFk9X',1),(7,'soniawanderlusst@gmail.com','Welcome to Uttarakhand Traveller News Feeds','Please on click this link to subscribe our Newsletters \nhttp:go.uttarakhandtraveller.com/api/v1/confirm/4FFJLXpzSZh5OiBtQV9pT6TXqcbDnG9IAq7XTzkfdaowDYDj88',1),(8,'oms2003om@gmail.com','Welcome to Uttarakhand Traveller News Feeds','Please on click this link to subscribe our Newsletters \nhttp:go.uttarakhandtraveller.com/api/v1/confirm/WClv4mFhsyrMijfAZ8HDzrID1vQhhnLJ4NBQvvZrTRvZm6R9TV',1),(9,'hitane@gmail.com','Welcome to Uttarakhand Traveller News Feeds','Please on click this link to subscribe our Newsletters \nhttp:go.uttarakhandtraveller.com/api/v1/confirm/PYLHRr3jGo1R8IcItCEF0qtNlDBbioVocAzurhdOVz1nczOZJ6',1),(10,'r.k97lucky@gmail.com','Welcome to Uttarakhand Traveller News Feeds','Please on click this link to subscribe our Newsletters \nhttp:go.uttarakhandtraveller.com/api/v1/confirm/YrrzH2SXnuADka3G86TdQ3Ck6HXVNyqurAWpgYYhZKFkBdZRK6',1),(11,'krishkaviveermisty@gmail.com','Welcome to Uttarakhand Traveller News Feeds','Please on click this link to subscribe our Newsletters \nhttp:go.uttarakhandtraveller.com/api/v1/confirm/jxyuxGVE2QhCXcs7SbfBGnAXSjo9m6icgKgMzQugbo0pKgnCcR',1),(12,'gaurprachi69@gmail.com','Welcome to Uttarakhand Traveller News Feeds','Please on click this link to subscribe our Newsletters \nhttp:go.uttarakhandtraveller.com/api/v1/confirm/HBhHw2gq5QHp7VgnH3vS8ijYogjd6vOVTNwhrOAqdayxVp82nQ',1),(13,'r.kpant@hotmail.com','Welcome to Uttarakhand Traveller News Feeds','Please on click this link to subscribe our Newsletters \nhttp://go.uttarakhandtraveller.com/api/v1/confirm/Nn8z5A66mSwYJo1i0xv8bcXo0crnxQBwJHKX4ksCT7aY93xh5b',1),(14,'akshatkapilpanwar@gmail.com','Welcome to Uttarakhand Traveller News Feeds','Please on click this link to subscribe our Newsletters \nhttp://go.uttarakhandtraveller.com/api/v1/confirm/sIz3GoDwRR0bWmnJ9oNooCYnOu8RVoh88tKXSpkZCm6TZMt9nN',1),(15,'amitkmr693@gmail.com','Welcome to Uttarakhand Traveller News Feeds','Please on click this link to subscribe our Newsletters \nhttp://go.uttarakhandtraveller.com/api/v1/confirm/kE4Rz1TvhiVGldSkyP4NDcUF83MLILCNrTn8mM1smF7UDTetPb',1),(16,'shivajijoglekar12@gimail.com','Welcome to Uttarakhand Traveller News Feeds','Please on click this link to subscribe our Newsletters \nhttp://go.uttarakhandtraveller.com/api/v1/confirm/1noQUHS5X2R4rEbK4v7lwaIuvuwcZdcxuuOJUQDze9RiBD8TXN',1),(17,'ckoranga@gmail.com','Welcome to Uttarakhand Traveller News Feeds','Please on click this link to subscribe our Newsletters \nhttp://go.uttarakhandtraveller.com/api/v1/confirm/5u8MsdtS0vZ0iJ5oANNDyxFCDuaoJ1N8dExV5wL5N6LpkX3KaN',1),(18,'neeleendarreddy@gmail.com','Welcome to Uttarakhand Traveller News Feeds','Please on click this link to subscribe our Newsletters \nhttp://go.uttarakhandtraveller.com/api/v1/confirm/MwHu83unqkwaMucGLJOKG1wvFzqpl3QUq5X3A4nHGc1VVrPc6q',1),(19,'priyesh708@gmail.com','Welcome to Uttarakhand Traveller News Feeds','Please on click this link to subscribe our Newsletters \nhttp://go.uttarakhandtraveller.com/api/v1/confirm/olX0n9YucdjY4ZLdUPc8e8Zfx7TJojcQUWvjnCcTs0Wcowykja',1),(20,'babitapapnai02@gmail.com','Welcome to Uttarakhand Traveller News Feeds','Please on click this link to subscribe our Newsletters \nhttp://go.uttarakhandtraveller.com/api/v1/confirm/0bD830qB9jvyeFTOcGqZoQU7Oa6uYPl6A129EMylPW5m7vux16',1),(21,'gaur.aman1@gmail.com','Welcome to Uttarakhand Traveller News Feeds','Please on click this link to subscribe our Newsletters \nhttp://go.uttarakhandtraveller.com/api/v1/confirm/e34ol6i7DkDYEGaeQzPeV9G50nF4Dxtu3070YvNEZvCJoKd3UT',1),(22,'kotharidamini@gmail.com','Welcome to Uttarakhand Traveller News Feeds','Please on click this link to subscribe our Newsletters \nhttp://go.uttarakhandtraveller.com/api/v1/confirm/nXSQz9CcJuSRBQUdH7j7FUpaeVoN79VZdpKKH6cDPYKqyJXHSD',1),(23,'surajknite@gmail.com','Welcome to Uttarakhand Traveller News Feeds','Please on click this link to subscribe our Newsletters \nhttp://go.uttarakhandtraveller.com/api/v1/confirm/zXIBYenidSSFTEnIfndZ231iCBCScgbi9j6V6tQjKbtNh6noMh',1),(24,'vikkkcool331@gmail.com','Welcome to Uttarakhand Traveller News Feeds','Please on click this link to subscribe our Newsletters \nhttp://go.uttarakhandtraveller.com/api/v1/confirm/rLFRCP60yPls8LooO4qTbpioaSW9cndAcmoYjRi7WjxW0Oj1j4',1),(25,'rohillaatull@gmail.com','Welcome to Uttarakhand Traveller News Feeds','Please on click this link to subscribe our Newsletters \nhttp://go.uttarakhandtraveller.com/api/v1/confirm/Su3pPdWhEw9gsw4i4UtfGitZG7fcdmZ9wXTKvtkWo8WqbkKHgh',1),(26,'devesh.kukreti@gmail.com','Welcome to Uttarakhand Traveller News Feeds','Please on click this link to subscribe our Newsletters \nhttp://go.uttarakhandtraveller.com/api/v1/confirm/q7STnFdsQbQfJqqXd5GrSpNnpQMJIfssMMNx4slZ3zbOy14CJM',1),(27,'gs1118164@gmail.com','Welcome to Uttarakhand Traveller News Feeds','Please on click this link to subscribe our Newsletters \nhttp://go.uttarakhandtraveller.com/api/v1/confirm/VAiVBoLrC0nkGSZT2howgNbUMUBajxPQvFAkCxZ9ZFg2HpAAAu',1),(28,'neerajgupta24march@gmail.com','Welcome to Uttarakhand Traveller News Feeds','Please on click this link to subscribe our Newsletters \nhttp://go.uttarakhandtraveller.com/api/v1/confirm/FJ27s0AM84V7jH1GsnMpj3nBtNWvp5KHnpRSQzdKP0HWTDSOIu',1),(29,'madimohd21@gmail.com','Welcome to Uttarakhand Traveller News Feeds','Please on click this link to subscribe our Newsletters \nhttp://go.uttarakhandtraveller.com/api/v1/confirm/9NSkc67bqdghud2ugh5G6SF0yqs8nJCaitRSLavZJYOfU1rWYH',1),(30,'rajesh6875@gmail.com','Welcome to Uttarakhand Traveller News Feeds','Please on click this link to subscribe our Newsletters \nhttp://go.uttarakhandtraveller.com/api/v1/confirm/yuiejm7atZloboFWfuX3twKCbQatcsKj5xGOyTdsYpjfnPFnkg',1),(31,'mehradeepak587@gmail.com','Welcome to Uttarakhand Traveller News Feeds','Please on click this link to subscribe our Newsletters \nhttp://go.uttarakhandtraveller.com/api/v1/confirm/88NMkAlf3rsF3lC7CsjPF2slU42zLaInjHX5HCL81aIdZ0fSQJ',1),(32,'virenderbhandari76@gmai.com','Welcome to Uttarakhand Traveller News Feeds','Please on click this link to subscribe our Newsletters \nhttp://go.uttarakhandtraveller.com/api/v1/confirm/T5L0L6XOGGznZubk74xjgBA8fIUZfDzqbrMEHlZAjpGTxIfzQH',1),(33,'mohannegi9562@gmail.com','Welcome to Uttarakhand Traveller News Feeds','Please on click this link to subscribe our Newsletters \nhttp://go.uttarakhandtraveller.com/api/v1/confirm/up2klxJOnHTidhMSkiochLHwjPlmahR6rybUdtaunUoizagqhy',1),(34,'ajay_tivari@yahoo.com','Welcome to Uttarakhand Traveller News Feeds','Please on click this link to subscribe our Newsletters \nhttp://go.uttarakhandtraveller.com/api/v1/confirm/cNOWLfhdNIoKRscrpMstFBGPTcpR1ukD8D4AmXttGQqNXSCnpd',1),(35,'ashunigam1001@gmail.com','Welcome to Uttarakhand Traveller News Feeds','Please on click this link to subscribe our Newsletters \nhttp://go.uttarakhandtraveller.com/api/v1/confirm/zVtARb6oOuJte4e05NHkBlnOQuejn6r3zYfmDRfoM3ZAYzTVZE',1),(36,'Sahila011@gmail.com','Welcome to Uttarakhand Traveller News Feeds','Please on click this link to subscribe our Newsletters \nhttp://go.uttarakhandtraveller.com/api/v1/confirm/ZANHk4pgDn8GMBaIgDFIS3nZ2jMHIWzVVAbkapI5RZIHZmra54',1),(37,'ram042509@gmail.com','Welcome to Uttarakhand Traveller News Feeds','Please on click this link to subscribe our Newsletters \nhttp://go.uttarakhandtraveller.com/api/v1/confirm/xFxzVbAjKGLkpxTvttDcu9kHO1F8yrBbHzGb6ZlSI0DdGfleV0',1),(38,'ajayrastogi434@gmail.com','Welcome to Uttarakhand Traveller News Feeds','Please on click this link to subscribe our Newsletters \nhttp://go.uttarakhandtraveller.com/api/v1/confirm/G73QpHoYkOTXnx5EFOwzKgzn0N1TzPq1k0ruyiuWRgu7kBENS9',1),(39,'uttarakhandtraveler@gmail.com','Welcome to Uttarakhand Traveller Blog','Please on click this link to confirm your registration with us \nhttp://go.uttarakhandtraveller.com/api/v1/confirm_registration/Lavo5jm6cm1gDbmLSPCBlqmFmmYBcL6RX5V1t75UEGcnJo4RXH',1),(40,'vivekthemindman24@gmail.com','Welcome to Uttarakhand Traveller News Feeds','Please on click this link to subscribe our Newsletters \nhttp://go.uttarakhandtraveller.com/api/v1/confirm/3CGkUEX80cbyQ2Ku7CgzDEPWovRf3Nn97VS093TbE9dbqxkC6m',1),(41,'jibarthwal@gmail.com','Welcome to Uttarakhand Traveller News Feeds','Please on click this link to subscribe our Newsletters \nhttp://go.uttarakhandtraveller.com/api/v1/confirm/Rg6L4C7jqcqZmOeB7Ao6x7N8DAHghsNQ5zrs3eZk6cYcD2FDiV',1),(42,'uttarakhandtraveler@gmail.com','Welcome to Uttarakhand Traveller Blog','Please on click this link to confirm your registration with us \nhttp://go.uttarakhandtraveller.com/api/v1/confirm_registration/iWm9iVXND7ydqjId5q2zcdK0g4iNauuHCbSrEUzrmqIuC2ppCw',1),(43,'mayank.thapliyal1999@gmail.com','Welcome to Uttarakhand Traveller News Feeds','Please on click this link to subscribe our Newsletters \nhttp://go.uttarakhandtraveller.com/api/v1/confirm/0C8kUtLNXDv3mmsWzocJeWngL7HOVV6whZzTSkapdqp2Ls5Kub',1),(44,'rautela.sumit125@gmail.com','Welcome to Uttarakhand Traveller News Feeds','Please on click this link to subscribe our Newsletters \nhttp://go.uttarakhandtraveller.com/api/v1/confirm/esGkEIQZCD2xrxpEpdoSRpEWTLCrn5ilL9b0i9byFzX2IPAcJg',1),(45,'sudhirb53@gmail.com','Welcome to Uttarakhand Traveller News Feeds','Please on click this link to subscribe our Newsletters \nhttp://go.uttarakhandtraveller.com/api/v1/confirm/eIKPSacwjtfsR5gigVcqBwNbxctPhR762ICQpP7ULkwqAplnGq',1),(46,'rohitsinghc588@gmail.com','Welcome to Uttarakhand Traveller News Feeds','Please on click this link to subscribe our Newsletters \nhttp://go.uttarakhandtraveller.com/api/v1/confirm/ykrEQ2wlqkGgkoKhwEVHWrnKDwo0c3QlXJpg5a0feEcNYWlRfj',1),(47,'samdoctor007@gmail.com','Welcome to Uttarakhand Traveller News Feeds','Please on click this link to subscribe our Newsletters \nhttp://go.uttarakhandtraveller.com/api/v1/confirm/P0dRFXp1EVKWrZk6bTZXPngL9aOh86VbVLQHJwkGJKck90KZ5c',1),(48,'roybinay1@gmail.com','Welcome to Uttarakhand Traveller News Feeds','Please on click this link to subscribe our Newsletters \nhttp://go.uttarakhandtraveller.com/api/v1/confirm/Pyk2hzGnitlmxFFRpIVVM5i5oZm4KzSYmoKovgyb6Q5dZj81me',1),(49,'pulkit.malik1521998@gmail.com','Welcome to Uttarakhand Traveller News Feeds','Please on click this link to subscribe our Newsletters \nhttp://go.uttarakhandtraveller.com/api/v1/confirm/gEZPqVFEyoAtOj2L3WnXe78rtdKRz167c1hzfu8eeW7DhZhVju',1),(50,'shubham.butola000@gmail.com','Welcome to Uttarakhand Traveller Blog','Please on click this link to confirm your registration with us \nhttp://go.uttarakhandtraveller.com/api/v1/confirm_registration/pBaXZzGQU3pxq8eZMD82pEUc16zU9W10bq0egwIzw74WGEUCpS',1),(51,'nikhilnagnyal58@gmail.com','Welcome to Uttarakhand Traveller Blog','Please on click this link to confirm your registration with us \nhttp://go.uttarakhandtraveller.com/api/v1/confirm_registration/sjjSUImNekBe8ABRog2Y1dZtTvfwz855fnK1tBsfLlAYWcu9Kc',1),(52,'suguverma1234@gmail.com','Welcome to Uttarakhand Traveller Blog','Please on click this link to confirm your registration with us \nhttp://go.uttarakhandtraveller.com/api/v1/confirm_registration/izR14v8m8CgU9ieN1POXUzNM73DeK0uAiVkkaBJyClSQieLIpc',1),(53,'vanidhyani@gmail.com','Welcome to Uttarakhand Traveller Blog','Please on click this link to confirm your registration with us \nhttp://go.uttarakhandtraveller.com/api/v1/confirm_registration/zEvKnFwf2EjzGCq3fdsGWIDqGTySsS3PPuQZ12zgLnR8lfzXRa',1),(54,'rishabh.1994@gmail.com','Welcome to Uttarakhand Traveller Blog','Please on click this link to confirm your registration with us \nhttp://go.uttarakhandtraveller.com/api/v1/confirm_registration/MlsG4xeHiC7G993brzm8NLjynxPIS9DClM6kACYKk7jzhiBd9B',1),(55,'anuragchamoli1990@gmail.com','Welcome to Uttarakhand Traveller News Feeds','Please on click this link to subscribe our Newsletters \nhttp://go.uttarakhandtraveller.com/api/v1/confirm/3TIm3W3GxKZP041sbdV0PI0RcQxoR4PnZhcHTmTBgHr1N18h2h',1),(56,'kathawachaksudhir@gmail.com','Welcome to Uttarakhand Traveller News Feeds','Please on click this link to subscribe our Newsletters \nhttp://go.uttarakhandtraveller.com/api/v1/confirm/2soGaA9wRzmVy6U2wg8vashY1b1GXGYwEB90SrHITuS9lg2Y7Z',1),(57,'thenezhinarayanan@yahoo.in','Welcome to Uttarakhand Traveller News Feeds','Please on click this link to subscribe our Newsletters \nhttp://go.uttarakhandtraveller.com/api/v1/confirm/tJ7FqOy1E5eV90o8HKDt2tJGoYegiY8rx3STfNPsOzFYnT4MEa',1),(58,'aswal.poonam1@gmail.com','Welcome to Uttarakhand Traveller News Feeds','Please on click this link to subscribe our Newsletters \nhttp://go.uttarakhandtraveller.com/api/v1/confirm/wCH9afvZufI5g2dgUzvDmRYCiHjlhT99gKmFJv1iecw2IncmYR',1),(59,'tapasrishikesh.naithani@gmail.com','Welcome to Uttarakhand Traveller News Feeds','Please on click this link to subscribe our Newsletters \nhttp://go.uttarakhandtraveller.com/api/v1/confirm/T9nkzLStFiyJBsrsKHmzKFCWvZThCXCZ7gEEJ5ZBvFbVFGWZdk',1),(60,'tapasrishikesh.naithani@gmail.com','Welcome to Uttarakhand Traveller Blog','Please on click this link to confirm your registration with us \nhttp://go.uttarakhandtraveller.com/api/v1/confirm_registration/L5CZiS38dBOwj1pk3Ku44u6rJLcH1ALMhu4FeCw5yiXVpqP7AO',1),(61,'sp.saraswat60@gmail.com','Welcome to Uttarakhand Traveller News Feeds','Please on click this link to subscribe our Newsletters \nhttp://go.uttarakhandtraveller.com/api/v1/confirm/9CDmSAkzVulNj7mmFXOpQkvtnwVoJXHhbgzrvln1JYFeiCZi0B',1),(62,'mr.jairajput@gmail.com','Welcome to Uttarakhand Traveller News Feeds','Please on click this link to subscribe our Newsletters \nhttp://go.uttarakhandtraveller.com/api/v1/confirm/DgKKHIXKrNe79bNr4vuVNbEy1FaIBp9i6UxEcKLntc4PdOBJEP',1),(63,'surjeetsinghrawatji2034@gmail.cim','Welcome to Uttarakhand Traveller News Feeds','Please on click this link to subscribe our Newsletters \nhttp://go.uttarakhandtraveller.com/api/v1/confirm/9yytxWSwiRnIvjPBcHxklQKwZTFy7ZrLvilm9KbdqIV6MaECZZ',1),(64,'shauryabhandari121@gmail.com','Welcome to Uttarakhand Traveller Blog','Please on click this link to confirm your registration with us \nhttp://go.uttarakhandtraveller.com/api/v1/confirm_registration/jtxOeAdg2uNw7NDvY6KA5a7tcJAymOYlsgbc0CFsywjf1IGtmm',1),(65,'sharmakailash645@gmail.com','Welcome to Uttarakhand Traveller News Feeds','Please on click this link to subscribe our Newsletters \nhttp://go.uttarakhandtraveller.com/api/v1/confirm/MhKb68dkWrU8xY6qnppMvbTKdtBRDJBF3Tiz0Oapnf3ZkZ7XXG',1),(66,'tulanki@gmail.com','Welcome to Uttarakhand Traveller News Feeds','Please on click this link to subscribe our Newsletters \nhttp://go.uttarakhandtraveller.com/api/v1/confirm/Em6WQjnyEWzGp1j2RT95SMm241gi96LJVWzVisSoJ4RDUC4ekb',1),(67,'kirthika89s@gmail.com','Welcome to Uttarakhand Traveller News Feeds','Please on click this link to subscribe our Newsletters \nhttp://go.uttarakhandtraveller.com/api/v1/confirm/j13Y2OCh5KCIG3h1EKuyzkau3pGPFE75HHNulK2asPaLDyAySX',1),(68,'stympant@gmail.com','Welcome to Uttarakhand Traveller News Feeds','Please on click this link to subscribe our Newsletters \nhttp://go.uttarakhandtraveller.com/api/v1/confirm/qZFqk41Jg3UwnBu5sD1zqpDFulUOKplTdRsYXc699pu8TJowFP',1),(69,'sumitkant741@gmail.com','Welcome to Uttarakhand Traveller News Feeds','Please on click this link to subscribe our Newsletters \nhttp://go.uttarakhandtraveller.com/api/v1/confirm/QJgmZTWckiEskrF2rJQcFvmfjQIrdEM28Rw8sN9nGbNZ3BBvbI',1),(70,'rohitrawat.rr.93@gmail.com','Welcome to Uttarakhand Traveller Blog','Please on click this link to confirm your registration with us \nhttp://go.uttarakhandtraveller.com/api/v1/confirm_registration/fvIaSf32qWj7oPCeiTCssfVZANv03BtP69vFr8ngy6fQu52bRk',1),(71,'akaushik140@gmail.com','Welcome to Uttarakhand Traveller News Feeds','Please on click this link to subscribe our Newsletters \nhttp://go.uttarakhandtraveller.com/api/v1/confirm/eyUJlU0V8AuVyGtjTKJNtn0p7DKSMdcfZ9O0kgifgTvj3ZAWDT',1),(72,'ajay.rawat9650@gmail.com','Welcome to Uttarakhand Traveller News Feeds','Please on click this link to subscribe our Newsletters \nhttp://go.uttarakhandtraveller.com/api/v1/confirm/u8opcodITiOZPVNAnDU7mBOsCTSHjkGJ9QXL4uDYagK8Xzalqo',1),(73,'piyushchamoli2017@gmail.com','Welcome to Uttarakhand Traveller News Feeds','Please on click this link to subscribe our Newsletters \nhttp://go.uttarakhandtraveller.com/api/v1/confirm/RLfnTejpHiFR6KoZapAbR1146h6XidheGGx6m49JwkiKGEY6Hf',1),(74,'sushilksood0@rediffmail.com','Welcome to Uttarakhand Traveller News Feeds','Please on click this link to subscribe our Newsletters \nhttp://go.uttarakhandtraveller.com/api/v1/confirm/8qh0SOIUUY5saOuOuD1Eh42vj5ICACwqIkLDXw1BGurShwmEZm',1),(75,'tkkhilgee@yahoo.com','Welcome to Uttarakhand Traveller News Feeds','Please on click this link to subscribe our Newsletters \nhttp://go.uttarakhandtraveller.com/api/v1/confirm/GxMSMDJ2MBcCYnV1KtQV3TD6Rjc17j0e1ZcI4DTk99EBuD3kw3',1),(76,'vikrammehta319@gmail.com','Welcome to Uttarakhand Traveller News Feeds','Please on click this link to subscribe our Newsletters \nhttp://go.uttarakhandtraveller.com/api/v1/confirm/NnSqdE3TJBi9ABBC942iiSpCxUEgVGlW6nJLpnyUjuwRNfWadU',1),(77,'arundeepak92@gmail.com','This is demo subject','this page has been deployed.-- email by first name ( neha.uktrav@gmail.com ) ',1),(78,'arundeepak92@gmail.com','This is demo subject','hello this is message body.-- email by my name ( lalu@gmail.com ) ',1),(79,'arundeepak92@gmail.com','','-- email by  (  ) ',1),(80,'arundeepak92@gmail.com','This is demo subject','This is demo body This is demo body This is demo body This is demo body-- email by Deepak Mehta ( none@email.com ) ',1),(81,'arundeepak92@gmail.com','aaaa','aaaaaa-- email by a ( arundeepak92@gmail.com ) ',1),(82,'arundeepak92@gmail.com','','-- email by  (  ) ',1),(83,'arundeepak92@gmail.com','','-- email by  (  ) ',1),(84,'himalayanridge@gmail.com','Welcome to Uttarakhand Traveller News Feeds','Please on click this link to subscribe our Newsletters \nhttp://go.uttarakhandtraveller.com/api/v1/confirm/ZCcWPHAVGvavVJnPDx7s3g7YqTPiqGcYDRENjRjaNQ76P0HgCb',1),(85,'vishakha15cs@gmail.com','Welcome to Uttarakhand Traveller News Feeds','Please on click this link to subscribe our Newsletters \nhttp://go.uttarakhandtraveller.com/api/v1/confirm/jm0Ub98anGfHcY5kLaDbdNVX1JNmZcgKUntqirk7kNyWrxsEJc',1),(86,'manushi7895@gmail.com','Welcome to Uttarakhand Traveller News Feeds','Please on click this link to subscribe our Newsletters \nhttp://go.uttarakhandtraveller.com/api/v1/confirm/R4SjACYnM2pxF9vYVtiI0zjZHt8gjALm4EH1X1Kwmh17KkSDqs',1),(87,'koppik@gmail.com','Welcome to Uttarakhand Traveller News Feeds','Please on click this link to subscribe our Newsletters \nhttp://go.uttarakhandtraveller.com/api/v1/confirm/DIGHV65yxJS7vALYLlNsaha6bP59tLTyYcLICvcOsnuCsGNfd9',1),(88,'viky7025@gmail.com','Welcome to Uttarakhand Traveller News Feeds','Please on click this link to subscribe our Newsletters \nhttp://go.uttarakhandtraveller.com/api/v1/confirm/8i5ffPJnaBa5pfNVQ3ceYbvnH71ZRU3VLI4Fy2Ii9IXWosZtfL',1),(89,'prashantdutta92@gmail.com','Welcome to Uttarakhand Traveller News Feeds','Please on click this link to subscribe our Newsletters \nhttp://go.uttarakhandtraveller.com/api/v1/confirm/7IO277ktwASNpgHYMkn0d5e4TRBTjKOvz8s8iafkRApIAcrpcR',1),(90,'nautiyals488@gmail.com','Welcome to Uttarakhand Traveller Blog','Please on click this link to confirm your registration with us \nhttp://go.uttarakhandtraveller.com/api/v1/confirm_registration/DQ8zggVztUlTsxgCx6sJGpCDQouxtLxALLV6LqfzSqVRxsnxpa',1),(91,'vigyan.nigam@gmail.com','Welcome to Uttarakhand Traveller News Feeds','Please on click this link to subscribe our Newsletters \nhttp://go.uttarakhandtraveller.com/api/v1/confirm/bvxNC4fHDeLHt30DVzk5382aCOSN2ZkO2eClUvFCTv6hP8TOQr',1),(92,'rishavnannda@gmail.com','Welcome to Uttarakhand Traveller News Feeds','Please on click this link to subscribe our Newsletters \nhttp://go.uttarakhandtraveller.com/api/v1/confirm/c4PSD4GnMdF953ie4HOQ7gwHRstBKttUNyQOIs4Gp1nIicnpbr',1),(93,'missnitu23@gmail.com','Welcome to Uttarakhand Traveller News Feeds','Please on click this link to subscribe our Newsletters \nhttp://go.uttarakhandtraveller.com/api/v1/confirm/vZgvccpWm8wURnUvoU7Q8WM372xISVOazZonwIUMZjc5H7hz58',1),(94,'nirmisha.popat@hotmail.co.uk','Welcome to Uttarakhand Traveller News Feeds','Please on click this link to subscribe our Newsletters \nhttp://go.uttarakhandtraveller.com/api/v1/confirm/L2qTRO0lJSeNjFWFb2znnnM6plOARiIFWLrBSn04BAaaKOKFJa',1),(95,'arundeepak92@gmail.com','aa','aaa-- email by Jja ( aaa ) ',1),(96,'arundeepak92@gmail.com','aaa','amamaka,a-- email by Deepak Mehta ( Email ) ',1),(97,'shivendra.chauhan621@gmail.com','Welcome to Uttarakhand Traveller News Feeds','Please on click this link to subscribe our Newsletters \nhttp://go.uttarakhandtraveller.com/api/v1/confirm/MhuoRoL2GbVmaGGfHCae6N4l3hKe9N3KCQU77pw35tHjky3W0I',1),(98,'bhartendumehta206@gmail.com,arundeepak92@gmail.com','New Edit request for Place Best Time id 3','Updated info for valley of flowers',1),(99,'bhartendumehta206@gmail.com,arundeepak92@gmail.com','New Edit request for Place Best Time id 1','Good one',1),(100,'bhartendumehta206@gmail.com,arundeepak92@gmail.com','New Edit request for Place Best Time id 2','this is a good place.',1),(101,'bhartendumehta206@gmail.com,arundeepak92@gmail.com','New Edit request for Place Best Time id 15','this is goodl.',1),(102,'bhartendumehta206@gmail.com,arundeepak92@gmail.com','New Edit request for Place Best Time id 21','This is good',1),(103,'albatross.blue@gmail.com','Welcome to Uttarakhand Traveller News Feeds','Please on click this link to subscribe our Newsletters \nhttp://go.uttarakhandtraveller.com/api/v1/confirm/WBwbjZrgZ7b2Ok0rpEXWJMmrnw0914C883XpWBT6Ei28M2xOiw',1),(104,'sufiyansindhi007@gmail.com','Welcome to Uttarakhand Traveller News Feeds','Please on click this link to subscribe our Newsletters \nhttp://go.uttarakhandtraveller.com/api/v1/confirm/FrZKkNvLPaykDkiF8bAMgDB6J8zbRejAiyUCKidxJp4MpOrTMg',1),(105,'surajknite@gmail.com','Welcome to Uttarakhand Traveller News Feeds','Please on click this link to subscribe our Newsletters \nhttp://go.uttarakhandtraveller.com/api/v1/confirm/XZADAoA0CBo4qizb5oHhaVexpoJnDJtN331hine0GbHdTmjNcg',1),(106,'amangagade999.09az@gmail.com','Welcome to Uttarakhand Traveller News Feeds','Please on click this link to subscribe our Newsletters \nhttp://go.uttarakhandtraveller.com/api/v1/confirm/OkWmp9NqOzHeA8FBx7P6s0sliazHQ5RMdFUjwxnJrX4BNcOqR3',1),(107,'kamal020798@gmail.com','Welcome to Uttarakhand Traveller News Feeds','Please on click this link to subscribe our Newsletters \nhttp://go.uttarakhandtraveller.com/api/v1/confirm/9sM1EeH4OiOAU6GrW5GByfGdagUo579ghg8H4o4xnoxNtwXOsz',1),(108,'asd@asd.com','Welcome to Uttarakhand Traveller Blog','Please on click this link to confirm your registration with us \nhttp://go.uttarakhandtraveller.com/api/v1/confirm_registration/CgcUTI85e9Vuero3cZFykocGBgZw46Ztrn2eczN6UamV7t3p6w',1),(109,'surajknite@gmail.com','Welcome to Uttarakhand Traveller News Feeds','Please on click this link to subscribe our Newsletters \nhttp://go.uttarakhandtraveller.com/api/v1/confirm/TFI1XvUkYKUMcZKtCdsWQMLkOHBKi7X2HrDHkKkuMydwTimsAn',1),(110,'sweetvirus95@gmail.com','Welcome to Uttarakhand Traveller Blog','Please on click this link to confirm your registration with us \nhttp://go.uttarakhandtraveller.com/api/v1/confirm_registration/aVZIqE4KaFydVyAefhMm2NdSuPAIPp9DPSOvZQr4yanQDK63AY',1);
/*!40000 ALTER TABLE `email_job` ENABLE KEYS */;
UNLOCK TABLES;

--
-- Table structure for table `image`
--

DROP TABLE IF EXISTS `image`;
/*!40101 SET @saved_cs_client     = @@character_set_client */;
/*!40101 SET character_set_client = utf8 */;
CREATE TABLE `image` (
  `id` int(11) NOT NULL AUTO_INCREMENT,
  `url` varchar(150) NOT NULL,
  `status` tinyint(1) DEFAULT '1',
  `thumbnail` varchar(500) DEFAULT NULL,
  PRIMARY KEY (`id`)
) ENGINE=InnoDB AUTO_INCREMENT=283 DEFAULT CHARSET=utf8;
/*!40101 SET character_set_client = @saved_cs_client */;

--
-- Dumping data for table `image`
--

LOCK TABLES `image` WRITE;
/*!40000 ALTER TABLE `image` DISABLE KEYS */;
INSERT INTO `image` VALUES (1,'thumbnail/large/Kausani.jpg',1,'thumbnail/small/Kausani.jpg'),(2,'thumbnail/large/26872810_207204843192425_1414628735423873024_n.jpg',1,'thumbnail/small/26872810_207204843192425_1414628735423873024_n.jpg'),(3,'thumbnail/large/26066668_775046532683935_7593129539375464448_n.jpg',1,'thumbnail/small/26066668_775046532683935_7593129539375464448_n.jpg'),(4,'places/4/29244024_347733202411823_7302052350963237196_n.jpg',1,'thumbnail/small/29244024_347733202411823_7302052350963237196_n.jpg'),(7,'places/None/FB_IMG_15082581926560514.jpg',1,'thumbnail/small/FB_IMG_15082581926560514.jpg'),(8,'places/None/FB_IMG_15160673444776057.jpg',1,'thumbnail/small/FB_IMG_15160673444776057.jpg'),(9,'places/None/images.jpg',1,'thumbnail/small/images.jpg'),(10,'thumbnail/large/800px-Rani_Jheel_Ranikhet.jpg',1,'thumbnail/small/800px-Rani_Jheel_Ranikhet.jpg'),(11,'places/None/FB_IMG_15125284587785590.jpg',1,'thumbnail/small/FB_IMG_15125284587785590.jpg'),(12,'thumbnail/large/IMG_3833.JPG',1,'thumbnail/small/IMG_3833.JPG'),(14,'places/None/FB_IMG_15166102337669570.jpg',1,'thumbnail/small/FB_IMG_15166102337669570.jpg'),(15,'places/None/FB_IMG_1520747566053.jpg',1,'thumbnail/small/FB_IMG_1520747566053.jpg'),(16,'thumbnail/large/28165182_159482234852718_8499532224741975417_o.jpg',1,'thumbnail/small/28165182_159482234852718_8499532224741975417_o.jpg'),(17,'places/17/edit_1.jpg',1,'thumbnail/small/edit_1.jpg'),(18,'thumbnail/large/tung.jpg',1,'thumbnail/small/tung.jpg'),(19,'places/None/nainital.jpg',1,'thumbnail/small/nainital.jpg'),(20,'places/None/The_Mall_Road_Nainital_18497-768x509.jpg',1,'thumbnail/small/The_Mall_Road_Nainital_18497-768x509.jpg'),(21,'thumbnail/large/34669090421_d816d5fb5f_b.jpg',1,'thumbnail/small/34669090421_d816d5fb5f_b.jpg'),(22,'places/None/nanitaal-full-view.jpg',1,'thumbnail/small/nanitaal-full-view.jpg'),(23,'places/None/29684257_752525074951771_7412047190841456226_n.jpg',1,'thumbnail/small/29684257_752525074951771_7412047190841456226_n.jpg'),(24,'thumbnail/large/33982557143_ac679744cd_c.jpg',1,'thumbnail/small/33982557143_ac679744cd_c.jpg'),(25,'places/None/2566610477_a287917f7f_z.jpg',1,'thumbnail/small/2566610477_a287917f7f_z.jpg'),(26,'places/None/9322436426_a7e92c4966_m.jpg',1,'places/None/9322436426_a7e92c4966_m.jpg'),(27,'thumbnail/large/gope.jpg',1,'thumbnail/small/gope.jpg'),(28,'places/None/9322436426_a7e92c4966_z.jpg',1,'thumbnail/small/9322436426_a7e92c4966_z.jpg'),(29,'places/None/gopinath-mandirgopeshwar.jpg',1,'thumbnail/small/gopinath-mandirgopeshwar.jpg'),(30,'thumbnail/large/karn_1.jpg',1,'thumbnail/small/karn_1.jpg'),(31,'thumbnail/large/karn_2.jpg',1,'thumbnail/small/karn_2.jpg'),(32,'thumbnail/large/karn_3.jpg',1,'thumbnail/small/karn_3.jpg'),(33,'places/None/Lansdowne.jpg',1,'thumbnail/small/Lansdowne.jpg'),(34,'thumbnail/large/Bhulla_Tal_Lake.jpg',1,'thumbnail/small/Bhulla_Tal_Lake.jpg'),(35,'places/None/Tarkeshwar-Mahadev-Mandir.jpg',1,'thumbnail/small/Tarkeshwar-Mahadev-Mandir.jpg'),(36,'places/None/Pauri_Town.jpg',1,'thumbnail/small/Pauri_Town.jpg'),(37,'thumbnail/large/Pauri-Garhwal.jpg',1,'thumbnail/small/Pauri-Garhwal.jpg'),(38,'places/None/khirsu_village.jpg',1,'thumbnail/small/khirsu_village.jpg'),(39,'places/None/mussoorie_mall_road.jpg',1,'thumbnail/small/mussoorie_mall_road.jpg'),(40,'places/None/munsiyari-1.jpg',1,'thumbnail/small/munsiyari-1.jpg'),(41,'places/None/mussoorie_kemty_fall.jpg',1,'thumbnail/small/mussoorie_kemty_fall.jpg'),(42,'places/None/mussoorie_1.jpg',1,'thumbnail/small/mussoorie_1.jpg'),(43,'places/None/Rishikesh_sophieleigh.JPG',1,'thumbnail/small/Rishikesh_sophieleigh.JPG'),(44,'places/None/Rishikesh_suraj_love_photography.JPG',1,'thumbnail/small/Rishikesh_suraj_love_photography.JPG'),(45,'places/None/Rishikesh_yoga_bhagavati.JPG',1,'thumbnail/small/Rishikesh_yoga_bhagavati.JPG'),(46,'places/None/rishikesh__ak9ash.JPG',1,'thumbnail/small/rishikesh__ak9ash.JPG'),(47,'places/None/rishikesh_prachi__wanderlust.JPG',1,'thumbnail/small/rishikesh_prachi__wanderlust.JPG'),(48,'places/None/Rishikesh_anthony_valeriano.JPG',1,'thumbnail/small/Rishikesh_anthony_valeriano.JPG'),(49,'places/None/tanakpur_kohleyedme.JPG',1,'thumbnail/small/tanakpur_kohleyedme.JPG'),(50,'thumbnail/large/purnagiri_temple_amar_ujjala.jpeg',1,'thumbnail/small/purnagiri_temple_amar_ujjala.jpeg'),(51,'thumbnail/large/Udham_singh_nagarRudrapur.jpg',1,'thumbnail/small/Udham_singh_nagarRudrapur.jpg'),(52,'thumbnail/large/Rudrapur.jpg',1,'thumbnail/small/Rudrapur.jpg'),(53,'thumbnail/large/rudrapur_rail.jpg',1,'thumbnail/small/rudrapur_rail.jpg'),(54,'thumbnail/large/rudrapur_atariya_temple_1.jpg',1,'thumbnail/small/rudrapur_atariya_temple_1.jpg'),(55,'places/None/Uma_devi.jpg',1,'places/None/Uma_devi.jpg'),(56,'places/None/uma.jpg',1,'thumbnail/small/uma.jpg'),(57,'places/None/mukteshwar_1.JPG',1,'thumbnail/small/mukteshwar_1.JPG'),(58,'places/None/mukteshwar_rock.JPG',1,'thumbnail/small/mukteshwar_rock.JPG'),(59,'thumbnail/large/DSC03579.JPG',1,'thumbnail/small/DSC03579.JPG'),(60,'thumbnail/large/IMG_20160523_151015.jpg',1,'thumbnail/small/IMG_20160523_151015.jpg'),(61,'places/None/FB_IMG_1523545642012.jpg',1,'thumbnail/small/FB_IMG_1523545642012.jpg'),(62,'places/None/govind-ballabh-pant-museum-almora.jpg',1,'thumbnail/small/govind-ballabh-pant-museum-almora.jpg'),(63,'places/None/363732392Almora_Deer_Park_Main.jpg',1,'thumbnail/small/363732392Almora_Deer_Park_Main.jpg'),(64,'places/None/FB_IMG_1522584168008.jpg',1,'thumbnail/small/FB_IMG_1522584168008.jpg'),(65,'places/None/FB_IMG_15105048745163102.jpg',1,'thumbnail/small/FB_IMG_15105048745163102.jpg'),(66,'places/None/mukteshwar_mytraveltrails.JPG',1,'thumbnail/small/mukteshwar_mytraveltrails.JPG'),(67,'places/None/munsiyari_insta_shauka.JPG',1,'thumbnail/small/munsiyari_insta_shauka.JPG'),(68,'places/None/uttarkashi_nirajpanchariya.JPG',1,'thumbnail/small/uttarkashi_nirajpanchariya.JPG'),(69,'places/None/uttarkashi_thebohemian_gypsies.JPG',1,'thumbnail/small/uttarkashi_thebohemian_gypsies.JPG'),(70,'places/None/220px-Sitavani_temple_Jim_Corbet_National_Park_Ramnagar_Uttarakhand_2.jpg',1,'places/None/220px-Sitavani_temple_Jim_Corbet_National_Park_Ramnagar_Uttarakhand_2.jpg'),(71,'places/None/FB_IMG_1522985503051.jpg',1,'thumbnail/small/FB_IMG_1522985503051.jpg'),(72,'places/None/FB_IMG_15081312239175357.jpg',1,'thumbnail/small/FB_IMG_15081312239175357.jpg'),(73,'places/None/FB_IMG_1521206012936.jpg',1,'thumbnail/small/FB_IMG_1521206012936.jpg'),(74,'thumbnail/large/Aullii.jpg',1,'thumbnail/small/Aullii.jpg'),(75,'places/None/Auli_hansal_patel25.JPG',1,'thumbnail/small/Auli_hansal_patel25.JPG'),(76,'thumbnail/large/Dehradun-925003643-6470471-1-1.jpg',1,'thumbnail/small/Dehradun-925003643-6470471-1-1.jpg'),(77,'places/None/haridwar_thekartik01.JPG',1,'thumbnail/small/haridwar_thekartik01.JPG'),(78,'places/None/haridwar_dmanab.JPG',1,'thumbnail/small/haridwar_dmanab.JPG'),(79,'places/None/chakrata.jpg',1,'thumbnail/small/chakrata.jpg'),(80,'places/None/chakrata1.jpg',1,'thumbnail/small/chakrata1.jpg'),(81,'places/None/chakrata2.jpg',1,'thumbnail/small/chakrata2.jpg'),(82,'places/None/Lohaghat-Hill-Station.jpg',1,'thumbnail/small/Lohaghat-Hill-Station.jpg'),(83,'places/None/lohaghat.JPG',1,'thumbnail/small/lohaghat.JPG'),(84,'places/None/pithoragarh-banner1.jpg',1,'thumbnail/small/pithoragarh-banner1.jpg'),(85,'thumbnail/large/pithorag.jpg',1,'thumbnail/small/pithorag.jpg'),(86,'thumbnail/large/jeevan-paying-guest-house-23-08-2015-348.jpg',1,'thumbnail/small/jeevan-paying-guest-house-23-08-2015-348.jpg'),(87,'thumbnail/large/joshimath_dj_ankit_mafio_fkHM2PK.jpeg',1,'thumbnail/small/joshimath_dj_ankit_mafio_fkHM2PK.jpeg'),(88,'thumbnail/large/joshimath_ishita.tiwari.jpg',1,'thumbnail/small/joshimath_ishita.tiwari.jpg'),(89,'thumbnail/large/joshimath_kanak_negi_93.jpeg',1,'thumbnail/small/joshimath_kanak_negi_93.jpeg'),(90,'thumbnail/large/joshimath_hermosa_exploration.jpeg',1,'thumbnail/small/joshimath_hermosa_exploration.jpeg'),(91,'places/None/Chaukori.jpg',1,'thumbnail/small/Chaukori.jpg'),(92,'thumbnail/large/Chaukori_s5I8B1N.jpg',1,'thumbnail/small/Chaukori_s5I8B1N.jpg'),(93,'thumbnail/large/badrinath_mr_ravi_chauhan.jpeg',1,'thumbnail/small/badrinath_mr_ravi_chauhan.jpeg'),(94,'thumbnail/large/badrinath_anandsphotography1.jpeg',1,'thumbnail/small/badrinath_anandsphotography1.jpeg'),(95,'thumbnail/large/badrinath_pant_deepak.jpeg',1,'thumbnail/small/badrinath_pant_deepak.jpeg'),(96,'thumbnail/large/rudraprayag_n.jpg',1,'thumbnail/small/rudraprayag_n.jpg'),(97,'places/None/rudraprayag_1_n.jpg',1,'thumbnail/small/rudraprayag_1_n.jpg'),(98,'places/None/edit_1_3yg0lf2.jpg',1,'thumbnail/small/edit_1_3yg0lf2.jpg'),(99,'thumbnail/large/tehri_rajhan9412.jpeg',1,'thumbnail/small/tehri_rajhan9412.jpeg'),(100,'thumbnail/large/tehri_shreeankmishra.jpeg',1,'thumbnail/small/tehri_shreeankmishra.jpeg'),(101,'thumbnail/large/surkhanda_lionelsumit.jpeg',1,'thumbnail/small/surkhanda_lionelsumit.jpeg'),(102,'thumbnail/large/surkhanda.jpeg',1,'thumbnail/small/surkhanda.jpeg'),(103,'thumbnail/large/kirti_nagar_bhupi_maderna.jpeg',1,'thumbnail/small/kirti_nagar_bhupi_maderna.jpeg'),(104,'thumbnail/large/kirti_nagar_yash078511.jpeg',1,'thumbnail/small/kirti_nagar_yash078511.jpeg'),(105,'places/None/gangotri-temple.jpg',1,'thumbnail/small/gangotri-temple.jpg'),(106,'places/None/gangotri_temple.jpeg',1,'thumbnail/small/gangotri_temple.jpeg'),(107,'thumbnail/large/bhowai.jpeg',1,'thumbnail/small/bhowai.jpeg'),(108,'thumbnail/large/gairsainn.jpg',1,'thumbnail/small/gairsainn.jpg'),(109,'places/None/gairsain.jpg',1,'thumbnail/small/gairsain.jpg'),(110,'places/110/bhimtal_n.jpg',1,'thumbnail/small/bhimtal_n.jpg'),(111,'thumbnail/large/srinagar_thetravellingmonk.jpg',1,'thumbnail/small/srinagar_thetravellingmonk.jpg'),(112,'thumbnail/large/srinagar_iamyatindra.jpg',1,'thumbnail/small/srinagar_iamyatindra.jpg'),(113,'places/None/haldwani_shreyanshvisuals.jpg',1,'thumbnail/small/haldwani_shreyanshvisuals.jpg'),(114,'places/None/haldwani.jpg',1,'thumbnail/small/haldwani.jpg'),(115,'thumbnail/large/chauli_ki_jali_payalkalra.jpeg',1,'thumbnail/small/chauli_ki_jali_payalkalra.jpeg'),(116,'places/None/chauli_ki_jali_anuragjha.jpeg',1,'thumbnail/small/chauli_ki_jali_anuragjha.jpeg'),(117,'places/None/chauli_ki_jali_aastik_nastik_sarcastic.jpeg',1,'thumbnail/small/chauli_ki_jali_aastik_nastik_sarcastic.jpeg'),(118,'places/None/chauli_ki_jali_rachitas_travel_tales.jpeg',1,'places/None/chauli_ki_jali_rachitas_travel_tales.jpeg'),(119,'places/None/bhula_gada_waterfall_trip_advisor.jpg',1,'thumbnail/small/bhula_gada_waterfall_trip_advisor.jpg'),(120,'places/None/bhula_gaad_waterfall_trip_advier.jpg',1,'thumbnail/small/bhula_gaad_waterfall_trip_advier.jpg'),(121,'places/None/indian-veterinary-research.jpg',1,'thumbnail/small/indian-veterinary-research.jpg'),(122,'thumbnail/large/mukteshwar_templ.jpg',1,'thumbnail/small/mukteshwar_templ.jpg'),(123,'thumbnail/large/mukteshwar-temple.jpg',1,'thumbnail/small/mukteshwar-temple.jpg'),(124,'thumbnail/large/bright-end-corner-n-the_tripadvisor.jpg',1,'thumbnail/small/bright-end-corner-n-the_tripadvisor.jpg'),(125,'thumbnail/large/a-view-of-almora_tripadvisor.jpg',1,'thumbnail/small/a-view-of-almora_tripadvisor.jpg'),(126,'thumbnail/large/deer-park-almora-ho-almora-tourist-attraction-9jcwmo5.jpg',1,'thumbnail/small/deer-park-almora-ho-almora-tourist-attraction-9jcwmo5.jpg'),(127,'thumbnail/large/katarmal_sun_temple.jpg',1,'thumbnail/small/katarmal_sun_temple.jpg'),(128,'thumbnail/large/kasar_devi.jpg',1,'thumbnail/small/kasar_devi.jpg'),(129,'thumbnail/large/n.jpg',1,'thumbnail/small/n.jpg'),(130,'thumbnail/large/sattal-lake_tripadvisor.jpg',1,'thumbnail/small/sattal-lake_tripadvisor.jpg'),(131,'places/None/bhimtal1.jpg',1,'thumbnail/small/bhimtal1.jpg'),(132,'thumbnail/large/Bhulla_Tal_Lake.jpg',1,'thumbnail/small/Bhulla_Tal_Lake.jpg'),(133,'thumbnail/large/tip-in-top-point_trip_advisores.jpg',1,'thumbnail/small/tip-in-top-point_trip_advisores.jpg'),(134,'thumbnail/large/tip_n_top_trip_advisrss.jpg',1,'thumbnail/small/tip_n_top_trip_advisrss.jpg'),(135,'thumbnail/large/darwan-singh-museum_trip_adisore.jpg',1,'thumbnail/small/darwan-singh-museum_trip_adisore.jpg'),(136,'places/None/Bhim_Pakora_theunknowntravellerindia.jpeg',1,'thumbnail/small/Bhim_Pakora_theunknowntravellerindia.jpeg'),(138,'http://www.uttarakhandtraveller.com/media/uploaded/accident2.jpg',1,'http://www.uttarakhandtraveller.com/media/thumbnail/small/accident2.jpg'),(139,'places/None/gaula_barrage_chardham.jpg',1,'thumbnail/small/gaula_barrage_chardham.jpg'),(140,'thumbnail/large/haidakhan_ashram_haldwani.jpg',1,'thumbnail/small/haidakhan_ashram_haldwani.jpg'),(141,'places/None/Sanjay_Van.jpg',1,'thumbnail/small/Sanjay_Van.jpg'),(142,'places/None/Rishikesh_sophieleigh_N9NvSnb.JPG',1,'thumbnail/small/Rishikesh_sophieleigh_N9NvSnb.JPG'),(143,'places/None/rishikesh_prachi__wanderlust_HgInrFG.JPG',1,'thumbnail/small/rishikesh_prachi__wanderlust_HgInrFG.JPG'),(144,'places/None/Bealtes_ashram_marliinuss.png',1,'thumbnail/small/Bealtes_ashram_marliinuss.png'),(145,'thumbnail/large/bealtes_ashram_karthi_kanmani.jpeg',1,'thumbnail/small/bealtes_ashram_karthi_kanmani.jpeg'),(146,'http://www.uttarakhandtraveller.com/media/thumbnail/large/gairsain.jpg',1,'http://www.uttarakhandtraveller.com/media/thumbnail/small/gairsain.jpg'),(147,'places/None/mussoorie_kemty_suddir_sd.JPG',1,'thumbnail/small/mussoorie_kemty_suddir_sd.JPG'),(148,'places/None/Camelsbackroad.jpg',1,'thumbnail/small/Camelsbackroad.jpg'),(149,'thumbnail/large/Gun_Hill_roohichhabra.jpeg',1,'thumbnail/small/Gun_Hill_roohichhabra.jpeg'),(150,'thumbnail/large/lal-tibba-mussoorie_trip_advisore.jpg',1,'thumbnail/small/lal-tibba-mussoorie_trip_advisore.jpg'),(151,'thumbnail/large/Happy_Valley_Mussoorie.jpg',1,'thumbnail/small/Happy_Valley_Mussoorie.jpg'),(152,'places/None/happy-valley.jpg',1,'thumbnail/small/happy-valley.jpg'),(153,'places/153/FB_IMG_1530463902713.jpg',1,'thumbnail/small/FB_IMG_1530463902713.jpg'),(154,'thumbnail/large/mussoorie_company_bag.jpg',1,'thumbnail/small/mussoorie_company_bag.jpg'),(155,'places/None/nauti_village_1.jpg',1,'thumbnail/small/nauti_village_1.jpg'),(156,'places/None/nauti_village.jpg',1,'thumbnail/small/nauti_village.jpg'),(157,'thumbnail/large/sahastradhara_swati8sharma.jpeg',1,'thumbnail/small/sahastradhara_swati8sharma.jpeg'),(158,'thumbnail/large/sahastradhara_nawangsonamd.jpeg',1,'thumbnail/small/sahastradhara_nawangsonamd.jpeg'),(159,'places/None/profile_picture.png',1,'places/None/profile_picture.png'),(160,'places/160/IMG_1528507012382.jpg',1,'places/160/IMG_1528507012382.jpg'),(161,'http://www.uttarakhandtraveller.com/media/thumbnail/large/Jellyfish.jpg',1,'http://www.uttarakhandtraveller.com/media/thumbnail/small/Jellyfish.jpg'),(162,'http://www.uttarakhandtraveller.com/media/thumbnail/large/Koala.jpg',1,'http://www.uttarakhandtraveller.com/media/thumbnail/small/Koala.jpg'),(163,'http://www.uttarakhandtraveller.com/media/thumbnail/large/Lighthouse.jpg',1,'http://www.uttarakhandtraveller.com/media/thumbnail/small/Lighthouse.jpg'),(164,'http://www.uttarakhandtraveller.com/media/thumbnail/large/Penguins.jpg',1,'http://www.uttarakhandtraveller.com/media/thumbnail/small/Penguins.jpg'),(165,'places/165/FB_IMG_1527424028166.jpg',1,'thumbnail/small/FB_IMG_1527424028166.jpg'),(166,'places/None/FB_IMG_1531238919399.jpg',1,'thumbnail/small/FB_IMG_1531238919399.jpg'),(167,'places/167/robber-s-cave.jpg',1,'thumbnail/small/bhartu_r.jpg'),(168,'places/None/tapovan_tripadvior.jpg',1,'thumbnail/small/tapovan_tripadvior.jpg'),(169,'places/None/tapovan-trek5-kuari-pass-.jpg',1,'thumbnail/small/tapovan-trek5-kuari-pass-.jpg'),(170,'thumbnail/large/lachhiwala_trip_advisore.jpg',1,'thumbnail/small/lachhiwala_trip_advisore.jpg'),(171,'thumbnail/large/lachhiwala_tripadvior.jpg',1,'thumbnail/small/lachhiwala_tripadvior.jpg'),(172,'thumbnail/large/birthi_fall_shefali_0370.jpeg',1,'thumbnail/small/birthi_fall_shefali_0370.jpeg'),(173,'http://www.uttarakhandtraveller.com/media/thumbnail/large/IMG-20170110-WA0017.jpg',1,'http://www.uttarakhandtraveller.com/media/thumbnail/small/IMG-20170110-WA0017.jpg'),(174,'http://www.uttarakhandtraveller.com/media/thumbnail/large/IMG-20170110-WA0018.jpg',1,'http://www.uttarakhandtraveller.com/media/thumbnail/small/IMG-20170110-WA0018.jpg'),(175,'http://www.uttarakhandtraveller.com/media/thumbnail/large/IMG-20170110-WA0019.jpg',1,'http://www.uttarakhandtraveller.com/media/thumbnail/small/IMG-20170110-WA0019.jpg'),(176,'http://www.uttarakhandtraveller.com/media/thumbnail/large/IMG-20170110-WA0024.jpg',1,'http://www.uttarakhandtraveller.com/media/thumbnail/small/IMG-20170110-WA0024.jpg'),(177,'places/None/FB_IMG_1530433825327.jpg',1,'thumbnail/small/FB_IMG_1530433825327.jpg'),(178,'places/None/FB_IMG_1531402457789.jpg',1,'thumbnail/small/FB_IMG_1531402457789.jpg'),(179,'thumbnail/large/maheshwari-kund.jpg',1,'thumbnail/small/maheshwari-kund.jpg'),(180,'thumbnail/large/traveling-is-my-passion.jpg',1,'thumbnail/small/traveling-is-my-passion.jpg'),(181,'places/None/FB_IMG_1530463362588.jpg',1,'thumbnail/small/FB_IMG_1530463362588.jpg'),(182,'places/None/FB_IMG_1530463362588_bHQdpVT.jpg',1,'thumbnail/small/FB_IMG_1530463362588_bHQdpVT.jpg'),(183,'places/None/FB_IMG_15161999312862042.jpg',1,'thumbnail/small/FB_IMG_15161999312862042.jpg'),(184,'thumbnail/large/kot_brahmari.jpg',1,'thumbnail/small/kot_brahmari.jpg'),(185,'thumbnail/large/bajnath.jpg',1,'thumbnail/small/bajnath.jpg'),(186,'thumbnail/large/baijnath_..jpg',1,'thumbnail/small/baijnath_..jpg'),(187,'thumbnail/large/yamunotri_templee.jpg',1,'thumbnail/small/yamunotri_templee.jpg'),(188,'thumbnail/large/fri.jpg',1,'thumbnail/small/fri.jpg'),(189,'thumbnail/large/fri_nnsaki1.jpg',1,'thumbnail/small/fri_nnsaki1.jpg'),(190,'http://www.uttarakhandtraveller.com/media/uploaded/img_5118-1.jpg',1,'http://www.uttarakhandtraveller.com/media/thumbnail/small/img_5118-1.jpg'),(191,'http://www.uttarakhandtraveller.com/media/uploaded/trek 000.jpg',1,'http://www.uttarakhandtraveller.com/media/thumbnail/small/trek 000.jpg'),(192,'http://www.uttarakhandtraveller.com/media/uploaded/trek 00.jpg',1,'http://www.uttarakhandtraveller.com/media/thumbnail/small/trek 00.jpg'),(193,'http://www.uttarakhandtraveller.com/media/uploaded/trek 0.jpg',1,'http://www.uttarakhandtraveller.com/media/thumbnail/small/trek 0.jpg'),(194,'http://www.uttarakhandtraveller.com/media/uploaded/trek 1.jpg',1,'http://www.uttarakhandtraveller.com/media/thumbnail/small/trek 1.jpg'),(195,'http://www.uttarakhandtraveller.com/media/uploaded/trek 2.jpg',1,'http://www.uttarakhandtraveller.com/media/thumbnail/small/trek 2.jpg'),(196,'http://www.uttarakhandtraveller.com/media/uploaded/trek 3.jpg',1,'http://www.uttarakhandtraveller.com/media/thumbnail/small/trek 3.jpg'),(197,'http://www.uttarakhandtraveller.com/media/uploaded/trek 4.jpg',1,'http://www.uttarakhandtraveller.com/media/thumbnail/small/trek 4.jpg'),(198,'http://www.uttarakhandtraveller.com/media/uploaded/trek 5.jpg',1,'http://www.uttarakhandtraveller.com/media/thumbnail/small/trek 5.jpg'),(199,'http://www.uttarakhandtraveller.com/media/uploaded/trek 6.jpg',1,'http://www.uttarakhandtraveller.com/media/thumbnail/small/trek 6.jpg'),(200,'http://www.uttarakhandtraveller.com/media/uploaded/trek 7.jpg',1,'http://www.uttarakhandtraveller.com/media/thumbnail/small/trek 7.jpg'),(201,'http://www.uttarakhandtraveller.com/media/thumbnail/large/dsc01552.jpg',1,'http://www.uttarakhandtraveller.com/media/thumbnail/small/dsc01552.jpg'),(202,'http://www.uttarakhandtraveller.com/media/thumbnail/large/p10100392.jpg',1,'http://www.uttarakhandtraveller.com/media/thumbnail/small/p10100392.jpg'),(203,'http://www.uttarakhandtraveller.com/media/uploaded/Capture.PNG',1,'http://www.uttarakhandtraveller.com/media/thumbnail/small/Capture.PNG'),(204,'http://www.uttarakhandtraveller.com/media/thumbnail/large/Capture1.PNG',1,'http://www.uttarakhandtraveller.com/media/thumbnail/small/Capture1.PNG'),(205,'http://www.uttarakhandtraveller.com/media/uploaded/Capture3.PNG',1,'http://www.uttarakhandtraveller.com/media/thumbnail/small/Capture3.PNG'),(206,'http://www.uttarakhandtraveller.com/media/thumbnail/large/Capture4.PNG',1,'http://www.uttarakhandtraveller.com/media/thumbnail/small/Capture4.PNG'),(207,'http://www.uttarakhandtraveller.com/media/uploaded/Capture6.PNG',1,'http://www.uttarakhandtraveller.com/media/thumbnail/small/Capture6.PNG'),(208,'http://www.uttarakhandtraveller.com/media/uploaded/Capture5.PNG',1,'http://www.uttarakhandtraveller.com/media/thumbnail/small/Capture5.PNG'),(209,'places/None/harsil_tripadvisor.jpg',1,'thumbnail/small/harsil_tripadvisor.jpg'),(210,'places/None/harsil-trip_advisor.jpg',1,'thumbnail/small/harsil-trip_advisor.jpg'),(211,'http://www.uttarakhandtraveller.com/media/uploaded/Capture7.PNG',1,'http://www.uttarakhandtraveller.com/media/thumbnail/small/Capture7.PNG'),(212,'http://www.uttarakhandtraveller.com/media/uploaded/Capture14.PNG',1,'http://www.uttarakhandtraveller.com/media/uploaded/Capture14.PNG'),(213,'http://www.uttarakhandtraveller.com/media/uploaded/Capture13.PNG',1,'http://www.uttarakhandtraveller.com/media/thumbnail/small/Capture13.PNG'),(214,'http://www.uttarakhandtraveller.com/media/thumbnail/large/Capture12.PNG',1,'http://www.uttarakhandtraveller.com/media/thumbnail/small/Capture12.PNG'),(215,'http://www.uttarakhandtraveller.com/media/uploaded/Capture10.PNG',1,'http://www.uttarakhandtraveller.com/media/thumbnail/small/Capture10.PNG'),(216,'http://www.uttarakhandtraveller.com/media/uploaded/Capture9.PNG',1,'http://www.uttarakhandtraveller.com/media/thumbnail/small/Capture9.PNG'),(217,'http://www.uttarakhandtraveller.com/media/uploaded/Capture11.PNG',1,'http://www.uttarakhandtraveller.com/media/thumbnail/small/Capture11.PNG'),(221,'http://www.uttarakhandtraveller.com/media/thumbnail/large/post_18_aanCbprs8TPtpw3.jpeg',1,'http://www.uttarakhandtraveller.com/media/thumbnail/small/post_18_aanCbprs8TPtpw3.jpeg'),(223,'places/None/shivpuri.jpg',1,'thumbnail/small/shivpuri.jpg'),(224,'thumbnail/large/choptaa.jpg',1,'thumbnail/small/choptaa.jpg'),(225,'thumbnail/large/chopta.jpg',1,'thumbnail/small/chopta.jpg'),(226,'places/None/trek_0.jpg',1,'thumbnail/small/trek_0.jpg'),(227,'thumbnail/large/khaliya.jpg',1,'thumbnail/small/khaliya.jpg'),(228,'thumbnail/large/start-point-Khaliya-top-trek-Munsiyari.jpg',1,'thumbnail/small/start-point-Khaliya-top-trek-Munsiyari.jpg'),(229,'thumbnail/large/dol_i.jpg',1,'thumbnail/small/dol_i.jpg'),(230,'places/None/dol.jpg',1,'thumbnail/small/dol.jpg'),(231,'thumbnail/large/rishi.jpg',1,'thumbnail/small/rishi.jpg'),(239,'thumbnail/large/ram_jhula.jpg',1,'thumbnail/small/ram_jhula.jpg'),(240,'places/None/picsart_1435917694297_1.jpg',1,'thumbnail/small/picsart_1435917694297_1.jpg'),(241,'places/None/george.jpg',1,'thumbnail/small/george.jpg'),(242,'places/None/george-camp.jpg',1,'thumbnail/small/george-camp.jpg'),(243,'thumbnail/large/valley-of-flowers_trip_advisor.jpg',1,'thumbnail/small/valley-of-flowers_trip_advisor.jpg'),(244,'thumbnail/large/valley_of_flower_neha_singh.jpg',1,'thumbnail/small/valley_of_flower_neha_singh.jpg'),(245,'thumbnail/large/valley_of_flower.jpg',1,'thumbnail/small/valley_of_flower.jpg'),(246,'thumbnail/large/valley_of_flower_WS8xjSB.jpg',1,'thumbnail/small/valley_of_flower_WS8xjSB.jpg'),(247,'http://www.uttarakhandtraveller.com/media/uploaded/post_20_I4JhKc2LsXis6up.jpeg',1,NULL),(248,'http://www.uttarakhandtraveller.com/media/uploaded/post_21_3qJIsXb19KdZIUX.jpeg',1,NULL),(249,'http://www.uttarakhandtraveller.com/media/uploaded/post_21_G20h4JBntQvfK4R.jpeg',1,NULL),(250,'http://www.uttarakhandtraveller.com/media/uploaded/post_21_mDAyvWCtsS2wVta.jpeg',1,NULL),(251,'thumbnail/large/chandrashila.jpg',1,'thumbnail/small/chandrashila.jpg'),(252,'thumbnail/large/IMG_20180317_1546071.jpg',1,'thumbnail/small/IMG_20180317_1546071.jpg'),(253,'places/None/gopinath_temple.jpg',1,'places/None/gopinath_temple.jpg'),(254,'thumbnail/large/gopinath_temple_1.jpg',1,'thumbnail/small/gopinath_temple_1.jpg'),(255,'thumbnail/large/Kedarnath.jpg',1,'thumbnail/small/Kedarnath.jpg'),(256,'places/None/uktrav_ad.jpg',1,'places/None/uktrav_ad.jpg'),(257,'places/None/blank_ad.jpg',1,'thumbnail/small/blank_ad.jpg'),(258,'places/None/ukrav_ad_mobile.jpg',1,'thumbnail/small/ukrav_ad_mobile.jpg'),(259,'places/None/blank_ad_mobile.jpg',1,'thumbnail/small/blank_ad_mobile.jpg'),(260,'places/None/adventurer.png',1,'thumbnail/small/adventurer.png'),(261,'places/None/10889.png',1,'places/None/10889.png'),(262,'places/None/149049.png',1,'places/None/149049.png'),(263,'http://www.uttarakhandtraveller.com/media/uploaded/post_20_ntNDv2A7P79SPnp.png',1,NULL),(264,'thumbnail/large/satopanth1.jpg',1,'thumbnail/small/satopanth1.jpg'),(265,'thumbnail/large/9DE97FC0E1B6D66398AAF64ECE0C2230.jpg',1,'thumbnail/small/9DE97FC0E1B6D66398AAF64ECE0C2230.jpg'),(266,'thumbnail/large/IMG_20190512_085933.jpg',1,'thumbnail/small/IMG_20190512_085933.jpg'),(267,'thumbnail/large/IMG_20190512_093252.jpg',1,'thumbnail/small/IMG_20190512_093252.jpg'),(268,'thumbnail/large/58858039_993241650880111_5895238528140312576_o.jpg',1,'thumbnail/small/58858039_993241650880111_5895238528140312576_o.jpg'),(269,'thumbnail/large/60353627_335737483757519_712039327806259200_o.jpg',1,'thumbnail/small/60353627_335737483757519_712039327806259200_o.jpg'),(270,'thumbnail/large/SAVE_20190501_175036.jpeg',1,'thumbnail/small/SAVE_20190501_175036.jpeg'),(271,'thumbnail/large/SAVE_20190501_175036_RtadECc.jpeg',1,'thumbnail/small/SAVE_20190501_175036_RtadECc.jpeg'),(272,'places/272/SAVE_20190501_175036_INrSVxz.jpeg',1,'thumbnail/small/SAVE_20190501_175036_INrSVxz.jpeg'),(273,'places/273/SAVE_20190501_175100.jpeg',1,'thumbnail/small/SAVE_20190501_175100.jpeg'),(274,'thumbnail/large/IMG_20190501_071956.jpg',1,'thumbnail/small/IMG_20190501_071956.jpg'),(275,'thumbnail/large/IMG_20190504_132707.jpg',1,'thumbnail/small/IMG_20190504_132707.jpg'),(276,'thumbnail/large/IMG_20190518_083550.jpg',1,'thumbnail/small/IMG_20190518_083550.jpg'),(277,'thumbnail/large/IMG_20190513_100236.jpg',1,'thumbnail/small/IMG_20190513_100236.jpg'),(278,'thumbnail/large/pindari1.jpg',1,'thumbnail/small/pindari1.jpg'),(279,'places/279/IMG_20190519_112356.jpg',1,'thumbnail/small/pindari2.jpg'),(280,'thumbnail/large/pindari3.jpg',1,'thumbnail/small/pindari3.jpg'),(281,'thumbnail/large/IMG_20190224_152831.jpg',1,'thumbnail/small/IMG_20190224_152831.jpg'),(282,'thumbnail/large/Screenshot_2019-05-23-23-43-20-075_com.google.earth.png',1,'thumbnail/small/Screenshot_2019-05-23-23-43-20-075_com.google.earth.png');
/*!40000 ALTER TABLE `image` ENABLE KEYS */;
UNLOCK TABLES;

--
-- Table structure for table `photo_bank`
--

DROP TABLE IF EXISTS `photo_bank`;
/*!40101 SET @saved_cs_client     = @@character_set_client */;
/*!40101 SET character_set_client = utf8 */;
CREATE TABLE `photo_bank` (
  `id` int(11) NOT NULL AUTO_INCREMENT,
  `url` varchar(300) NOT NULL,
  `username` varchar(300) DEFAULT NULL,
  `location` varchar(300) NOT NULL,
  `cr_date` datetime NOT NULL,
  PRIMARY KEY (`id`)
) ENGINE=InnoDB AUTO_INCREMENT=1741 DEFAULT CHARSET=utf8;
/*!40101 SET character_set_client = @saved_cs_client */;

--
-- Dumping data for table `photo_bank`
--

LOCK TABLES `photo_bank` WRITE;
/*!40000 ALTER TABLE `photo_bank` DISABLE KEYS */;
INSERT INTO `photo_bank` VALUES (1,'http://www.uttarakhandtraveller.com/media/uploaded/Pindari_T7dNx81rFh4wdTk.jpg','arundeepak','Pindari','2018-06-24 16:36:06'),(2,'http://www.uttarakhandtraveller.com/media/uploaded/pindari_PKitRndByrta5gL.jpg','arundeepak','pindari','2018-06-24 17:22:52'),(3,'http://www.uttarakhandtraveller.com/media/uploaded/Auli_OpNLmBy374lljAD.jpg','insta auli','Auli','2018-06-24 17:27:10'),(4,'http://www.uttarakhandtraveller.com/media/uploaded/Tungnath Mahadev , Distict Rudrprayag Uttarakhand _HRKfX4lccppS89q.jpg','Neha pandey ','Tungnath Mahadev , Distict Rudrprayag Uttarakhand ','2018-06-24 17:35:21'),(5,'http://www.uttarakhandtraveller.com/media/uploaded/Mana village _m4n2fzhc6OvFLts.jpg','Sumit pant','Mana village ','2018-06-24 17:46:03'),(6,'http://www.uttarakhandtraveller.com/media/uploaded/Mana village _AdViYk0Oe0RsB0k.jpg','Sumit pant','Mana village ','2018-06-24 17:46:03'),(7,'http://www.uttarakhandtraveller.com/media/uploaded/Nag tibba ,dehradun uttarakhand_D86RkbOCUpPfmfm.jpg','sushant ghale','Nag tibba ,dehradun uttarakhand','2018-06-25 05:26:34'),(8,'http://www.uttarakhandtraveller.com/media/uploaded/nag tibba base camp ..sunset view_qPpWEY62LHFf5Li.jpg','sushant ghale','nag tibba base camp ..sunset view','2018-06-25 05:27:56'),(9,'http://www.uttarakhandtraveller.com/media/uploaded/Namik glacier  view from namik vilage_xIKGcOZGQiy29Gq.jpg','Traveller_teen','Namik glacier  view from namik vilage','2018-06-25 05:33:46'),(10,'http://www.uttarakhandtraveller.com/media/uploaded/Dunagiri_MEn0EU9qeR71QIH.jpg','iamnitintripathi','Dunagiri','2018-06-25 05:41:25'),(11,'http://www.uttarakhandtraveller.com/media/uploaded/Rudranath_W7sBdPkTn73GyQv.jpg','Akshat Panwar','Rudranath','2018-06-25 05:46:33'),(12,'http://www.uttarakhandtraveller.com/media/uploaded/Chandpur, Gairsain _BYYrvwjCfiW2271.jpg','akshatbhatt17','Chandpur, Gairsain ','2018-06-25 05:48:33'),(13,'http://www.uttarakhandtraveller.com/media/uploaded/Badrinath_BWS3c3c9E5eVhVL.jpg','Himani09sep','Badrinath','2018-06-25 06:16:44'),(14,'http://www.uttarakhandtraveller.com/media/uploaded/Badrinath_DRF9uoP77dUEZHw.jpg','Himani09sep','Badrinath','2018-06-25 06:20:19'),(15,'http://www.uttarakhandtraveller.com/media/uploaded/Tehri_2B9l1bU7H6WUhin.jpg','Himani09sep','Tehri','2018-06-25 06:22:41'),(16,'http://www.uttarakhandtraveller.com/media/uploaded/kedarnath_SenveAlxFet24H2.jpg','Abhishek Tiwari','kedarnath','2018-06-25 06:31:15'),(17,'http://www.uttarakhandtraveller.com/media/uploaded/Delhi _BdRNkkYCUVrPbho.jpg','','Delhi ','2018-06-25 06:52:28'),(18,'http://www.uttarakhandtraveller.com/media/uploaded/Kuari pass _lHjDzcilmMWUPoi.jpg','','Kuari pass ','2018-06-25 06:54:34'),(19,'http://www.uttarakhandtraveller.com/media/uploaded/Kuari pass _JHI2A4rfDygj9GI.jpg','negi_here','Kuari pass ','2018-06-25 06:55:26'),(20,'http://www.uttarakhandtraveller.com/media/uploaded/Sariyatal / saritatal_oXonOHNeJ7LwOX9.jpg','darshannegiphotography','Sariyatal / saritatal','2018-06-25 07:06:33'),(21,'http://www.uttarakhandtraveller.com/media/uploaded/Gangolihat, Pithoragarh_nN0C8aURMIa1w3k.jpg','gaurav_rajput10','Gangolihat, Pithoragarh','2018-06-25 08:15:33'),(22,'http://www.uttarakhandtraveller.com/media/uploaded/Choppta tungnath_iSEActaeaBWeLsv.jpg','Shailender bisht','Choppta tungnath','2018-06-25 08:55:30'),(23,'http://www.uttarakhandtraveller.com/media/uploaded/Gurgaon_uHCdJIAbAS3U8QB.jpg','Photos_pixels','Gurgaon','2018-06-25 09:23:32'),(24,'http://www.uttarakhandtraveller.com/media/uploaded/Nainital_qFj0T2fq2qoMPPY.jpg','dipanshu_pawar619','Nainital','2018-06-25 09:38:28'),(25,'http://www.uttarakhandtraveller.com/media/uploaded/Village saur bhatt gaon, district rudraprayag,Garhwal Uttarakhand_uuty14aqkDtc03J.jpg','Sachin bhatt','Village saur bhatt gaon, district rudraprayag,Garhwal Uttarakhand','2018-06-25 10:24:33'),(26,'http://www.uttarakhandtraveller.com/media/uploaded/Agastyamuni_3LPbyHrsghKTrd3.jpg','Sachin_bhatt_1192','Agastyamuni','2018-06-25 10:29:50'),(27,'http://www.uttarakhandtraveller.com/media/uploaded/Gaurikund,way to kedarnath district rudraprayag_sRHA9zEpaVob8GS.jpg','Sachin_bhatt_1192','Gaurikund,way to kedarnath district rudraprayag','2018-06-25 10:33:13'),(28,'http://www.uttarakhandtraveller.com/media/uploaded/Kirtinagar_6sbaGCg0SDU3qcQ.jpg','Sachin_bhatt_1192','Kirtinagar','2018-06-25 10:36:32'),(29,'http://www.uttarakhandtraveller.com/media/uploaded/Ghat, Srinagar garhwal, _ZNKGBxFmatsRjH3.jpg','Sachin_bhatt_1192','Ghat, Srinagar garhwal, ','2018-06-25 10:38:48'),(30,'http://www.uttarakhandtraveller.com/media/uploaded/Kartik swami temple district rudraprayag_F3uQQvZbKq4B6Rg.jpg','Sachin_bhatt_1192','Kartik swami temple district rudraprayag','2018-06-25 10:41:26'),(31,'http://www.uttarakhandtraveller.com/media/uploaded/Village basukedar district rudraprayag_bwGTsD0HYAYAFSk.jpg','Sachin_bhatt_1192','Village basukedar district rudraprayag','2018-06-25 10:42:38'),(32,'http://www.uttarakhandtraveller.com/media/uploaded/Agastyamuni_HwoR1tXiIZhlVO8.jpg','Sachin_bhatt_1192','Agastyamuni','2018-06-25 10:45:52'),(33,'http://www.uttarakhandtraveller.com/media/uploaded/Triund top_nE9DGgVYMmskR6W.jpg','Arpita.naina','Triund top','2018-06-25 10:47:22'),(34,'http://www.uttarakhandtraveller.com/media/uploaded/Village pathalidhar, district rudraprayag_R16rFUMchtzIhHq.jpg','Sachin_bhatt_1192','Village pathalidhar, district rudraprayag','2018-06-25 10:49:35'),(35,'http://www.uttarakhandtraveller.com/media/uploaded/Village bawai, district rudraprayag_3gxlt2wL2qz8qVj.jpg','Sachin_bhatt_1192','Village bawai, district rudraprayag','2018-06-25 10:52:00'),(36,'http://www.uttarakhandtraveller.com/media/uploaded/Village saur bhatt gaon, district rudraprayag,Garhwal Uttarakhand_7HO7cPP7cjxRUiY.jpg','Sachin_bhatt_1192','Village saur bhatt gaon, district rudraprayag,Garhwal Uttarakhand','2018-06-25 10:59:14'),(37,'http://www.uttarakhandtraveller.com/media/uploaded/Chopta ,district rudraprayag_o0ybg0FDtTr03hk.jpg','Sachin_bhatt_1192','Chopta ,district rudraprayag','2018-06-25 11:04:52'),(38,'http://www.uttarakhandtraveller.com/media/uploaded/Village kaushalpur district rudraprayag_6fp7eH9Phu0B1eT.jpg','Sachin_bhatt_1192','Village kaushalpur district rudraprayag','2018-06-25 11:06:36'),(39,'http://www.uttarakhandtraveller.com/media/uploaded/Kedarnath _oBpyr36FiqxjrBv.jpg','Sachin_bhatt_1192','Kedarnath ','2018-06-25 11:09:38'),(40,'http://www.uttarakhandtraveller.com/media/uploaded/Deoriyatal_0zXs4TEH3oq5APz.jpg','Sachin_bhatt_1192','Deoriyatal','2018-06-25 11:13:56'),(41,'http://www.uttarakhandtraveller.com/media/uploaded/Almora_I2FdiDTnPToJUHb.jpg','Official_yash_saini','Almora','2018-06-25 11:27:48'),(42,'http://www.uttarakhandtraveller.com/media/uploaded/Villange benji, district rudraprayag_j0S9ByTlgBTcmSm.jpg','Sachin_bhatt_1192','Villange benji, district rudraprayag','2018-06-25 11:46:43'),(43,'http://www.uttarakhandtraveller.com/media/uploaded/Bhimtal_7jKI714bczVmqJt.jpg','Slcsantoshfoe','Bhimtal','2018-06-25 12:53:37'),(44,'http://www.uttarakhandtraveller.com/media/uploaded/Sattal_VEJCyxuB4F5DppF.jpg','Slcsantoshfoe','Sattal','2018-06-25 12:58:21'),(45,'http://www.uttarakhandtraveller.com/media/uploaded/Nainital_2lLIsmj0B2ndd8T.jpg','Slcsantoshfoe','Nainital','2018-06-25 13:02:04'),(46,'http://www.uttarakhandtraveller.com/media/uploaded/Saraswati gana mana village_PCp1oKlZMDGVvSJ.jpg','Shailender bisht','Saraswati gana mana village','2018-06-25 14:48:10'),(47,'http://www.uttarakhandtraveller.com/media/uploaded/Bheem pul mana _6bdrYOLdEKevEht.jpg','Shai','Bheem pul mana ','2018-06-25 14:50:43'),(48,'http://www.uttarakhandtraveller.com/media/uploaded/Kedarnath, uttrakhand_b7QTpIdgip6ppaB.jpg','samarth_parekh','Kedarnath, uttrakhand','2018-06-25 15:16:46'),(49,'http://www.uttarakhandtraveller.com/media/uploaded/Gangotri, Uttrakhand_PwTpBpcXlKo8nVh.jpg','Samarth_parekh','Gangotri, Uttrakhand','2018-06-25 15:22:37'),(50,'http://www.uttarakhandtraveller.com/media/uploaded/Badrinath, Uttrakhand_w8QHE5gM8jjkTqK.jpg','Samarth_parekh','Badrinath, Uttrakhand','2018-06-25 15:23:31'),(51,'http://www.uttarakhandtraveller.com/media/uploaded/Sirkuch, pithoraghar u. K_9FgmuSlBlmAY9Kc.jpg','https://m.facebook.com/kckamleshchand?ref=m_notif&notif_t=feed_comment_reply','Sirkuch, pithoraghar u. K','2018-06-25 16:03:24'),(52,'http://www.uttarakhandtraveller.com/media/uploaded/Bholenath mandir Sirkuch, pithoraghar u. K_ecYyzXUeTJCNZSi.jpg','https://m.facebook.com/kckamleshchand?ref=m_notif&notif_t=feed_comment_reply','Bholenath mandir Sirkuch, pithoraghar u. K','2018-06-25 16:04:32'),(53,'http://www.uttarakhandtraveller.com/media/uploaded/haldwani_x0n5hDl4XpOcsLh.jpg','haldar_ji','haldwani','2018-06-25 16:05:21'),(54,'http://www.uttarakhandtraveller.com/media/uploaded/Chaitol, Sirkuch, pithoraghar _2Yy3WHTOFvhEHnX.jpg','https://m.facebook.com/kckamleshchand?ref=m_notif&notif_t=feed_comment_reply','Chaitol, Sirkuch, pithoraghar ','2018-06-25 16:06:29'),(55,'http://www.uttarakhandtraveller.com/media/uploaded/sitarganj_ZtT20fIiCNYt5m6.jpg','haldar_ji','sitarganj','2018-06-25 16:06:49'),(56,'http://www.uttarakhandtraveller.com/media/uploaded/Sirkuch, pithoraghar u. K  _LngZwFu4Uuiw2l6.jpg','https://m.facebook.com/kckamleshchand?ref=m_notif&notif_t=feed_comment_reply','Sirkuch, pithoraghar u. K  ','2018-06-25 16:07:11'),(57,'http://www.uttarakhandtraveller.com/media/uploaded/rudrapur_GrkrD5y3gYtAJtT.jpg','haldar_ji','rudrapur','2018-06-25 16:07:51'),(58,'http://www.uttarakhandtraveller.com/media/uploaded/Kalika mandir, sirkuch, pithoraghar _mxUPJfPpAYjCzGq.jpg','https://m.facebook.com/kckamleshchand?ref=m_notif&notif_t=feed_comment_reply','Kalika mandir, sirkuch, pithoraghar ','2018-06-25 16:08:08'),(59,'http://www.uttarakhandtraveller.com/media/uploaded/Sirkuch, pithoraghar u. K  _UztDQ1tZiCnoWNY.jpg','https://m.facebook.com/kckamleshchand?ref=m_notif&notif_t=feed_comment_reply','Sirkuch, pithoraghar u. K  ','2018-06-25 16:08:43'),(60,'http://www.uttarakhandtraveller.com/media/uploaded/haldwani_xdsDazS0vgJ3gEo.jpg','haldar_ji','haldwani','2018-06-25 16:08:46'),(61,'http://www.uttarakhandtraveller.com/media/uploaded/Sirkuch, pithoraghar u. K_5Z8D5FSvM2LkKQc.jpg','https://m.facebook.com/kckamleshchand?ref=m_notif&notif_t=feed_comment_reply','Sirkuch, pithoraghar u. K','2018-06-25 16:10:53'),(62,'http://www.uttarakhandtraveller.com/media/uploaded/bageswar_cqBW8NUPo6ch8fQ.jpg','sachu_sj','bageswar','2018-06-25 16:46:41'),(63,'http://www.uttarakhandtraveller.com/media/uploaded/Village Bajwar, Chamoli, Uttarakhand_yYAf4cdX2TbkKVn.jpg','amitnegi23','Village Bajwar, Chamoli, Uttarakhand','2018-06-25 16:53:11'),(64,'http://www.uttarakhandtraveller.com/media/uploaded/Village Bajwar, Chamoli, Uttarakhand_N1VJLeBOpDZDFWl.jpg','amitnegi23','Village Bajwar, Chamoli, Uttarakhand','2018-06-25 16:53:11'),(65,'http://www.uttarakhandtraveller.com/media/uploaded/Village Bajwar, Chamoli, Uttarakhand_wj8RY2nqicLGMnV.jpg','amitnegi23','Village Bajwar, Chamoli, Uttarakhand','2018-06-25 16:53:11'),(66,'http://www.uttarakhandtraveller.com/media/uploaded/Village Bajwar, Chamoli, Uttarakhand_XTWo7UDrt3qR4xS.jpg','amitnegi23','Village Bajwar, Chamoli, Uttarakhand','2018-06-25 16:53:11'),(67,'http://www.uttarakhandtraveller.com/media/uploaded/Village Bajwar, Chamoli, Uttarakhand_FpkGY6q1hTyth2w.jpg','amitnegi23','Village Bajwar, Chamoli, Uttarakhand','2018-06-25 16:53:11'),(68,'http://www.uttarakhandtraveller.com/media/uploaded/Village Bajwar, Chamoli, Uttarakhand_yPEGgwyIvrWNWzj.jpg','amitnegi23','Village Bajwar, Chamoli, Uttarakhand','2018-06-25 16:53:11'),(69,'http://www.uttarakhandtraveller.com/media/uploaded/Village Bajwar, Chamoli, Uttarakhand_J2Cb4qduG3hXUek.jpg','amitnegi23','Village Bajwar, Chamoli, Uttarakhand','2018-06-25 16:53:11'),(70,'http://www.uttarakhandtraveller.com/media/uploaded/Village Bajwar, Chamoli, Uttarakhand_kdF5vFBdYp5JeCX.jpg','amitnegi23','Village Bajwar, Chamoli, Uttarakhand','2018-06-25 16:53:11'),(71,'http://www.uttarakhandtraveller.com/media/uploaded/Lacher,Pithoragarh,Uttarakhand_Kjn64ckq91Vn0OT.jpg','Instagram name – @himalayan_soul.12','Lacher,Pithoragarh,Uttarakhand','2018-06-25 17:12:26'),(72,'http://www.uttarakhandtraveller.com/media/uploaded/Santla devi temple dehradun _qkdBBonCefFFZdX.jpg','Nitish Rautela','Santla devi temple dehradun ','2018-06-25 17:15:42'),(73,'http://www.uttarakhandtraveller.com/media/uploaded/Chaukori_nkcipFbmRRTg1Sr.jpg','@aalsi_banjara_','Chaukori','2018-06-25 18:22:15'),(74,'http://www.uttarakhandtraveller.com/media/uploaded/Bageshwar_tKt7EeGbmSqn6Vy.jpg','Arjun Butola','Bageshwar','2018-06-25 19:59:20'),(75,'http://www.uttarakhandtraveller.com/media/uploaded/Rishikesh_ganga_p5yZwZRcagwQtIk.jpg','Rarya22','Rishikesh ganga','2018-06-25 20:53:01'),(76,'http://www.uttarakhandtraveller.com/media/uploaded/Ram_jhula_rhisikesh_DQCBBnXJhXSEsAl.jpg','Rarya22','Ram jhula rhisikesh','2018-06-25 20:54:48'),(77,'http://www.uttarakhandtraveller.com/media/uploaded/Hemkund__eE4xVc1W8u14A6Q.jpg','The_.infamous._freak','Hemkund ','2018-06-26 03:05:59'),(78,'http://www.uttarakhandtraveller.com/media/uploaded/Kapkote_village_sIZeJOSukqqyzgb.jpg','Fb - Deepu Kapkoti Deepu','Kapkote village','2018-06-26 04:10:28'),(79,'http://www.uttarakhandtraveller.com/media/uploaded/Bageshwar_T50AjhBRCWvdYEG.jpg','Sanjay Kishore Verma','Bageshwar','2018-06-26 04:11:37'),(80,'http://www.uttarakhandtraveller.com/media/uploaded/Auli_joshimat_wD7RRBBFwmMNO2K.jpg','Shailender_bisht','Auli joshimat','2018-06-26 06:32:11'),(81,'http://www.uttarakhandtraveller.com/media/uploaded/Srinagar_road_se_dikhta_pauri_gfnVZPdFj3lYmad.jpg','arundeepak','Srinagar road se dikhta pauri','2018-06-26 08:19:55'),(82,'http://www.uttarakhandtraveller.com/media/uploaded/ड़ुमैला_तला_गाँव_ब्लाॅक_बीरोंखाल_जिला_पौड़ी_गढवाल_eful4ROhUsA8Vhu.jpg','arundeepak','ड़ुमैला तला गाँव ब्लाॅक बीरोंखाल जिला पौड़ी गढवाल','2018-06-26 08:26:21'),(83,'http://www.uttarakhandtraveller.com/media/uploaded/Chopta_uttrakhand_fOuXQkavbVxPFyS.jpg','im_ajayprakash','Chopta uttrakhand','2018-06-26 10:00:24'),(84,'http://www.uttarakhandtraveller.com/media/uploaded/Chopta_uttrakhand_zdKK9gKNhJosTIi.jpg','im_ajayprakash','Chopta uttrakhand','2018-06-26 10:02:11'),(85,'http://www.uttarakhandtraveller.com/media/uploaded/Chandrashila_chopta_uttrakhand_gse3GMD20ITyMFN.jpg','im_ajayprakash','Chandrashila chopta uttrakhand','2018-06-26 10:04:01'),(86,'http://www.uttarakhandtraveller.com/media/uploaded/Tungnath_temple_chopta_uttrakhand__4nVo6itKDUlbEr8.jpg','im_ajayprakash','Tungnath temple chopta uttrakhand ','2018-06-26 10:06:46'),(87,'http://www.uttarakhandtraveller.com/media/uploaded/baijnath_PkRxi2a4vXf9hVl.jpg','sachu_sj','baijnath','2018-06-26 11:08:37'),(88,'http://www.uttarakhandtraveller.com/media/uploaded/Kotgari_pankhu_j8ltcbs8PHJKQWj.jpg','Deepak pandey','Kotgari pankhu','2018-06-26 15:57:25'),(89,'http://www.uttarakhandtraveller.com/media/uploaded/Almora_city_3hdpLbFnauTdCbB.jpg','Official yash 7805','Almora city','2018-06-26 17:26:05'),(90,'http://www.uttarakhandtraveller.com/media/uploaded/Almora_city_qb8LJQjrMd2hemU.jpg','Official yash 7805','Almora city','2018-06-26 17:30:00'),(91,'http://www.uttarakhandtraveller.com/media/uploaded/Village_simkhet,block_pabau,_pauri_Garhwal_Uttarakhand__ssM8OPWfM5QtgX2.jpg','Preeti Kunwar/pkdoon','Village simkhet,block pabau, pauri Garhwal Uttarakhand ','2018-06-26 18:43:32'),(92,'http://www.uttarakhandtraveller.com/media/uploaded/Valley_of_flowers_Gltpk1mjesvOG3J.jpg','adarsh_aadhi_i_','Valley of flowers','2018-06-27 11:30:47'),(93,'http://www.uttarakhandtraveller.com/media/uploaded/Ghangaria_RGUTvsaewh8cTOT.jpg','adarsh_aadhi_i_','Ghangaria','2018-06-27 11:32:12'),(94,'http://www.uttarakhandtraveller.com/media/uploaded/Lal_tibba,_mussoorie_MEzZj1cn5F9IKSJ.jpg','lakshsharma99','Lal tibba, mussoorie','2018-06-27 11:55:59'),(95,'http://www.uttarakhandtraveller.com/media/uploaded/Ram_jhula,_rishikesh_u9BA1FKoSr5Avu6.jpg','Lakshsharma99','Ram jhula, rishikesh','2018-06-27 11:57:26'),(96,'http://www.uttarakhandtraveller.com/media/uploaded/Lambhider_mines,_hathipaon_RmDsQOarqB636QJ.jpg','Lakshsharma99','Lambhider mines, hathipaon','2018-06-27 11:58:33'),(97,'http://www.uttarakhandtraveller.com/media/uploaded/Mana_7MckF1ZdadgRpVD.jpg','Mansi','Mana','2018-06-27 13:16:57'),(98,'http://www.uttarakhandtraveller.com/media/uploaded/Masoori__Eo05s9uLJm9BT7D.jpg','Mansi','Masoori ','2018-06-27 13:18:34'),(99,'http://www.uttarakhandtraveller.com/media/uploaded/Rishikesh_yIuwnHG9IRk3sYa.jpg','Shivrahi17','Rishikesh','2018-06-27 14:19:07'),(100,'http://www.uttarakhandtraveller.com/media/uploaded/Gail_gaad_5km_above_from_namik_village_in_pithoragarh_m0tWXSQl3zkx9yG.jpg','Traveller_teen','Gail gaad 5km above from namik village in pithoragarh','2018-06-27 14:40:17'),(101,'http://www.uttarakhandtraveller.com/media/uploaded/Tharali_chamoli_lxUv3XZCegXYnQb.jpg','DEEKSHANT','Tharali chamoli','2018-06-27 16:10:55'),(102,'http://www.uttarakhandtraveller.com/media/uploaded/Ghangariya_G0cdK9ndfiipVxH.jpg','the_.infamous._freak','Ghangariya','2018-06-27 16:41:43'),(103,'http://www.uttarakhandtraveller.com/media/uploaded/Ramnagar_uttarakhand_c6H3bt1fgWDOch8.jpg','27_pixel','Ramnagar uttarakhand','2018-06-27 17:04:03'),(104,'http://www.uttarakhandtraveller.com/media/uploaded/क्यार्की_बिचलि__jZKQHyEu8vY0sw3.jpg','आशीष बिष्ट ','क्यार्की बिचलि ','2018-06-27 17:41:04'),(105,'http://www.uttarakhandtraveller.com/media/uploaded/Chandrasheela_g4we2Z3nrYdktbx.jpg','nilanjan.roy_','Chandrasheela','2018-06-27 19:45:20'),(106,'http://www.uttarakhandtraveller.com/media/uploaded/Chandrasheela_7IevOg76dlaAf4t.jpg','nilanjan.roy_','Chandrasheela','2018-06-27 19:46:11'),(107,'http://www.uttarakhandtraveller.com/media/uploaded/Chopta_m7gey4USEbI038Q.jpg','nilanjan.roy_','Chopta','2018-06-27 19:46:52'),(108,'http://www.uttarakhandtraveller.com/media/uploaded/Clock_Tower,_Dehradun_WYRigeoXpBawJdr.jpg','dehraduneci','Clock Tower, Dehradun','2018-06-27 22:31:56'),(109,'http://www.uttarakhandtraveller.com/media/uploaded/Mana_Uttarakhand_Last_Indian_village__HFVhg6uWeZrqymR.jpg','akashtashgurjar','Mana Uttarakhand Last Indian village ','2018-06-28 01:14:35'),(110,'http://www.uttarakhandtraveller.com/media/uploaded/Chitkul_DPRhc4otxNvjeqX.jpg','de_nomad_awp','Chitkul','2018-06-28 01:54:31'),(111,'http://www.uttarakhandtraveller.com/media/uploaded/Jaurasi_pithoragarh_5etfrF4AsT0QZ8J.jpg','tshan.ky','Jaurasi pithoragarh','2018-06-28 04:08:36'),(112,'http://www.uttarakhandtraveller.com/media/uploaded/Ranikhet_5gaA9IiViOx7SGT.jpg','Nitspads','Ranikhet','2018-06-28 04:17:07'),(113,'http://www.uttarakhandtraveller.com/media/uploaded/Ranikhet_6D8NOJQePiPacO6.jpg','Nitspads','Ranikhet','2018-06-28 04:17:07'),(114,'http://www.uttarakhandtraveller.com/media/uploaded/Jaurasi_pithoragarh_ChboNeZAkk02Svi.jpg','tshan.ky','Jaurasi pithoragarh','2018-06-28 04:49:28'),(115,'http://www.uttarakhandtraveller.com/media/uploaded/Jaurasi_pithoragarh_QicESKLRYFN0rHz.jpg','tshan.ky','Jaurasi pithoragarh','2018-06-28 06:44:27'),(116,'http://www.uttarakhandtraveller.com/media/uploaded/Valley_of_flowers_MRwYIxgF7szpVLy.jpg','the_.infamous._freak','Valley of flowers','2018-06-28 08:48:23'),(117,'http://www.uttarakhandtraveller.com/media/uploaded/Tungnath_base_DIFGR7tvdyDHRyT.jpg','ninad96','Tungnath base','2018-06-28 13:19:14'),(118,'http://www.uttarakhandtraveller.com/media/uploaded/Ram_Jhula,_Rishikesh_95J8o2Lm6Gk5V7x.jpg','Madhavparoothi','Ram Jhula, Rishikesh','2018-06-28 14:14:01'),(119,'http://www.uttarakhandtraveller.com/media/uploaded/टुंगरा__गांव_जिला_देहरादून_XjyFVJstUeclJIi.jpg','नरेन्द्र सिंह रावत','टुंगरा  गांव जिला देहरादून','2018-06-28 16:51:48'),(120,'http://www.uttarakhandtraveller.com/media/uploaded/टुंगरा__गांव_जिला_देहरादून_k3pSThVDuOqplCQ.jpg','नरेन्द्र सिंह रावत','टुंगरा  गांव जिला देहरादून','2018-06-28 16:52:23'),(121,'http://www.uttarakhandtraveller.com/media/uploaded/चमोली_जिले_के_दशोली_ब्लॉक_का_एक_खूबसूरत_गांव_ईरानी_अपनी_प्राकृतिक_सौंदर्य_को_संजोये_हुए।__2Iw0ivC1s2layhU.jpg','chndunegi','चमोली जिले के दशोली ब्लॉक का एक खूबसूरत गांव ईरानी अपनी प्राकृतिक सौंदर्य को संजोये हुए। ','2018-06-28 17:15:43'),(122,'http://www.uttarakhandtraveller.com/media/uploaded/Hemkund_Sahib__j6N2XTQYwe3Fnvd.jpg','tanishka_2810 ','Hemkund Sahib ','2018-06-28 18:53:53'),(123,'http://www.uttarakhandtraveller.com/media/uploaded/Badrinath_temple__5RtMqFK1mxAYjCk.jpg','tanishka_2810 ','Badrinath temple ','2018-06-28 18:55:21'),(124,'http://www.uttarakhandtraveller.com/media/uploaded/Last_Tea_Shop_in_Mana_Village__74fqahkJd8AGjPl.jpg','tanishka_2810 ','Last Tea Shop in Mana Village ','2018-06-28 18:57:31'),(125,'http://www.uttarakhandtraveller.com/media/uploaded/Badrinath_temple__aEv5pZF18u9y5k4.jpg','tanishka_2810 ','Badrinath temple ','2018-06-28 19:00:17'),(126,'http://www.uttarakhandtraveller.com/media/uploaded/Dehradun_uttarakhand_in9Yb5uMliR7snQ.jpg','Sangi bhatt','Dehradun uttarakhand','2018-06-28 19:19:36'),(127,'http://www.uttarakhandtraveller.com/media/uploaded/Koti_gaun_tehri_garwal_zfeVGfDRrAmEQo6.jpg','Sangi bhatt','Koti gaun tehri garwal','2018-06-28 19:22:35'),(128,'http://www.uttarakhandtraveller.com/media/uploaded/Koti_gaun_tehri_garwal_VWU1pD8utu2UlhW.jpg','Sangi bhatt','Koti gaun tehri garwal','2018-06-28 19:22:35'),(129,'http://www.uttarakhandtraveller.com/media/uploaded/Bhanara_didihat_pithoragarh__H4UWrXkBbAjU7II.jpg','Chetan s kanyal','Bhanara didihat pithoragarh ','2018-06-29 01:20:49'),(130,'http://www.uttarakhandtraveller.com/media/uploaded/Milai_chipalghat__YOah268kLuSOwJ4.jpg','Suri','Milai chipalghat ','2018-06-29 02:42:58'),(131,'http://www.uttarakhandtraveller.com/media/uploaded/Chandrasila_peak_YjNu69jWIn4YsoK.jpg','Omii_Himalayan Wolf','Chandrasila peak','2018-06-29 02:48:54'),(132,'http://www.uttarakhandtraveller.com/media/uploaded/Food_of_uttarakhand_at_kafaal_restuarant_dehradun_wcK4O7Ym5YJnevX.jpg','Sangi Bhatt','Food of uttarakhand at kafaal restuarant dehradun','2018-06-29 06:50:41'),(133,'http://www.uttarakhandtraveller.com/media/uploaded/Kurila,_Dharchula_54gyGorbuONJfDH.jpg','Neerabisht19','Kurila, Dharchula','2018-06-29 06:51:36'),(134,'http://www.uttarakhandtraveller.com/media/uploaded/Sirkha__D7hDloZIGVPBL1x.jpg','Neerabisht19','Sirkha ','2018-06-29 06:52:47'),(135,'http://www.uttarakhandtraveller.com/media/uploaded/Bamba_valley_,_Dharchula_XuOpjknY5bO7nAP.jpg','Neerabisht19','Bamba valley , Dharchula','2018-06-29 06:53:47'),(136,'http://www.uttarakhandtraveller.com/media/uploaded/Uttarakhandi_khandu_at-_kafaal_dehradun_Eq3urRdOLud8djY.jpg','Sangi bhatt','Uttarakhandi khandu at- kafaal dehradun','2018-06-29 06:59:19'),(137,'http://www.uttarakhandtraveller.com/media/uploaded/Graam_bawasa_talla_,_pauri_garhwaal_,_Birokhaal_,_Patti_khatli__C7mxHnndPhObos0.jpg','Anshul Rawat ','Graam bawasa talla , pauri garhwaal , Birokhaal , Patti khatli ','2018-06-29 07:00:15'),(138,'http://www.uttarakhandtraveller.com/media/uploaded/Graam_bawasa_talla_,_birokhal_,_patti_khaatli__SlBZNYoVjpVstlv.jpg','Anshul Rawat','Graam bawasa talla , birokhal , patti khaatli ','2018-06-29 07:01:48'),(139,'http://www.uttarakhandtraveller.com/media/uploaded/Bagwari__o6iJnVxVLIpI1M5.jpg','Manjeet Rwt ','Bagwari ','2018-06-29 09:47:44'),(140,'http://www.uttarakhandtraveller.com/media/uploaded/Ranikhet_4EKOSBN0vUy0d98.jpg','Joshi','Ranikhet','2018-06-29 10:00:07'),(141,'http://www.uttarakhandtraveller.com/media/uploaded/Dunagiri_mandir_QdLuIugDnNmzUiM.jpg','khanayatsurendrasinh@gmail.com','Dunagiri mandir','2018-06-29 12:50:30'),(142,'http://www.uttarakhandtraveller.com/media/uploaded/Dunagiri_mandir_U6lBG4Uonwa5zao.jpg','Khanayat surendrasinh','Dunagiri mandir','2018-06-29 12:53:51'),(143,'http://www.uttarakhandtraveller.com/media/uploaded/sauni_binsar_rvqTU0fdbtQRBfU.jpg','mayank','sauni binsar','2018-06-29 14:55:56'),(144,'http://www.uttarakhandtraveller.com/media/uploaded/Jhoolaghat_indo_nepal_border_by_kali_river_niDGubwNIgecYW8.jpg','mayank','Jhoolaghat indo nepal border by kali river','2018-06-29 14:59:44'),(145,'http://www.uttarakhandtraveller.com/media/uploaded/Kaladhoungi,_Haldwani_cRNekGoquiHWpAd.jpg','gaurav_rajput10','Kaladhoungi, Haldwani','2018-06-29 17:27:53'),(146,'http://www.uttarakhandtraveller.com/media/uploaded/Kaladhoungi,_Haldwani_SGtsGFejSsx8iUl.jpg','gaurav_rajput10','Kaladhoungi, Haldwani','2018-06-29 17:27:54'),(147,'http://www.uttarakhandtraveller.com/media/uploaded/Nainital_ICznAEmZpMGpKrn.jpg','dikshant_90','Nainital','2018-06-29 17:54:32'),(148,'http://www.uttarakhandtraveller.com/media/uploaded/Har_Ki_Dun_WdQkwVbmNSWm2LK.jpg','dikshant_90','Har Ki Dun','2018-06-29 17:58:45'),(149,'http://www.uttarakhandtraveller.com/media/uploaded/Irani_chamoli_cFcbSgy0Spn4Tm4.jpg','Harryirani1989@gmail.com','Irani chamoli','2018-06-30 00:42:13'),(150,'http://www.uttarakhandtraveller.com/media/uploaded/Mussoorie_phBrRCWJRibDWss.jpg','@picturesbyreeko','Mussoorie','2018-06-30 02:56:21'),(151,'http://www.uttarakhandtraveller.com/media/uploaded/Mussoorie_Road_58C1chhqDTKLZKA.jpg','@picturesbyreeko','Mussoorie Road','2018-06-30 02:57:04'),(152,'http://www.uttarakhandtraveller.com/media/uploaded/Mussoorie_4lstp7Wb0nrTImH.jpg','@picturesbyreeko','Mussoorie','2018-06-30 03:15:24'),(153,'http://www.uttarakhandtraveller.com/media/uploaded/village_Geeri,_Pauri_Garhwal_pPYP95SPHw5SSwU.jpg','Atul Kukreti','village Geeri, Pauri Garhwal','2018-06-30 07:31:36'),(154,'http://www.uttarakhandtraveller.com/media/uploaded/Hemkund,_Uttarakhand_slmpSZJQietiTXD.jpg','@dashct','Hemkund, Uttarakhand','2018-06-30 09:15:52'),(155,'http://www.uttarakhandtraveller.com/media/uploaded/From_almora_cant_Yc5JU2atumuVExc.jpg','prem singh bisht','From almora cant','2018-06-30 09:24:31'),(156,'http://www.uttarakhandtraveller.com/media/uploaded/Deer_park,_NTD,_almora_g3PKbF7a1HfmYjX.jpg','Prem singh bisht','Deer park, NTD, almora','2018-06-30 09:26:01'),(157,'http://www.uttarakhandtraveller.com/media/uploaded/Sahastradhara,_dehradoon_L9FpoFYbkpxTXuB.jpg','Prem singh bisht','Sahastradhara, dehradoon','2018-06-30 09:27:50'),(158,'http://www.uttarakhandtraveller.com/media/uploaded/Badrinath_rFOSb5ekAIjssdT.jpg','karma_07.05','Badrinath','2018-06-30 09:33:39'),(159,'http://www.uttarakhandtraveller.com/media/uploaded/Kasar_hills,_Almora_NUkrzC23Ry9eKAj.jpg','udit_devesh','Kasar hills, Almora','2018-06-30 19:43:51'),(160,'http://www.uttarakhandtraveller.com/media/uploaded/Auli__v9J8cJ7cbcVhGZ9.jpg','rawat19914','Auli ','2018-07-01 04:09:01'),(161,'http://www.uttarakhandtraveller.com/media/uploaded/Gholtier,_Rudraprayag_WPTnkqiBj1kwrCD.jpg','Gaurav Negi','Gholtier, Rudraprayag','2018-07-01 04:27:33'),(162,'http://www.uttarakhandtraveller.com/media/uploaded/Kedarnath,_Uttrakhand_OrShK0SNByhoOZA.jpg','samarth_parekh','Kedarnath, Uttrakhand','2018-07-01 07:50:25'),(163,'http://www.uttarakhandtraveller.com/media/uploaded/Mukteshwar_ZCxh9RHhpsQGeBJ.jpg','Devesh udit','Mukteshwar','2018-07-01 08:08:08'),(164,'http://www.uttarakhandtraveller.com/media/uploaded/Kasar_Devi_almora__6oMX88iixgLN8VI.jpg','@udit_devesh','Kasar Devi almora ','2018-07-01 08:09:52'),(165,'http://www.uttarakhandtraveller.com/media/uploaded/Kothagi:-Rudraprayag_VhlQQE1jWllNpat.jpg','Abhishek Negi','Kothagi:-Rudraprayag','2018-07-01 10:42:03'),(166,'http://www.uttarakhandtraveller.com/media/uploaded/Dhanolti__V5lpDYVmmrzHY5r.jpg','Parneet singh','Dhanolti ','2018-07-01 11:07:36'),(167,'http://www.uttarakhandtraveller.com/media/uploaded/Pauri_district_Z9LT78jYXirsPKm.jpg','addysingh_16','Pauri district','2018-07-01 11:58:36'),(168,'http://www.uttarakhandtraveller.com/media/uploaded/Picture_palace,_Mussoorie_Mk5d4DcLlSHVk7N.jpg','nupur_v','Picture palace, Mussoorie','2018-07-02 02:24:53'),(169,'http://www.uttarakhandtraveller.com/media/uploaded/Camera_ADKSR3Gow1mHNwi.jpg','the_thapliyal','Camera','2018-07-02 08:56:09'),(170,'http://www.uttarakhandtraveller.com/media/uploaded/Kedarnath_O0yveeF4FSRwxhX.jpg','the_thapliyal','Kedarnath','2018-07-02 08:57:30'),(171,'http://www.uttarakhandtraveller.com/media/uploaded/Kartik_swami_Os29xeMIGPTE4PJ.jpg','the_thapliyal','Kartik swami','2018-07-02 08:58:17'),(172,'http://www.uttarakhandtraveller.com/media/uploaded/Kedarnath_iuMoysYl2E245hm.jpg','the_thapliyal','Kedarnath','2018-07-02 08:59:41'),(173,'http://www.uttarakhandtraveller.com/media/uploaded/Rishikesh_Badrinath_Highway__JJOdUmW5YlZY2jQ.jpg','Tanmay Garg ','Rishikesh Badrinath Highway ','2018-07-02 12:32:12'),(174,'http://www.uttarakhandtraveller.com/media/uploaded/Rishikesh_Badrinath_Highway__QJYumsckUbvDVRp.jpg','Tanmay Garg ','Rishikesh Badrinath Highway ','2018-07-02 12:37:57'),(175,'http://www.uttarakhandtraveller.com/media/uploaded/Almora_ge20UVbnmWclIxk.jpg','Official yash 7805','Almora','2018-07-02 15:24:11'),(176,'http://www.uttarakhandtraveller.com/media/uploaded/Hemkund,_Uttarakhand_THtmXGY5WQEuJ63.jpg','harsimrankaur_','Hemkund, Uttarakhand','2018-07-03 05:00:08'),(177,'http://www.uttarakhandtraveller.com/media/uploaded/Tehri_gharwal_EN935tVptDiJTsR.jpg','Gaurav singh ','Tehri gharwal','2018-07-03 16:53:26'),(178,'http://www.uttarakhandtraveller.com/media/uploaded/Deeba_mata_mandir__q5t2WpnrT68imN2.jpg','Gaurav singh','Deeba mata mandir ','2018-07-03 16:54:22'),(179,'http://www.uttarakhandtraveller.com/media/uploaded/Nainital_UjPidmG1kIcvUYY.jpg','Gaurav_7827','Nainital','2018-07-03 16:57:28'),(180,'http://www.uttarakhandtraveller.com/media/uploaded/Bhimtal_Rhg1KKKf89GXeTX.jpg','@print_stock_pile','Bhimtal','2018-07-03 19:16:06'),(181,'http://www.uttarakhandtraveller.com/media/uploaded/Ghorakhal_bAflzU4QgrINp2x.jpg','Print_stock_pile','Ghorakhal','2018-07-03 19:16:47'),(182,'http://www.uttarakhandtraveller.com/media/uploaded/Bhimtal_w7FgKzN3uk1fqoY.jpg','Print_stock_pile','Bhimtal','2018-07-03 19:17:45'),(183,'http://www.uttarakhandtraveller.com/media/uploaded/Bhimtal_iNXrfcfcISF1KCo.jpg','Print_stock_pile','Bhimtal','2018-07-03 19:18:15'),(184,'http://www.uttarakhandtraveller.com/media/uploaded/Bhimtal_Q14PPbIOAQONxHh.jpg','Print_stock_pile','Bhimtal','2018-07-03 19:19:07'),(185,'http://www.uttarakhandtraveller.com/media/uploaded/Almora_0hIhzoNPRiIxkMV.jpg','Great_himalayas','Almora','2018-07-04 03:54:33'),(186,'http://www.uttarakhandtraveller.com/media/uploaded/Pithoragarh_j8sJu4AtvV82fuR.jpg','krishna_dhami_cp','Pithoragarh','2018-07-04 04:20:17'),(187,'http://www.uttarakhandtraveller.com/media/uploaded/Pithoragarh_9hQrqrpVUwSruG2.jpg','krishna_dhami_cp','Pithoragarh','2018-07-04 04:22:25'),(188,'http://www.uttarakhandtraveller.com/media/uploaded/Pithoragarh_(road_maker)_dmhxOPJIww1jR4z.jpg','krishna_dhami_cp ','Pithoragarh (road maker)','2018-07-04 04:24:14'),(189,'http://www.uttarakhandtraveller.com/media/uploaded/Dayara_bugyal_gaXZTuw08reT3Xr.jpg','krishna_dhami_cp','Dayara bugyal','2018-07-04 04:31:33'),(190,'http://www.uttarakhandtraveller.com/media/uploaded/Almora_P1opDL3OOUCZq9I.jpg','krishna_dhami_cp','Almora','2018-07-04 04:32:20'),(191,'http://www.uttarakhandtraveller.com/media/uploaded/Pithoragarh_-ghaat_tE2GS6DsfUyxLCL.jpg','krishna_dhami_cp','Pithoragarh -ghaat','2018-07-04 04:33:13'),(192,'http://www.uttarakhandtraveller.com/media/uploaded/Gangotri_UtV31zbEUFwLGaa.jpg','krishna_dhami_cp','Gangotri','2018-07-04 04:33:57'),(193,'http://www.uttarakhandtraveller.com/media/uploaded/Bhimtal_sNyRwKFEfySerDM.jpg','krishna_dhami_cp','Bhimtal','2018-07-04 04:34:48'),(194,'http://www.uttarakhandtraveller.com/media/uploaded/Almora_lIP10aaXj6DmqOb.jpg','Great_himalayas','Almora','2018-07-04 04:47:43'),(195,'http://www.uttarakhandtraveller.com/media/uploaded/Chauli_ki_jaali,mukteshwar._jLdKLtVMuwBaQCX.jpg','Swarndosar','Chauli ki jaali,mukteshwar.','2018-07-04 05:14:39'),(196,'http://www.uttarakhandtraveller.com/media/uploaded/Namik_Nqwv6ipCLmLGY6E.jpg','a_guy_who_clicks','Namik','2018-07-04 06:01:51'),(197,'http://www.uttarakhandtraveller.com/media/uploaded/Kedarnath__UQGA6kRYCdnlvbn.jpg','eeshanmhatre','Kedarnath ','2018-07-04 07:08:41'),(198,'http://www.uttarakhandtraveller.com/media/uploaded/Kausanni_rOpRzhqch1J20Xp.jpg','sam.morphine ','Kausanni','2018-07-04 07:59:43'),(199,'http://www.uttarakhandtraveller.com/media/uploaded/Panchachulli_Himalayas__mbzOm7slOofP3KP.jpg','pyaazkachori ','Panchachulli Himalayas ','2018-07-04 08:45:33'),(200,'http://www.uttarakhandtraveller.com/media/uploaded/Khaliya_Top,Munsyari__gAHLRgxeGwbH29s.jpg','pyaazkachori ','Khaliya Top,Munsyari ','2018-07-04 08:46:27'),(201,'http://www.uttarakhandtraveller.com/media/uploaded/Haidakhanroad_BAUzuUBa17A1hYA.jpg','Khaopiyoghumo','Haidakhanroad','2018-07-04 09:43:41'),(202,'http://www.uttarakhandtraveller.com/media/uploaded/Akhori_ghansali_tehri_garhwal__2CHlrFtCCB4kQFB.jpg','Vipin kunwar','Akhori ghansali tehri garhwal ','2018-07-04 16:41:50'),(203,'http://www.uttarakhandtraveller.com/media/uploaded/Ghansali_akhori__9dyp5IQyZl619pO.jpg','Vipin kunwar','Ghansali akhori ','2018-07-04 16:44:35'),(204,'http://www.uttarakhandtraveller.com/media/uploaded/Karanparyag__KfK0n3tytkoE3ol.jpg','Withasif','Karanparyag ','2018-07-04 16:45:45'),(205,'http://www.uttarakhandtraveller.com/media/uploaded/Raithal_MICVoKalHILIbUI.jpg','mariyazamani','Raithal','2018-07-04 17:01:04'),(206,'http://www.uttarakhandtraveller.com/media/uploaded/Srinagar_garhwal_p1n0JqZIU287vVE.jpg','arsh.manocha','Srinagar garhwal','2018-07-04 17:33:37'),(207,'http://www.uttarakhandtraveller.com/media/uploaded/Joshimath_ct8W82qTDfUdxxP.jpg','the_recklesssingh','Joshimath','2018-07-04 18:04:24'),(208,'http://www.uttarakhandtraveller.com/media/uploaded/Govind_ghat_1eTgP7Ko49ZRyPI.jpg','the_recklesssingh','Govind ghat','2018-07-04 18:05:22'),(209,'http://www.uttarakhandtraveller.com/media/uploaded/Hemkund_sahib_J1noYarrHmi5VdV.jpg','the_recklesssingh','Hemkund sahib','2018-07-04 18:06:45'),(210,'http://www.uttarakhandtraveller.com/media/uploaded/Hemkund_sahib_hE8AgplQyK98T9N.jpg','the_recklesssingh','Hemkund sahib','2018-07-04 18:07:52'),(211,'http://www.uttarakhandtraveller.com/media/uploaded/Mansoori_m30ZjOOkbFNLKFV.jpg','Yuhuuuu_rishav','Mansoori','2018-07-04 18:26:17'),(212,'http://www.uttarakhandtraveller.com/media/uploaded/Mansoori_6tGXKDKiCWjPzCF.jpg','Yuhuuuu_rishav ','Mansoori','2018-07-04 18:27:06'),(213,'http://www.uttarakhandtraveller.com/media/uploaded/Khatima_srbmRv7vcHYpTxe.jpg','Yuhuuuu_rishav','Khatima','2018-07-04 18:29:04'),(214,'http://www.uttarakhandtraveller.com/media/uploaded/Uttrakhand_PWVMsPlXZo68OY1.jpg','Yuhuuuu_rishav ','Uttrakhand','2018-07-04 18:30:05'),(215,'http://www.uttarakhandtraveller.com/media/uploaded/Dharchula,pithoragarh_Sf9xMwYnxRXv7wI.jpg','Official yash 7805','Dharchula,pithoragarh','2018-07-04 18:30:22'),(216,'http://www.uttarakhandtraveller.com/media/uploaded/Roorkee_Q7zLuUbsWTzeFH8.jpg','Yuhuuuu_rishav ','Roorkee','2018-07-04 18:31:01'),(217,'http://www.uttarakhandtraveller.com/media/uploaded/Dehradun_road_Roorkee_VO4OVES1SAoSQ8d.jpg','Yuhuuuu_rishav ','Dehradun road Roorkee','2018-07-04 18:33:04'),(218,'http://www.uttarakhandtraveller.com/media/uploaded/Mansoori_vl6Zs7Bfl1hBWz6.jpg','Yuhuuuu_rishav ','Mansoori','2018-07-04 18:34:42'),(219,'http://www.uttarakhandtraveller.com/media/uploaded/Mansoori_VdAUXFznepsfte3.jpg','Yuhuuuu_rishav ','Mansoori','2018-07-04 18:35:25'),(220,'http://www.uttarakhandtraveller.com/media/uploaded/Mansoori_CFKvuFhjWJBkkMA.jpg','Yuhuuuu_rishav ','Mansoori','2018-07-04 18:36:07'),(221,'http://www.uttarakhandtraveller.com/media/uploaded/Mansoori_WOh4sqkfh5Uwf8P.jpg','Yuhuuuu_rishav ','Mansoori','2018-07-04 18:36:48'),(222,'http://www.uttarakhandtraveller.com/media/uploaded/Mansoori_oPuvEMvT97OcRcH.jpg','Yuhuuuu_rishav ','Mansoori','2018-07-04 18:37:42'),(223,'http://www.uttarakhandtraveller.com/media/uploaded/Mansoori_wHn29ZTEy5NXU1V.jpg','Yuhuuuu_rishav ','Mansoori','2018-07-04 18:38:25'),(224,'http://www.uttarakhandtraveller.com/media/uploaded/Mansoori_SLooM0mys4yHcPU.jpg','Yuhuuuu_rishav ','Mansoori','2018-07-04 18:39:10'),(225,'http://www.uttarakhandtraveller.com/media/uploaded/Roorkee_5LqZ1Od7i98bCF0.jpg','Yuhuuuu_rishav ','Roorkee','2018-07-04 18:43:10'),(226,'http://www.uttarakhandtraveller.com/media/uploaded/Bedni_Bugyal,_Roopkund_Trek_oOxwzD98gd7ybzk.jpg','Maiaurhimalaya','Bedni Bugyal, Roopkund Trek','2018-07-04 19:16:24'),(227,'http://www.uttarakhandtraveller.com/media/uploaded/Mussourie_1IPMhSe8piS7LI0.jpg','shekhar_kids_doc','Mussourie','2018-07-05 02:47:34'),(228,'http://www.uttarakhandtraveller.com/media/uploaded/Mussourie_PKOI8OCuMBlnzQO.jpg','shekhar_kids_doc','Mussourie','2018-07-05 02:49:08'),(229,'http://www.uttarakhandtraveller.com/media/uploaded/Tunghnath_trek_oGPDT2yzYLi57iL.jpg','aayu.ramola','Tunghnath trek','2018-07-05 04:15:21'),(230,'http://www.uttarakhandtraveller.com/media/uploaded/Har_ki_paudi_Q49ZwCnyD7GdGmD.jpg','Vinod shekhawat ','Har ki paudi','2018-07-05 07:57:56'),(231,'http://www.uttarakhandtraveller.com/media/uploaded/Mussoorie__mxhpPl4j7892NAP.jpg','Vinod Shekhawat ','Mussoorie ','2018-07-05 07:58:36'),(232,'http://www.uttarakhandtraveller.com/media/uploaded/Pithoragarh_9pKkHxvlih00WiN.jpg','rajat_chand_','Pithoragarh','2018-07-05 08:05:03'),(233,'http://www.uttarakhandtraveller.com/media/uploaded/Bardhaba(Pithoragarh)_GEvBViGfkxc3CA9.jpg','_deepak26','Bardhaba(Pithoragarh)','2018-07-05 11:19:53'),(234,'http://www.uttarakhandtraveller.com/media/uploaded/Mussoorie__n2B5xcwPCZsW2J9.jpg','Vinod Shekhawat ','Mussoorie ','2018-07-05 11:28:38'),(235,'http://www.uttarakhandtraveller.com/media/uploaded/Pithoragarh_WMKicQYeq3KE4kF.jpg','Travel_freak_07','Pithoragarh','2018-07-05 12:36:23'),(236,'http://www.uttarakhandtraveller.com/media/uploaded/Wayanad,_kerala_iEODcGVfv7LsjFd.jpg','Gokul Tamilan','Wayanad, kerala','2018-07-05 13:23:58'),(237,'http://www.uttarakhandtraveller.com/media/uploaded/Shitlakhet,_Uttarakhand,_India__FTQCbEzPwgYiKib.jpg','vidyotama_bora','Shitlakhet, Uttarakhand, India ','2018-07-05 15:09:25'),(238,'http://www.uttarakhandtraveller.com/media/uploaded/Shitlakhet_Uttarakhand_India_6srXbUTUrEavZ1v.jpg','vidyotama_bora','Shitlakhet Uttarakhand India','2018-07-05 15:10:21'),(239,'http://www.uttarakhandtraveller.com/media/uploaded/Ramnagar_Uttarakhand_India_zOhZPfuNCS1DalR.jpg','vidyotama_bora','Ramnagar Uttarakhand India','2018-07-05 15:12:11'),(240,'http://www.uttarakhandtraveller.com/media/uploaded/noloc_2v4bRfkTlcD1lmr.jpg','arundeepak','noloc','2018-07-05 15:34:55'),(241,'http://www.uttarakhandtraveller.com/media/uploaded/Tungnaath_yGReJusLxOd10n7.jpg','Narendra Mehra','Tungnaath','2018-07-05 19:57:25'),(242,'http://www.uttarakhandtraveller.com/media/uploaded/Kalpeshwar_temple_Chamoli_uttarakhand_U6wT2lZNB4TRJ1h.jpg','ankurnauti','Kalpeshwar temple Chamoli uttarakhand','2018-07-06 02:00:17'),(243,'http://www.uttarakhandtraveller.com/media/uploaded/Gopeshwar_Uttarakhand_OoYoz6y82KwmPZK.jpg','ankurnauti','Gopeshwar Uttarakhand','2018-07-06 02:12:44'),(244,'http://www.uttarakhandtraveller.com/media/uploaded/Dhari_devi_mandir_srinagar_zY7qWVjhST6Dfz7.jpg','Manish khantwal','Dhari devi mandir srinagar','2018-07-06 02:42:17'),(245,'http://www.uttarakhandtraveller.com/media/uploaded/Rishikesh_FSHDMb52yP3L12t.jpg','Manish khantwal','Rishikesh','2018-07-06 02:43:58'),(246,'http://www.uttarakhandtraveller.com/media/uploaded/Devpriyag_tqJyTGpvOZsv1l5.jpg','Manish khantwal','Devpriyag','2018-07-06 02:46:12'),(247,'http://www.uttarakhandtraveller.com/media/uploaded/Rudrpryag_sTUvaJf5wFu5MIY.jpg','Manishkhantwal','Rudrpryag','2018-07-06 02:56:19'),(248,'http://www.uttarakhandtraveller.com/media/uploaded/Julla___post_bhgtola_uttrakhand_LwD4CEOvQgOsfqB.jpg','Mahesh lal','Julla   post bhgtola uttrakhand','2018-07-06 03:03:03'),(249,'http://www.uttarakhandtraveller.com/media/uploaded/Kasar_Devi_,almora_LuBd376zkrG6iAt.jpg','Kokoi Ak','Kasar Devi ,almora','2018-07-06 03:37:23'),(250,'http://www.uttarakhandtraveller.com/media/uploaded/Mussoorie_tW6clYgWaDVxEkQ.jpg','Vanshtiwari_','Mussoorie','2018-07-06 03:39:08'),(251,'http://www.uttarakhandtraveller.com/media/uploaded/Kufun,almora_s0WNwFpfmGeBl0m.jpg','Kokoi Ak','Kufun,almora','2018-07-06 03:41:18'),(252,'http://www.uttarakhandtraveller.com/media/uploaded/Palethi_OfV6NfYDDcNlDcf.jpg','Viru8979','Palethi','2018-07-06 03:56:15'),(253,'http://www.uttarakhandtraveller.com/media/uploaded/Tungnath__CEtLkmXEi9BgzQ7.jpg','fareedlaiq','Tungnath ','2018-07-06 05:06:44'),(254,'http://www.uttarakhandtraveller.com/media/uploaded/Chopta_Chamoli_Garhwal_eZDIwkPZDQZYV7n.jpg','ankurnauti','Chopta Chamoli Garhwal','2018-07-06 05:21:46'),(255,'http://www.uttarakhandtraveller.com/media/uploaded/Auli_g1iOIOB2TGkiNUG.jpg','harsh_gururani','Auli','2018-07-06 06:00:20'),(256,'http://www.uttarakhandtraveller.com/media/uploaded/Ghangaria_h89zyVE02sFWzkW.jpg','adarsh_aadhi_i_','Ghangaria','2018-07-06 06:10:20'),(257,'http://www.uttarakhandtraveller.com/media/uploaded/Valley_of_flowers_WT4OtX5I1xBvxSC.jpg','adarsh_aadhi_i_','Valley of flowers','2018-07-06 06:11:32'),(258,'http://www.uttarakhandtraveller.com/media/uploaded/Govind_ghat_3WdSlbpkypTLhee.jpg','adarsh_aadhi_i_','Govind ghat','2018-07-06 06:12:21'),(259,'http://www.uttarakhandtraveller.com/media/uploaded/Pithoragarh..early_morning_HnG7AqjDI1DvuNo.jpg','Travel_freak_07','Pithoragarh..early morning','2018-07-06 07:26:38'),(260,'http://www.uttarakhandtraveller.com/media/uploaded/Munsyari_cMyaAKVE0Hj5J9a.jpg','Praveen prakash','Munsyari','2018-07-06 07:50:05'),(261,'http://www.uttarakhandtraveller.com/media/uploaded/Sweden_europe_EJT7GLYwSObs9Rz.jpg','Urban_pahadan','Sweden europe','2018-07-06 08:50:01'),(262,'http://www.uttarakhandtraveller.com/media/uploaded/Sweden_europe_42C4ceelLNNvECv.jpg','Urban_pahadan','Sweden europe','2018-07-06 08:53:48'),(263,'http://www.uttarakhandtraveller.com/media/uploaded/Nand_talla,_near_rishikesh_oEVPJTijSt3HOVq.jpg','Arvind ','Nand talla, near rishikesh','2018-07-06 10:02:01'),(264,'http://www.uttarakhandtraveller.com/media/uploaded/Upes_Dehradun__z6fqjIuLrNUAYP1.jpg','Don_corleone_009','Upes Dehradun ','2018-07-06 20:32:41'),(265,'http://www.uttarakhandtraveller.com/media/uploaded/Dunga_dehradun__soB95HnesG3vtFc.jpg','don_corleone_009','Dunga dehradun ','2018-07-06 20:33:55'),(266,'http://www.uttarakhandtraveller.com/media/uploaded/Devprayag_3P5U8i50rk0oTYz.jpg','butola_shubham','Devprayag','2018-07-07 03:10:04'),(267,'http://www.uttarakhandtraveller.com/media/uploaded/Siran_village__vCHjG8v2OWlAhUc.jpg','butola_shubham','Siran village ','2018-07-07 03:13:52'),(268,'http://www.uttarakhandtraveller.com/media/uploaded/Gauchar_Airport__helipad_GRmBHMc9G2DhqxZ.jpg','#butola_shubham','Gauchar Airport #helipad','2018-07-07 03:22:40'),(269,'http://www.uttarakhandtraveller.com/media/uploaded/Devriyataal_rWaPALzSkdRdGKb.jpg','#butola_shubham','Devriyataal','2018-07-07 03:25:04'),(270,'http://www.uttarakhandtraveller.com/media/uploaded/Gauchar_Mela_kKFRndRCh5A8N8T.jpg','@butola_shubham','Gauchar Mela','2018-07-07 03:26:55'),(271,'http://www.uttarakhandtraveller.com/media/uploaded/Badrinath_giTQjQnGRf25sDA.jpg','@butola_shubham','Badrinath','2018-07-07 03:33:09'),(272,'http://www.uttarakhandtraveller.com/media/uploaded/Mana_Badrinaath_EYghLdwDHAjimvj.jpg','@butola_shubham','Mana Badrinaath','2018-07-07 03:42:18'),(273,'http://www.uttarakhandtraveller.com/media/uploaded/Gauchar_Bhattnagar_River_Bank_bmlhYyBmr5CNZYx.jpg','@butola_shubham','Gauchar Bhattnagar River Bank','2018-07-07 03:44:44'),(274,'http://www.uttarakhandtraveller.com/media/uploaded/Mana_Village_5rQjLHJVYd3xC9M.jpg','@butola_shubham','Mana Village','2018-07-07 03:48:13'),(275,'http://www.uttarakhandtraveller.com/media/uploaded/Badrinaath_Bheempul_9joTTMWpKP1emxK.jpg','@butola_shubham','Badrinaath Bheempul','2018-07-07 03:58:40'),(276,'http://www.uttarakhandtraveller.com/media/uploaded/Badrinaath_River_WVnF0yyEQbYK5N1.jpg','@butola_shubham','Badrinaath River','2018-07-07 04:01:52'),(277,'http://www.uttarakhandtraveller.com/media/uploaded/Kartik_Swami_hill_front_of_this_shot_Nk07Fljgk9dSGci.jpg','@butola_shubham','Kartik Swami hill front of this shot','2018-07-07 04:03:38'),(278,'http://www.uttarakhandtraveller.com/media/uploaded/Vishranti_resort__01kvuQjEbkAaCcZ.jpg','don_corleone_009 (sarthak gupta) ','Vishranti resort ','2018-07-07 05:26:33'),(279,'http://www.uttarakhandtraveller.com/media/uploaded/Chota_Kailash_bOj9GUCgzgtG2Df.jpg','Manoj Lohani','Chota Kailash','2018-07-07 12:13:52'),(280,'http://www.uttarakhandtraveller.com/media/uploaded/Chota_Kailash_LJBGdYTcJhuA06o.jpg','Manoj Lohani','Chota Kailash','2018-07-07 12:15:07'),(281,'http://www.uttarakhandtraveller.com/media/uploaded/Chota_Kailash_YM8n0iegA9wzVvq.jpg','Manoj Lohani','Chota Kailash','2018-07-07 12:16:22'),(282,'http://www.uttarakhandtraveller.com/media/uploaded/Devprayag_mKCy7AveOYDs7Rm.jpg','gautam_abhii','Devprayag','2018-07-07 12:43:19'),(283,'http://www.uttarakhandtraveller.com/media/uploaded/Byasi_zRVj7ApS4mC1KCB.jpg','gautam_abhii','Byasi','2018-07-07 12:44:16'),(284,'http://www.uttarakhandtraveller.com/media/uploaded/Kaudiyala_toHpD4FGhapodjG.jpg','gautam_abhii','Kaudiyala','2018-07-07 12:47:20'),(285,'http://www.uttarakhandtraveller.com/media/uploaded/International_cricket_stadium,_dehradun_KQF6Rhpj0dGy5pC.jpg','@iamwriteuncle','International cricket stadium, dehradun','2018-07-07 16:39:41'),(286,'http://www.uttarakhandtraveller.com/media/uploaded/Baijnath_QKesSm2adVFAJ3N.jpg','@archivedtruth','Baijnath','2018-07-08 01:32:53'),(287,'http://www.uttarakhandtraveller.com/media/uploaded/Shikhar_Fall_exrUWwT2FuouW7h.jpg','@archivedtruth','Shikhar Fall','2018-07-08 01:40:14'),(288,'http://www.uttarakhandtraveller.com/media/uploaded/Kedharnath_ZmJpDHxH1HES5l7.jpg','Rohan99mahajan','Kedharnath','2018-07-08 12:22:17'),(289,'http://www.uttarakhandtraveller.com/media/uploaded/Mana_YZDLEjLSvOpxaRV.jpg','Rohan99mahajan','Mana','2018-07-08 12:24:06'),(290,'http://www.uttarakhandtraveller.com/media/uploaded/Chandrashilla_treck_Q1CXMpxOyTHouWa.jpg','prajwal_never','Chandrashilla treck','2018-07-09 05:07:51'),(291,'http://www.uttarakhandtraveller.com/media/uploaded/Chopta_sunset_view_point_BzsNySFd8zmi3Gp.jpg','prajwal_never','Chopta sunset view point','2018-07-09 05:09:19'),(292,'http://www.uttarakhandtraveller.com/media/uploaded/Chandra_sila__TUae63vxz25RYWA.jpg','herrythapa','Chandra sila ','2018-07-09 07:53:10'),(293,'http://www.uttarakhandtraveller.com/media/uploaded/Munsiyari_n7JFSunRuL0m5qn.jpg','herrythapa','Munsiyari','2018-07-09 07:57:33'),(294,'http://www.uttarakhandtraveller.com/media/uploaded/Rober\'s_cave,_Dehradoon_aUfTke5HuL2mbkp.jpg','rover_saby','Rober\'s cave, Dehradoon','2018-07-09 12:18:59'),(295,'http://www.uttarakhandtraveller.com/media/uploaded/Haridwar_Wv59oI514Xccjth.jpg','rover_saby','Haridwar','2018-07-09 12:22:41'),(296,'http://www.uttarakhandtraveller.com/media/uploaded/Kempty_fall,_Mausoorie_IobvDr05Fl8ke1D.jpg','rover_saby','Kempty fall, Mausoorie','2018-07-09 12:25:27'),(297,'http://www.uttarakhandtraveller.com/media/uploaded/MAUSOORIE_mall_road_SG4zxEEWdf4qoLk.jpg','rover_saby','MAUSOORIE mall road','2018-07-09 12:28:43'),(298,'http://www.uttarakhandtraveller.com/media/uploaded/Rajaji_National_Park_38z6bRJycFH7CYP.jpg','rover_saby','Rajaji National Park','2018-07-09 12:33:54'),(299,'http://www.uttarakhandtraveller.com/media/uploaded/Rajaji_National_Park_GuzFeSSdRwLTbst.jpg','rover_saby','Rajaji National Park','2018-07-09 12:38:42'),(300,'http://www.uttarakhandtraveller.com/media/uploaded/Rajaji_National_Park_yJu1HdGfCr64HQx.jpg','rover_saby','Rajaji National Park','2018-07-09 12:41:19'),(301,'http://www.uttarakhandtraveller.com/media/uploaded/Rajaji_National_Park_HhvykJdGn2TiHww.jpg','rover_saby','Rajaji National Park','2018-07-09 12:50:53'),(302,'http://www.uttarakhandtraveller.com/media/uploaded/Valley_of_flowers_joshimath_2WggHUWKwKEqRFM.jpg','Davender diwakar','Valley of flowers joshimath','2018-07-09 14:30:42'),(303,'http://www.uttarakhandtraveller.com/media/uploaded/Nathatop_jammu__kashmir_DlBZyhb0oHnL5H5.jpg','Davender Diwakar','Nathatop jammu &kashmir','2018-07-09 14:32:40'),(304,'http://www.uttarakhandtraveller.com/media/uploaded/Uttrakhand_s3prMFDKu4Jn7Da.jpg','Catchbravopuneet','Uttrakhand','2018-07-09 14:33:27'),(305,'http://www.uttarakhandtraveller.com/media/uploaded/Chandshila_UJZof3k8hRV4oMM.jpg','Upendra_rawat0405','Chandshila','2018-07-09 16:20:49'),(306,'http://www.uttarakhandtraveller.com/media/uploaded/pandav_kholi_VqsQO7ZKo20xFRe.jpg','prabhat pandey','pandav kholi','2018-07-09 16:28:44'),(307,'http://www.uttarakhandtraveller.com/media/uploaded/chaukhutia_YZDBPz1kBWjRwGy.jpg','prabhat pandey','chaukhutia','2018-07-09 16:31:38'),(308,'http://www.uttarakhandtraveller.com/media/uploaded/Mussorrie__Ak4mBntZnGumxBE.jpg','Amit_1507','Mussorrie ','2018-07-10 02:15:52'),(309,'http://www.uttarakhandtraveller.com/media/uploaded/Ukhimath_NVVMujz5FCdTiMH.jpg','Prince negi','Ukhimath','2018-07-10 04:29:55'),(310,'http://www.uttarakhandtraveller.com/media/uploaded/Gauchar_PkrFNQBa3MvNGcj.jpg','@butola_shubham','Gauchar','2018-07-10 12:29:58'),(311,'http://www.uttarakhandtraveller.com/media/uploaded/Dehradun_ipPx4qNrUXskFAo.jpg','dehraduneci','Dehradun','2018-07-11 03:28:02'),(312,'http://www.uttarakhandtraveller.com/media/uploaded/Nainital_oy8qdpCKWRt7v6G.jpg','Slcsantoshfoe','Nainital','2018-07-11 06:53:02'),(313,'http://www.uttarakhandtraveller.com/media/uploaded/Nainital_1A7xctPwpSOOqSe.jpg','Slcsantoshfoe','Nainital','2018-07-11 06:55:27'),(314,'http://www.uttarakhandtraveller.com/media/uploaded/Bhimtal_qVCIBpRZZ3fXJ7I.jpg','Slcsantoshfoe','Bhimtal','2018-07-11 06:56:52'),(315,'http://www.uttarakhandtraveller.com/media/uploaded/Rudranath_skVNB8u2E5IvhaW.jpg','Kartikeya Bahuguna','Rudranath','2018-07-11 15:37:59'),(316,'http://www.uttarakhandtraveller.com/media/uploaded/Rudranath_MruVmve9ttr2AgB.jpg','Kartikeya Bahuguna','Rudranath','2018-07-11 15:41:07'),(317,'http://www.uttarakhandtraveller.com/media/uploaded/Rudranath_4ZQ13rfLGAKS0tD.jpg','Kartikeya Bahuguna','Rudranath','2018-07-11 15:42:43'),(318,'http://www.uttarakhandtraveller.com/media/uploaded/Rudranath_l1LHZD1EwaWMhMP.jpg','Kartikeya Bahuguna','Rudranath','2018-07-11 15:43:03'),(319,'http://www.uttarakhandtraveller.com/media/uploaded/Rudranath_HnjOxdojNVUGMef.jpg','Kartikeya Bahuguna','Rudranath','2018-07-11 15:45:22'),(320,'http://www.uttarakhandtraveller.com/media/uploaded/Rudranath_BCZCdVWY2iqY8aD.jpg','Kartikeya Bahuguna','Rudranath','2018-07-11 15:47:25'),(321,'http://www.uttarakhandtraveller.com/media/uploaded/Rudranath_v1NNIi1z7IT4ozc.jpg','Kartikeya Bahuguna','Rudranath','2018-07-11 15:49:28'),(322,'http://www.uttarakhandtraveller.com/media/uploaded/Rudranath_ERZgiiiYXy0fhZb.jpg','Kartikeya Bahuguna','Rudranath','2018-07-11 15:51:38'),(323,'http://www.uttarakhandtraveller.com/media/uploaded/Enroute_Vasudhara_Falls_2HWY7gfsnePuFYe.jpg','adyantha_venkat','Enroute Vasudhara Falls','2018-07-12 07:35:21'),(324,'http://www.uttarakhandtraveller.com/media/uploaded/Tehri_pratap_nagar__oLCiBhi4ip0TKTj.jpg','bhupendra.singh3851@gmail.com','Tehri pratap nagar ','2018-07-12 16:50:22'),(325,'http://www.uttarakhandtraveller.com/media/uploaded/Hemkund_sahib_Fh3OA5LSrezri4W.jpg','@travelbag_tales','Hemkund sahib','2018-07-13 05:47:03'),(326,'http://www.uttarakhandtraveller.com/media/uploaded/This_is_the_view_from_India\'s_last_village_\"Mana\"_ZLB7EbPFu2gDAwS.jpg','@manishayadav06','This is the view from India\'s last village \"Mana\"','2018-07-13 17:47:38'),(327,'http://www.uttarakhandtraveller.com/media/uploaded/View_from_the_bridge_on_the_way_to_Badrinath_in_Badrinath._EDtPmCefFhV8DJe.jpg','@manishayadav06','View from the bridge on the way to Badrinath in Badrinath.','2018-07-13 17:49:28'),(328,'http://www.uttarakhandtraveller.com/media/uploaded/Coming_down_from_Kedarnath_Temple__WfiKtWNljHHGzl6.jpg','@manishayadav06','Coming down from Kedarnath Temple ','2018-07-13 17:53:42'),(329,'http://www.uttarakhandtraveller.com/media/uploaded/Way_back_from_Kedarnath_Temple__zUTPMPNEgE42Yh7.jpg','@manishayadav06','Way back from Kedarnath Temple ','2018-07-13 17:54:40'),(330,'http://www.uttarakhandtraveller.com/media/uploaded/View_from_Kedarnath_pVDOG3cuEX3jFj0.jpg','@manishayadav06','View from Kedarnath','2018-07-13 17:55:31'),(331,'http://www.uttarakhandtraveller.com/media/uploaded/Somewhere_in_Uttarakhand__WjGEUW9Q3nv47C0.jpg','@manishayadav06','Somewhere in Uttarakhand ','2018-07-13 17:56:30'),(332,'http://www.uttarakhandtraveller.com/media/uploaded/Somewhere_in_Uttarakhand__7FHY4lM93O5nr1I.jpg','@manishayadav06','Somewhere in Uttarakhand ','2018-07-13 17:57:06'),(333,'http://www.uttarakhandtraveller.com/media/uploaded/Gangotri_(Gangotri_river)_jbm7OuH68aMIvkn.jpg','@manishayadav06','Gangotri (Gangotri river)','2018-07-13 17:58:06'),(334,'http://www.uttarakhandtraveller.com/media/uploaded/The_way_to_Yamnotri_HZrIuCCFPEI30if.jpg','@manishayadav06','The way to Yamnotri','2018-07-13 17:59:39'),(335,'http://www.uttarakhandtraveller.com/media/uploaded/Way_to_Yamnotri__jUJgJEODzEwrZFf.jpg','@manishayadav06','Way to Yamnotri ','2018-07-13 18:01:30'),(336,'http://www.uttarakhandtraveller.com/media/uploaded/This_view_is_taken_from_some_place_on_the_way_to_Yamnotri__boaJIZ10JKQyVPG.jpg','@manishayadav06','This view is taken from some place on the way to Yamnotri ','2018-07-13 18:02:44'),(337,'http://www.uttarakhandtraveller.com/media/uploaded/Lal_Tibba_fCYd13QV7W1M369.jpg','ajadhav','Lal Tibba','2018-07-14 04:06:16'),(338,'http://www.uttarakhandtraveller.com/media/uploaded/Lal_Tibba_tHFDlX1Tp74F4qp.jpg','ajadhav','Lal Tibba','2018-07-14 04:06:16'),(339,'http://www.uttarakhandtraveller.com/media/uploaded/Landour_9qw3zO84odyoxWB.jpg','ajadhav','Landour','2018-07-14 04:07:58'),(340,'http://www.uttarakhandtraveller.com/media/uploaded/Landour_czKIjyDVhfVBEes.jpg','ajadhav','Landour','2018-07-14 04:07:58'),(341,'http://www.uttarakhandtraveller.com/media/uploaded/Landour_Gb6Vzwn6vbOSjSU.jpg','ajadhav','Landour','2018-07-14 04:07:58'),(342,'http://www.uttarakhandtraveller.com/media/uploaded/Landour_5sgjuHdS4Ct3ffh.jpg','ajadhav','Landour','2018-07-14 04:07:58'),(343,'http://www.uttarakhandtraveller.com/media/uploaded/Harsil_MNkTx3XuEVtemQC.jpg','Shivanshupathak','Harsil','2018-07-14 05:07:22'),(344,'http://www.uttarakhandtraveller.com/media/uploaded/Valley_of_flowers_93zWP4HIOvLWbwf.jpg','Akash','Valley of flowers','2018-07-14 05:41:26'),(345,'http://www.uttarakhandtraveller.com/media/uploaded/Valley_of_flowers_CzlgabWfFrVu7Xx.jpg','Akash','Valley of flowers','2018-07-14 05:42:29'),(346,'http://www.uttarakhandtraveller.com/media/uploaded/Pithoragarh_f1fYGkelBVrvKmC.jpg','Office Yash 7805','Pithoragarh','2018-07-14 07:54:28'),(347,'http://www.uttarakhandtraveller.com/media/uploaded/Almora_xtnNme4AiqCsEE8.jpg','Office Yash 7805','Almora','2018-07-14 07:55:47'),(348,'http://www.uttarakhandtraveller.com/media/uploaded/Almora_icy8Hysa5xP6UCF.jpg','Office Yash 7805','Almora','2018-07-14 07:57:13'),(349,'http://www.uttarakhandtraveller.com/media/uploaded/Vasudhar_falls__Vdv41B8HkZMgf0N.jpg','Trekking_uttarakhand','Vasudhar falls ','2018-07-14 08:53:32'),(350,'http://www.uttarakhandtraveller.com/media/uploaded/Narendranagar,_Tehri_Garhwal_hD16FwZQnKpyQOD.jpg','we_edle','Narendranagar, Tehri Garhwal','2018-07-14 10:40:33'),(351,'http://www.uttarakhandtraveller.com/media/uploaded/Gurudwara_Ritha_Sahib_Uttarakhand_azpf7lNKp419xYv.jpg','@th3_heisnberg','Gurudwara Ritha Sahib Uttarakhand','2018-07-14 11:18:58'),(352,'http://www.uttarakhandtraveller.com/media/uploaded/Lohaghat,_uttarakhand_YwwbwQC3bZftMXa.jpg','th3_heisnberg__','Lohaghat, uttarakhand','2018-07-14 11:57:56'),(353,'http://www.uttarakhandtraveller.com/media/uploaded/George_everest_mussorie_mmjUV2uLvfnef1H.jpg','_the_milesmeasuring_machine_','George everest mussorie','2018-07-14 14:58:31'),(354,'http://www.uttarakhandtraveller.com/media/uploaded/Mussoorie_hYozZYnVnokPa6I.jpg','The.deepanshu','Mussoorie','2018-07-14 17:21:16'),(355,'http://www.uttarakhandtraveller.com/media/uploaded/rishikesh_vlwRiA50v8oQwml.jpg','harpreet_singh21','rishikesh','2018-07-14 18:47:34'),(356,'http://www.uttarakhandtraveller.com/media/uploaded/Mana_Village_Uttarakhand__4SIHsD5Ei1fKGDM.jpg','gty_photography ','Mana Village Uttarakhand ','2018-07-15 01:13:07'),(357,'http://www.uttarakhandtraveller.com/media/uploaded/गोरिउडयार_बागेश्वर__oDWtBJKjyQRYvXc.jpg','उमेश सिंह','गोरिउडयार बागेश्वर ','2018-07-15 04:10:54'),(358,'http://www.uttarakhandtraveller.com/media/uploaded/Uttarakhand__4ffdNAcT4EZf5X8.jpg','Abhishek','Uttarakhand ','2018-07-15 07:09:53'),(359,'http://www.uttarakhandtraveller.com/media/uploaded/Uttarakhand__yQLBIfQqCAk5uvo.jpg','Abhishek','Uttarakhand ','2018-07-15 07:09:53'),(360,'http://www.uttarakhandtraveller.com/media/uploaded/Sahatrdhara_qZc2GhcAJa7IjJ9.jpg','deekshant','Sahatrdhara','2018-07-15 07:45:39'),(361,'http://www.uttarakhandtraveller.com/media/uploaded/Forest_Research_Institute_Dehradun_1gwC1PDAb6mQSUU.jpg','@srjrwt26','Forest Research Institute Dehradun','2018-07-15 09:46:15'),(362,'http://www.uttarakhandtraveller.com/media/uploaded/Forest_Research_Institute_Dehradun_jqS4tFKHxFkr69E.jpg','@srjrwt26','Forest Research Institute Dehradun','2018-07-15 09:46:58'),(363,'http://www.uttarakhandtraveller.com/media/uploaded/Shahastrdhra_hkerh5Thtv6aIAj.jpg','Anirudhsingh_16','Shahastrdhra','2018-07-15 10:39:12'),(364,'http://www.uttarakhandtraveller.com/media/uploaded/Shahastrdhra_CcMhD0FHLHVtqSi.jpg','Anirudhsingh_16','Shahastrdhra','2018-07-15 10:39:48'),(365,'http://www.uttarakhandtraveller.com/media/uploaded/Shahastrdhra_OLmyX7C3jf5ygZc.jpg','Anirudhsingh_16','Shahastrdhra','2018-07-15 10:40:41'),(366,'http://www.uttarakhandtraveller.com/media/uploaded/Nag_tibba__ZUDMKnCeokgFt0x.jpg','Abhishek sahlot','Nag tibba ','2018-07-15 11:04:27'),(367,'http://www.uttarakhandtraveller.com/media/uploaded/Nag_tibba__dVknyQQfSq0Zddh.jpg','Abhishek sahlot','Nag tibba ','2018-07-15 11:04:27'),(368,'http://www.uttarakhandtraveller.com/media/uploaded/Mussoorie,__uttarakhand__pPXMvQFH5URlDiy.jpg','Shubhamm_tiwari_','Mussoorie,  uttarakhand ','2018-07-15 15:37:15'),(369,'http://www.uttarakhandtraveller.com/media/uploaded/Nag_tibba_72LXkbV0AsSKAc2.jpg','Photostories_7','Nag tibba','2018-07-16 03:41:49'),(370,'http://www.uttarakhandtraveller.com/media/uploaded/Pindari_glacier_trek__udQmZJm1iRYcrKw.jpg','Trekking uttarakhand','Pindari glacier trek ','2018-07-16 06:21:08'),(371,'http://www.uttarakhandtraveller.com/media/uploaded/Tungnath_Temple_,_Uttarakhand__l5b1DJgGJuPina3.jpg','im.lavish','Tungnath Temple , Uttarakhand ','2018-07-16 06:49:57'),(372,'http://www.uttarakhandtraveller.com/media/uploaded/Tungnath_Temple_,_Uttarakhand__tArSKcJiyGarsGU.jpg','im.lavish','Tungnath Temple , Uttarakhand ','2018-07-16 06:49:57'),(373,'http://www.uttarakhandtraveller.com/media/uploaded/Tungnath_Temple_,_Uttarakhand__4pl0XXXRq6TXV29.jpg','im.lavish','Tungnath Temple , Uttarakhand ','2018-07-16 06:49:57'),(374,'http://www.uttarakhandtraveller.com/media/uploaded/Kunjapuri_Temple_,_Uttarakhand__voEwG6BG893UCnP.jpg','im.lavish','Kunjapuri Temple , Uttarakhand ','2018-07-16 06:50:57'),(375,'http://www.uttarakhandtraveller.com/media/uploaded/Kedarkantha__mRXM2vcUOapI0lu.jpg','Photostories_7','Kedarkantha ','2018-07-16 11:01:50'),(376,'http://www.uttarakhandtraveller.com/media/uploaded/Dharchula__dWRL9aU8xoCWKyC.jpg','Fit_boykartik ','Dharchula ','2018-07-16 11:53:23'),(377,'http://www.uttarakhandtraveller.com/media/uploaded/Munsyari__NzwJJ6vcYPPcT7y.jpg','Fit_boykartik ','Munsyari ','2018-07-16 11:54:19'),(378,'http://www.uttarakhandtraveller.com/media/uploaded/Dharchula_chirkila_dam_fall_rxRU6cS0Qxsl4E9.jpg','Fit_boykartik ','Dharchula chirkila dam fall','2018-07-16 11:55:41'),(379,'http://www.uttarakhandtraveller.com/media/uploaded/Rishikesh_IOJ0IqCONCCULIt.jpg','hulk.rider','Rishikesh','2018-07-16 13:11:40'),(380,'http://www.uttarakhandtraveller.com/media/uploaded/Haridwar_ErFWpHsIVvj0uZk.jpg','hulk.rider','Haridwar','2018-07-16 13:12:29'),(381,'http://www.uttarakhandtraveller.com/media/uploaded/Goa_Beach,Rishikesh_o5Xm8rWYotvFk61.jpg','hulk.rider','Goa Beach,Rishikesh','2018-07-16 13:13:57'),(382,'http://www.uttarakhandtraveller.com/media/uploaded/Har_ki_poudi_HjQPli0C2kfhvyT.jpg','hulk.rider','Har ki poudi','2018-07-16 14:31:53'),(383,'http://www.uttarakhandtraveller.com/media/uploaded/Kasar_devi_F5WjEMZlZaHJSBF.jpg','Iamdesinoor','Kasar devi','2018-07-17 02:59:31'),(384,'http://www.uttarakhandtraveller.com/media/uploaded/Mana_Village._The_last_village_of_INDIA__XZshOi5ijAgtovz.jpg','gty_photography ','Mana Village. The last village of INDIA ','2018-07-17 05:44:44'),(385,'http://www.uttarakhandtraveller.com/media/uploaded/Tungnath,_Uttrakhand_Z14iaLYn6nn6qQA.jpg','@thedreamrambler','Tungnath, Uttrakhand','2018-07-17 09:28:34'),(386,'http://www.uttarakhandtraveller.com/media/uploaded/Rishikesh_J0pcInjEoiUHTfo.jpg','Sushmitha Ravella','Rishikesh','2018-07-17 10:48:47'),(387,'http://www.uttarakhandtraveller.com/media/uploaded/Rishikesh_cwYBEXpYcKWqR9X.jpg','Sushmitha Ravella','Rishikesh','2018-07-17 10:48:47'),(388,'http://www.uttarakhandtraveller.com/media/uploaded/Rishikesh_cw7RCVcyXSnqGSr.jpg','Sushmitha Ravella','Rishikesh','2018-07-17 10:48:47'),(389,'http://www.uttarakhandtraveller.com/media/uploaded/Mussoorie__qJaNdCDKQKqFKYC.jpg','Abhishek ','Mussoorie ','2018-07-17 16:10:21'),(390,'http://www.uttarakhandtraveller.com/media/uploaded/Mussoorie__SarJhmpKySfUong.jpg','Abhishek ','Mussoorie ','2018-07-17 16:10:21'),(391,'http://www.uttarakhandtraveller.com/media/uploaded/Lakshman_jhulla_pzPEabzbZxerOAU.jpg','Kanhaya07','Lakshman jhulla','2018-07-17 16:17:08'),(392,'http://www.uttarakhandtraveller.com/media/uploaded/Himachal_idw7wB2yF2bg2ZU.jpg','@ashok_arya_','Himachal','2018-07-17 18:33:18'),(393,'http://www.uttarakhandtraveller.com/media/uploaded/Haridwar_uMsHTBW6NIlaIZn.jpg','aadduu','Haridwar','2018-07-18 02:28:01'),(394,'http://www.uttarakhandtraveller.com/media/uploaded/Pithoragarh_(chandak_hill)_KmM462ErQmAyoOd.jpg','Rajwardeepusingh34','Pithoragarh (chandak hill)','2018-07-18 02:34:23'),(395,'http://www.uttarakhandtraveller.com/media/uploaded/Nainital__YpJJDAumNZiMhC7.jpg','Rajwardeepusingh34','Nainital ','2018-07-18 02:38:44'),(396,'http://www.uttarakhandtraveller.com/media/uploaded/Munsyari__Wr7gT1adxq0dNl5.jpg','Rajwardeepusingh34','Munsyari ','2018-07-18 02:41:18'),(397,'http://www.uttarakhandtraveller.com/media/uploaded/Dhari_Devi_Temple_Srinagar_Garhwal_nWDl4RYcA0Rc9qS.jpg','Santoshsingh_7362','Dhari Devi Temple Srinagar Garhwal','2018-07-18 06:33:25'),(398,'http://www.uttarakhandtraveller.com/media/uploaded/Srinagar_Garhwal_bqhOeb78yndrfx3.jpg','Santoshsingh_7362','Srinagar Garhwal','2018-07-18 06:39:03'),(399,'http://www.uttarakhandtraveller.com/media/uploaded/Way_to_kalinka_temple_at_pauri_almora_border_bT8wOil41gYyATH.jpg','Manishkhantwal2','Way to kalinka temple at pauri almora border','2018-07-18 07:58:46'),(400,'http://www.uttarakhandtraveller.com/media/uploaded/Standing_in_pauri_district_but_view_in_backside_is_almora_district_OVxZ9oHmOqCHXwG.jpg','Manishkhantwal2','Standing in pauri district but view in backside is almora district','2018-07-18 08:05:09'),(401,'http://www.uttarakhandtraveller.com/media/uploaded/Nainital_ood4au7rJdP3zOu.jpg','Mohit, Insta- @jauntingjourneys','Nainital','2018-07-18 14:43:00'),(402,'http://www.uttarakhandtraveller.com/media/uploaded/Machorr,Bhatrojkhan(almora)_ZwavCkGW5ug6xHg.jpg','Kunalk478','Machorr,Bhatrojkhan(almora)','2018-07-19 06:53:20'),(403,'http://www.uttarakhandtraveller.com/media/uploaded/Chaursa,_Nainital_8tAewCb4HrqI8oo.jpg','Sakshipandey646','Chaursa, Nainital','2018-07-20 03:41:02'),(404,'http://www.uttarakhandtraveller.com/media/uploaded/Nainital_I9FYmj2DMvoD0LU.jpg','Irachnabisht','Nainital','2018-07-20 04:26:28'),(405,'http://www.uttarakhandtraveller.com/media/uploaded/Kedarnath,_Uttarakhand_9wyQ3ZW1xnmAjLh.jpg','','Kedarnath, Uttarakhand','2018-07-20 06:39:03'),(406,'http://www.uttarakhandtraveller.com/media/uploaded/Kedarnath,_Uttarakhand_rN52VlemeY2UfZy.jpg','adyantha_venkat','Kedarnath, Uttarakhand','2018-07-20 06:39:19'),(407,'http://www.uttarakhandtraveller.com/media/uploaded/Enroute_Vasudhara_falls._A_6_km_trek_from_the_Mana_village,_provides_for_one_of_the_most_scenic_treks_for_hikers._ES16A2PB73T4Hbi.jpg','adyantha_venkat','Enroute Vasudhara falls. A 6 km trek from the Mana village, provides for one of the most scenic treks for hikers.','2018-07-20 06:42:47'),(408,'http://www.uttarakhandtraveller.com/media/uploaded/Vasudhara_Falls,_Mana_Village._Due_to_low_temperatures,_the_water_from_the_falls_forms_into_ice_right_at_the_bottom._RZ2u3DKmVjRvRf6.jpg','adyantha_venkat','Vasudhara Falls, Mana Village. Due to low temperatures, the water from the falls forms into ice right at the bottom.','2018-07-20 06:50:32'),(409,'http://www.uttarakhandtraveller.com/media/uploaded/Bageshwar__0yTrXTvTOE0MGLq.jpg','Neha','Bageshwar ','2018-07-22 17:06:57'),(410,'http://www.uttarakhandtraveller.com/media/uploaded/Mussoorie_8hGWk9LrXpPwYhs.jpg','vaidehi_dadhich','Mussoorie','2018-07-23 17:51:50'),(411,'http://www.uttarakhandtraveller.com/media/uploaded/Bhimtal_AcrK1QH8suNYExH.jpg','rishabh_shah.555','Bhimtal','2018-07-25 07:13:56'),(412,'http://www.uttarakhandtraveller.com/media/uploaded/Ramgarh_UKoEuDByuUE6X9c.jpg','iammaneish','Ramgarh','2018-07-25 12:07:09'),(413,'http://www.uttarakhandtraveller.com/media/uploaded/Saharfatak_uttarakhand_9Yc4CdkccwYpKJ8.jpg','Th3_heisnberg__','Saharfatak uttarakhand','2018-07-25 18:12:34'),(414,'http://www.uttarakhandtraveller.com/media/uploaded/Dol_Aashram,_Uttarakhand_W2QlwG2fPsf4Uty.jpg','th3_heisnberg__','Dol Aashram, Uttarakhand','2018-07-25 18:20:33'),(415,'http://www.uttarakhandtraveller.com/media/uploaded/Lohaghat_GGsE9WIF7xDtEXy.jpg','th3_heisnberg__','Lohaghat','2018-07-25 18:27:17'),(416,'http://www.uttarakhandtraveller.com/media/uploaded/Chakrata__q5iQZLBvC3dk11s.jpg','chandan_beniwal','Chakrata ','2018-07-26 03:41:58'),(417,'http://www.uttarakhandtraveller.com/media/uploaded/Chakrata__1IwCzFV9RLJeIoD.jpg','chandan_beniwal','Chakrata ','2018-07-26 03:42:41'),(418,'http://www.uttarakhandtraveller.com/media/uploaded/Chakrata__cuyy3100SlW6TGj.jpg','chandan_beniwal','Chakrata ','2018-07-26 18:28:24'),(419,'http://www.uttarakhandtraveller.com/media/uploaded/Chakrata__is6W9YXhN3W3mXX.jpg','chandan_beniwal','Chakrata ','2018-07-26 18:29:00'),(420,'http://www.uttarakhandtraveller.com/media/uploaded/Chakrata__8CUkNfv27Hd4R0o.jpg','chandan_beniwal','Chakrata ','2018-07-26 18:34:59'),(421,'http://www.uttarakhandtraveller.com/media/uploaded/Chakrata__wdtPngXiOap27GL.jpg','chandan_beniwal','Chakrata ','2018-07-26 18:35:31'),(422,'http://www.uttarakhandtraveller.com/media/uploaded/Chakrata__cZkwWG9bYehaBXz.jpg','chandan_beniwal','Chakrata ','2018-07-26 18:36:20'),(423,'http://www.uttarakhandtraveller.com/media/uploaded/Mana_Village_Uttarakhand__0x9aO2RJDwF6Zni.jpg','gty_photography ','Mana Village Uttarakhand ','2018-07-27 05:53:13'),(424,'http://www.uttarakhandtraveller.com/media/uploaded/Almora_4SO3DoPqw6OXnk3.jpg','Kailash_infinity','Almora','2018-07-27 07:34:29'),(425,'http://www.uttarakhandtraveller.com/media/uploaded/Almora_dfRHCApJky8R4bM.jpg','Kailash_infinity','Almora','2018-07-27 07:35:21'),(426,'http://www.uttarakhandtraveller.com/media/uploaded/Almora_vCcEfFU7A7wUzTA.jpg','Kailash_infinity','Almora','2018-07-27 07:36:00'),(427,'http://www.uttarakhandtraveller.com/media/uploaded/Sattal_lake_6czfy6bhYVZusFm.jpg','@naudogyaara','Sattal lake','2018-07-27 07:47:35'),(428,'http://www.uttarakhandtraveller.com/media/uploaded/Nainital_h4W7bRKitVlEAtz.jpg','quirky_soul_shots','Nainital','2018-07-27 10:17:13'),(429,'http://www.uttarakhandtraveller.com/media/uploaded/Nainital_MSfiFK0RjRTugID.jpg','quirky_soul_shots','Nainital','2018-07-27 10:18:12'),(430,'http://www.uttarakhandtraveller.com/media/uploaded/Nainital_rXlj0MNlMH75vgl.jpg','quirky_soul_shots','Nainital','2018-07-27 10:21:23'),(431,'http://www.uttarakhandtraveller.com/media/uploaded/Nainital_i9P308V03QeAsfQ.jpg','quirky_soul_shots','Nainital','2018-07-27 10:23:45'),(432,'http://www.uttarakhandtraveller.com/media/uploaded/Lansdowne_p0Q68gkjCwgoLM1.jpg','Kanchan joshi','Lansdowne','2018-07-28 05:15:23'),(433,'http://www.uttarakhandtraveller.com/media/uploaded/Lansdowne_2qI7Ya5sUhYguBF.jpg','Kanchan joshi','Lansdowne','2018-07-28 05:25:20'),(434,'http://www.uttarakhandtraveller.com/media/uploaded/mansa_devi_bfe93K0qLTbfQj8.jpg','wanderer_gourav','mansa devi','2018-07-28 10:22:26'),(435,'http://www.uttarakhandtraveller.com/media/uploaded/Badrinath,vasudhara_tracking_Y7j4Mh6Q6I1iMIp.jpg','Sunita2169','Badrinath,vasudhara tracking','2018-07-28 15:06:07'),(436,'http://www.uttarakhandtraveller.com/media/uploaded/Badrinath,vasudhara_tracking_sBJlNGhAoSLx8an.jpg','Sunita2169','Badrinath,vasudhara tracking','2018-07-28 15:16:30'),(437,'http://www.uttarakhandtraveller.com/media/uploaded/Vasudhara,badrinath_CthE1ExK8K4nnEe.jpg','Sunita2169','Vasudhara,badrinath','2018-07-28 15:19:03'),(438,'http://www.uttarakhandtraveller.com/media/uploaded/Satopanth,badrinath_UGh9hliPNtYEA7G.jpg','Sunita2169','Satopanth,badrinath','2018-07-28 15:22:45'),(439,'http://www.uttarakhandtraveller.com/media/uploaded/Satopanth,badrinath_2xQthZ8ROplGxu3.jpg','Sunita2169','Satopanth,badrinath','2018-07-28 15:24:05'),(440,'http://www.uttarakhandtraveller.com/media/uploaded/Bheempul_,mana,badrinath_o0QXQbgzxquZpcx.jpg','Sunita2169','Bheempul ,mana,badrinath','2018-07-28 15:26:13'),(441,'http://www.uttarakhandtraveller.com/media/uploaded/Satopanth,badrinath_OVWxjCa0990FHp0.jpg','Sunita2169','Satopanth,badrinath','2018-07-28 15:33:41'),(442,'http://www.uttarakhandtraveller.com/media/uploaded/Satopanth,badrinath_1qAbe7s0PU62aDj.jpg','Sunita2169','Satopanth,badrinath','2018-07-28 15:35:01'),(443,'http://www.uttarakhandtraveller.com/media/uploaded/Satopanth,badrinath_Kt7LZ1nTUh9irhm.jpg','Sunita2169','Satopanth,badrinath','2018-07-28 15:35:48'),(444,'http://www.uttarakhandtraveller.com/media/uploaded/Village_Chhani_FeSyrOynKklCO3b.jpg','Ialisd','Village Chhani','2018-07-28 20:14:02'),(445,'http://www.uttarakhandtraveller.com/media/uploaded/Auli_3ZDGnpPSmPe16IW.jpg','little.bit.amazed','Auli','2018-07-29 10:13:36'),(446,'http://www.uttarakhandtraveller.com/media/uploaded/Barsu_uttarkashi_0DAWtCEoooto3s8.jpg','@pundirchandrachur','Barsu uttarkashi','2018-07-29 16:48:00'),(447,'http://www.uttarakhandtraveller.com/media/uploaded/Bagori,_harsil_uttarkashi_G8mbST5SkxLiybz.jpg','@pundirchandrachur','Bagori, harsil uttarkashi','2018-07-29 17:12:20'),(448,'http://www.uttarakhandtraveller.com/media/uploaded/Dayara_bugyal_uttarkashi_vrYVlQMZBSA55sd.jpg','@pundirchandrachur','Dayara bugyal uttarkashi','2018-07-29 17:16:49'),(449,'http://www.uttarakhandtraveller.com/media/uploaded/Barsu_uttarkashi_cXVsTfeQuV0TKzx.jpg','@pundirchandrachur','Barsu uttarkashi','2018-07-29 17:20:44'),(450,'http://www.uttarakhandtraveller.com/media/uploaded/Pokhari_0A7ZxE6sJ6ud7P2.jpg','Jyotsna','Pokhari','2018-07-30 03:34:40'),(451,'http://www.uttarakhandtraveller.com/media/uploaded/Pokhari_RFH44aR3SZ6yg3f.jpg','Jyotsna chaudhari','Pokhari','2018-07-30 03:35:47'),(452,'http://www.uttarakhandtraveller.com/media/uploaded/Bhimtal_Cau3EazHceg4kNg.jpg','dineshbora','Bhimtal','2018-07-30 14:50:02'),(453,'http://www.uttarakhandtraveller.com/media/uploaded/Bhimtal_IZfJpRAs5Ip33eq.jpg','dineshsingh9','Bhimtal','2018-07-30 14:52:03'),(454,'http://www.uttarakhandtraveller.com/media/uploaded/Kedarnath_trek_SZwWcGlwuDcaRAL.jpg','@Anoop.n3gi','Kedarnath trek','2018-07-31 04:11:43'),(455,'http://www.uttarakhandtraveller.com/media/uploaded/Dharchula_NiTMcZDlIuHYveE.jpg','Neeraj Bisht','Dharchula','2018-08-01 06:39:35'),(456,'http://www.uttarakhandtraveller.com/media/uploaded/Bageshwar__YefjxBL9IBIYIl1.jpg','Pooja__rawal','Bageshwar ','2018-08-01 09:36:35'),(457,'http://www.uttarakhandtraveller.com/media/uploaded/Naukuchiatal__ExB9ARcrOKQ3qBU.jpg','Katyayani_s','Naukuchiatal ','2018-08-02 05:23:24'),(458,'http://www.uttarakhandtraveller.com/media/uploaded/hathipao_mussorie_eTQf0SEmEFII43W.jpg','@mojo_boby ','hathipao mussorie','2018-08-02 06:01:30'),(459,'http://www.uttarakhandtraveller.com/media/uploaded/maldevta_raipur,_Dehradun_6Pe8vp7LTcSS63T.jpg','@mojo_boby','maldevta raipur, Dehradun','2018-08-02 06:20:57'),(460,'http://www.uttarakhandtraveller.com/media/uploaded/Uttarakhand_pauri_garhwal_2U7fS83ZgufpwZg.jpg','Vikas gusain','Uttarakhand pauri garhwal','2018-08-02 16:53:27'),(461,'http://www.uttarakhandtraveller.com/media/uploaded/Pauri_garhwal_Uttarakhand_32EMXM4pa1jWrH0.jpg','Vikas gusain','Pauri garhwal Uttarakhand','2018-08-02 16:56:54'),(462,'http://www.uttarakhandtraveller.com/media/uploaded/Almora__C4Qza7iCTk9NJNX.jpg','Nitzventurous','Almora ','2018-08-02 18:10:09'),(463,'http://www.uttarakhandtraveller.com/media/uploaded/Satopanth_lake_oSuctfXoy0Z65oK.jpg','Nitzventurous','Satopanth lake','2018-08-02 18:11:15'),(464,'http://www.uttarakhandtraveller.com/media/uploaded/Kedarnath_coC29wPA19fTzmB.jpg','abhaym0di','Kedarnath','2018-08-03 03:50:13'),(465,'http://www.uttarakhandtraveller.com/media/uploaded/Mussoorie_ZWx2YkN3yZwtTh3.jpg','Bhartu','Mussoorie','2018-08-03 04:37:58'),(466,'http://www.uttarakhandtraveller.com/media/uploaded/Shivalay_at_my_village_Irani._District_Chamoli.._Block_Dasholi_tT92qwkYnBwzhFQ.jpg','chndunegi','Shivalay at my village Irani. District Chamoli.. Block Dasholi','2018-08-03 05:45:33'),(467,'http://www.uttarakhandtraveller.com/media/uploaded/Uttrakhand_Almora_Vellage_kirara__9eYb47u1SfoeH4x.jpg','Arjun Bisht ','Uttrakhand Almora Vellage kirara ','2018-08-03 05:53:42'),(468,'http://www.uttarakhandtraveller.com/media/uploaded/Uttrakhand_Almora_Vellage_kirara__2hSL6QbVTdumI8d.jpg','Arjun Bisht ','Uttrakhand Almora Vellage kirara ','2018-08-03 06:00:36'),(469,'http://www.uttarakhandtraveller.com/media/uploaded/Dav_Bhoomi_6lDO4ZpyLRxr5Rr.jpg','Deepanshu','Dav Bhoomi','2018-08-03 08:15:47'),(470,'http://www.uttarakhandtraveller.com/media/uploaded/Chopta_J4eo3Ngrre8QelN.jpg','Mr_deepanshu_paul','Chopta','2018-08-03 08:19:59'),(471,'http://www.uttarakhandtraveller.com/media/uploaded/Kedarnath_dlUswIAJOm0C4K7.jpg','jenisha','Kedarnath','2018-08-03 09:37:52'),(472,'http://www.uttarakhandtraveller.com/media/uploaded/Badrinath_temple_iMiszmgz5A93y1A.jpg','parekhjenisha','Badrinath temple','2018-08-03 09:41:26'),(473,'http://www.uttarakhandtraveller.com/media/uploaded/Satnawo_village_pauri_CjJW59SNR6Hejyh.jpg','Sandy negi','Satnawo village pauri','2018-08-03 12:38:46'),(474,'http://www.uttarakhandtraveller.com/media/uploaded/Villege_palethi_chamoli_garhwal......_kZlTvhVAexhlJTH.jpg','Viru8978','Villege palethi chamoli garhwal......','2018-08-03 15:51:24'),(475,'http://www.uttarakhandtraveller.com/media/uploaded/Palethi_chamoli_garhwal_h2nyBesgwhgafEm.jpg','Viru8979','Palethi chamoli garhwal','2018-08-03 15:53:11'),(476,'http://www.uttarakhandtraveller.com/media/uploaded/Kapkote_khDJACNZW6nwHdX.jpg','एक पहाड़न','Kapkote','2018-08-03 16:28:30'),(477,'http://www.uttarakhandtraveller.com/media/uploaded/Kapkote_x2kBdjh8MkPeYDZ.jpg','एक पहाड़न','Kapkote','2018-08-03 16:28:59'),(478,'http://www.uttarakhandtraveller.com/media/uploaded/Village_-Sunsari,Narayanbagar_,CHamoli_qAl2gNeaYKU3yte.jpg','Naveen Bhardwaj','Village -Sunsari,Narayanbagar ,CHamoli','2018-08-03 17:58:34'),(479,'http://www.uttarakhandtraveller.com/media/uploaded/Janoti_Palari-_Bageshwar_WcWkWEQ8W9bwyd9.jpg','P. S. Janoti','Janoti Palari- Bageshwar','2018-08-04 04:44:54'),(480,'http://www.uttarakhandtraveller.com/media/uploaded/Kartik_swami_temple,_Rudraprayag_Qyz4WM8FtbdiluI.jpg','@rawatdeepankar','Kartik swami temple, Rudraprayag','2018-08-04 06:10:27'),(481,'http://www.uttarakhandtraveller.com/media/uploaded/Reema_bageshwar_GdefsQbNyZllZHW.jpg','Shankar','Reema bageshwar','2018-08-04 10:34:13'),(482,'http://www.uttarakhandtraveller.com/media/uploaded/Village_-_Baban,_Near_-_Suraikhet,_Jalali,_Ranikhet._WydYZa6DEXQu0xq.jpg','Jiva nand fulara','Village - Baban, Near - Suraikhet, Jalali, Ranikhet.','2018-08-04 10:40:36'),(483,'http://www.uttarakhandtraveller.com/media/uploaded/Village_-_Baban,_Near_-_Suraikhet,_Jalali,_Ranikhet._UCTpKunDF7k85C5.jpg','Jiva nand fulara','Village - Baban, Near - Suraikhet, Jalali, Ranikhet.','2018-08-04 10:42:51'),(484,'http://www.uttarakhandtraveller.com/media/uploaded/Lansdowne_7mJvJqD1uFKq14c.jpg','Ch_tridhawan','Lansdowne','2018-08-04 11:37:27'),(485,'http://www.uttarakhandtraveller.com/media/uploaded/Kotdwar_r9N4GhU2HO1yGuu.jpg','Ch_tridhawan','Kotdwar','2018-08-04 11:38:17'),(486,'http://www.uttarakhandtraveller.com/media/uploaded/Nh119_0Fgplwq6LaDnAJo.jpg','Ch_tridhawan','Nh119','2018-08-04 11:38:55'),(487,'http://www.uttarakhandtraveller.com/media/uploaded/Lansdowne_tip_and_top_OTyZY4hII3gFYAX.jpg','Ch_tridhawan','Lansdowne tip and top','2018-08-04 11:40:08'),(488,'http://www.uttarakhandtraveller.com/media/uploaded/Uttarakhand_DyhRzM8ZyCdTmqZ.jpg','Ch_tridhawan','Uttarakhand','2018-08-04 11:41:06'),(489,'http://www.uttarakhandtraveller.com/media/uploaded/Uttarakhand_lwAiuobohyUx5B8.jpg','Ch_tridhawan','Uttarakhand','2018-08-04 11:41:45'),(490,'http://www.uttarakhandtraveller.com/media/uploaded/Bhaneriya_Almora_fxxDhSSd9tMdIr9.jpg','Pankaj Rawat','Bhaneriya Almora','2018-08-04 11:52:17'),(491,'http://www.uttarakhandtraveller.com/media/uploaded/Bhaneriya_Almora_MgqkFUxefg2CZvf.jpg','Pankaj Rawat','Bhaneriya Almora','2018-08-04 11:52:17'),(492,'http://www.uttarakhandtraveller.com/media/uploaded/Bhaneriya_Almora_vKevvGABiTp8yc4.jpg','Pankaj Rawat','Bhaneriya Almora','2018-08-04 11:52:17'),(493,'http://www.uttarakhandtraveller.com/media/uploaded/Bhaneriya_Almora_qVkO34PJWpaUJdD.jpg','Pankaj Rawat','Bhaneriya Almora','2018-08-04 11:52:17'),(494,'http://www.uttarakhandtraveller.com/media/uploaded/Bhaneriya_Almora_up0PQNhqPeNHXpV.jpg','Pankaj Rawat','Bhaneriya Almora','2018-08-04 11:52:17'),(495,'http://www.uttarakhandtraveller.com/media/uploaded/Bhaneriya_Almora_h6aoTAB3YBNp1yi.jpg','Pankaj Rawat','Bhaneriya Almora','2018-08-04 11:52:17'),(496,'http://www.uttarakhandtraveller.com/media/uploaded/Bhaneriya_Almora_1x6fMtyFVZ4bAM7.jpg','Pankaj Rawat','Bhaneriya Almora','2018-08-04 11:52:17'),(497,'http://www.uttarakhandtraveller.com/media/uploaded/Bhaneriya_Almora_AlePhac4GOnonB2.jpg','Pankaj Rawat','Bhaneriya Almora','2018-08-04 11:52:17'),(498,'http://www.uttarakhandtraveller.com/media/uploaded/Bhaneriya_Almora_wraQak2HOyQut9H.jpg','Pankaj Rawat','Bhaneriya Almora','2018-08-04 11:52:17'),(499,'http://www.uttarakhandtraveller.com/media/uploaded/काशिल_बूबू_कपकोट_2vlJ1Onz7LHQ795.jpg','चन्द सिहं कपकोटी','काशिल बूबू कपकोट','2018-08-04 16:38:37'),(500,'http://www.uttarakhandtraveller.com/media/uploaded/बिनाई_कपकोट_LCjO0nre8s9FVXz.jpg','चन्द्र सिंह कपकोटी','बिनाई कपकोट','2018-08-04 16:40:37'),(501,'http://www.uttarakhandtraveller.com/media/uploaded/Bageshwar_phBhcTyehVENmdH.jpg','','Bageshwar','2018-08-05 00:16:31'),(502,'http://www.uttarakhandtraveller.com/media/uploaded/Bagnath_temple_Bageshwar__sc51TKt4eGAraeh.jpg','','Bagnath temple Bageshwar ','2018-08-05 00:17:20'),(503,'http://www.uttarakhandtraveller.com/media/uploaded/Bagnath_temple_Bageshwar__i5k9YPaNzlxgFPY.jpg','','Bagnath temple Bageshwar ','2018-08-05 00:17:54'),(504,'http://www.uttarakhandtraveller.com/media/uploaded/Mussoorie_WbqLYEpxAEaD1ee.jpg','_saloni','Mussoorie','2018-08-05 03:41:14'),(505,'http://www.uttarakhandtraveller.com/media/uploaded/Don\'t_know_UuchqHp7lrW2VP5.jpg','','Don\'t know','2018-08-05 09:16:30'),(506,'http://www.uttarakhandtraveller.com/media/uploaded/..._Eb95YtI1Df2Z8wQ.jpg','','...','2018-08-05 09:39:19'),(507,'http://www.uttarakhandtraveller.com/media/uploaded/.._K2vSMe7EBaAjEpz.jpg','','..','2018-08-05 09:40:02'),(508,'http://www.uttarakhandtraveller.com/media/uploaded/._VQuteCajaLXeiV6.jpg','','.','2018-08-05 09:40:33'),(509,'http://www.uttarakhandtraveller.com/media/uploaded/.._zFB9XwyMf91kfpb.jpg','','..','2018-08-05 09:41:52'),(510,'http://www.uttarakhandtraveller.com/media/uploaded/.._KlLXQ5UdLNZlGGy.jpg','','..','2018-08-05 09:42:45'),(511,'http://www.uttarakhandtraveller.com/media/uploaded/._Zode9FzgpIbr7KC.jpg','','.','2018-08-05 09:44:13'),(512,'http://www.uttarakhandtraveller.com/media/uploaded/._wzC5uJV8yAQmA4e.jpg','','.','2018-08-05 09:46:13'),(513,'http://www.uttarakhandtraveller.com/media/uploaded/Munsiyari_105kEcXuSjY2LDb.jpg','pankajpangtey09','Munsiyari','2018-08-05 15:08:15'),(514,'http://www.uttarakhandtraveller.com/media/uploaded/Munsyari_QEXeRCv6rRwqhYJ.jpg','pankajpangtey09','Munsyari','2018-08-05 15:09:47'),(515,'http://www.uttarakhandtraveller.com/media/uploaded/Auli__NhoT57uycyBi2PD.jpg','__kiara___________','Auli ','2018-08-06 02:59:41'),(516,'http://www.uttarakhandtraveller.com/media/uploaded/Auli__TSgGHPdtzFqnaEt.jpg','__kiara___________','Auli ','2018-08-06 02:59:41'),(517,'http://www.uttarakhandtraveller.com/media/uploaded/Auli__og5xbwHwRIaj5XZ.jpg','__kiara___________','Auli ','2018-08-06 02:59:41'),(518,'http://www.uttarakhandtraveller.com/media/uploaded/Auli__RuUZzUMqYLhmelN.jpg','__kiara___________','Auli ','2018-08-06 02:59:41'),(519,'http://www.uttarakhandtraveller.com/media/uploaded/Auli__TFurO4v74tyeyvT.jpg','__kiara___________','Auli ','2018-08-06 02:59:41'),(520,'http://www.uttarakhandtraveller.com/media/uploaded/Auli__hkTYIgbIg188tJ7.jpg','__kiara___________','Auli ','2018-08-06 02:59:41'),(521,'http://www.uttarakhandtraveller.com/media/uploaded/Auli__DnuyqMPF1o11cI4.jpg','__kiara___________','Auli ','2018-08-06 02:59:41'),(522,'http://www.uttarakhandtraveller.com/media/uploaded/Auli__bMkgb6HUaCvzNfe.jpg','__kiara___________','Auli ','2018-08-06 02:59:41'),(523,'http://www.uttarakhandtraveller.com/media/uploaded/Auli__Ga5ovJIjhgu5UhF.jpg','__kiara___________','Auli ','2018-08-06 02:59:41'),(524,'http://www.uttarakhandtraveller.com/media/uploaded/Auli__yWnMgMb6NqwnGF0.jpg','__kiara___________','Auli ','2018-08-06 02:59:41'),(525,'http://www.uttarakhandtraveller.com/media/uploaded/Auli__BbAa1x5eoVHhpsk.jpg','__kiara___________','Auli ','2018-08-06 02:59:41'),(526,'http://www.uttarakhandtraveller.com/media/uploaded/almora_lbyuxZVfhpHuill.jpg','bhaskar_bhauryal','almora','2018-08-06 06:36:06'),(527,'http://www.uttarakhandtraveller.com/media/uploaded/Dehradun_uttarakhand_45JVelxJn6Jeei0.jpg','INSTA_BIST','Dehradun uttarakhand','2018-08-06 07:07:11'),(528,'http://www.uttarakhandtraveller.com/media/uploaded/Kashipur_Uttarakhand_YrqpjmUrEb4ix7l.jpg','RCDhaulakhandiji','Kashipur Uttarakhand','2018-08-06 08:13:19'),(529,'http://www.uttarakhandtraveller.com/media/uploaded/Tungnath_dhLQLBdvaayS6lQ.jpg','Yogesh rawat','Tungnath','2018-08-06 10:45:25'),(530,'http://www.uttarakhandtraveller.com/media/uploaded/Triyuginarayan_village__phw4FddHgsMPrJA.jpg','@throughmyeyes9101','Triyuginarayan village ','2018-08-06 14:14:49'),(531,'http://www.uttarakhandtraveller.com/media/uploaded/Chopta,_Tungnath_IvYcGusrrmMxcuf.jpg','Hotshot_88','Chopta, Tungnath','2018-08-06 14:39:55'),(532,'http://www.uttarakhandtraveller.com/media/uploaded/Chopta,_Tungnath_YRdtBssmnJCXw61.jpg','Hotshot_88','Chopta, Tungnath','2018-08-06 14:39:55'),(533,'http://www.uttarakhandtraveller.com/media/uploaded/Bageshwar_reema_pachar_yR9TQzYt1NkfCp2.jpg','pandeypankaj007','Bageshwar reema pachar','2018-08-06 15:49:10'),(534,'http://www.uttarakhandtraveller.com/media/uploaded/Banthok_Almora_XfNLAti9dbjqqGN.jpg','Nitin arya','Banthok Almora','2018-08-06 15:50:18'),(535,'http://www.uttarakhandtraveller.com/media/uploaded/Dogaun_haldwani_XQh3ctrqAPVIgKn.jpg','im_nitinarya__','Dogaun haldwani','2018-08-06 15:54:31'),(536,'http://www.uttarakhandtraveller.com/media/uploaded/Kathgodam,_Haldwani_2zKhuqhzsTGJeNZ.jpg','im_nitinarya__','Kathgodam, Haldwani','2018-08-06 15:55:38'),(537,'http://www.uttarakhandtraveller.com/media/uploaded/Jeolikote_,_Nainital_9lQ3efyoqHUlELh.jpg','im_nitinarya__','Jeolikote , Nainital','2018-08-06 15:56:33'),(538,'http://www.uttarakhandtraveller.com/media/uploaded/Almora_hills_fhgEHsYfImxrj9Q.jpg','im_nitinarya__','Almora hills','2018-08-06 15:57:54'),(539,'http://www.uttarakhandtraveller.com/media/uploaded/Jageshwar_temple_Almora_ffX8REetg9o2coB.jpg','im_nitinarya__','Jageshwar temple Almora','2018-08-06 15:59:10'),(540,'http://www.uttarakhandtraveller.com/media/uploaded/Banthok_Almora_itK2SujWJZHb0VM.jpg','im_nutinarya__','Banthok Almora','2018-08-06 16:00:03'),(541,'http://www.uttarakhandtraveller.com/media/uploaded/Banthok_Almora_VFnj52WTZjAua1j.jpg','im_nitinarya__','Banthok Almora','2018-08-06 16:00:55'),(542,'http://www.uttarakhandtraveller.com/media/uploaded/Nainital_road_caklhAsHYe7GbYp.jpg','im_nitinarya__','Nainital road','2018-08-06 16:15:28'),(543,'http://www.uttarakhandtraveller.com/media/uploaded/Auli_Umz2lNqhCnlkIR5.jpg','jam_4_life','Auli','2018-08-06 16:53:30'),(544,'http://www.uttarakhandtraveller.com/media/uploaded/Auli_WORAOlss8l1d36Z.jpg','jam_4_life','Auli','2018-08-06 17:03:19'),(545,'http://www.uttarakhandtraveller.com/media/uploaded/Valley_of_flowers,_Uttarakhand__Q0wH7Wa6OH1NL9j.jpg','_megharoy_','Valley of flowers, Uttarakhand ','2018-08-06 19:03:16'),(546,'http://www.uttarakhandtraveller.com/media/uploaded/Valley_of_flowers,_Uttarakhand__zIU0nfsWy2xBCLk.jpg','_megharoy_','Valley of flowers, Uttarakhand ','2018-08-06 19:03:16'),(547,'http://www.uttarakhandtraveller.com/media/uploaded/Valley_of_flowers,_Uttarakhand__bnocnhGwBJlXmEv.jpg','_megharoy_','Valley of flowers, Uttarakhand ','2018-08-06 19:03:16'),(548,'http://www.uttarakhandtraveller.com/media/uploaded/Valley_of_flowers,_Uttarakhand__FtoGTTBz3Fat4V7.jpg','_megharoy_','Valley of flowers, Uttarakhand ','2018-08-06 19:03:16'),(549,'http://www.uttarakhandtraveller.com/media/uploaded/Valley_of_flowers,_Uttarakhand__zsvXOUie84ymSlh.jpg','_megharoy_','Valley of flowers, Uttarakhand ','2018-08-06 19:03:16'),(550,'http://www.uttarakhandtraveller.com/media/uploaded/Valley_of_flowers,_Uttarakhand__rDgg7BCmOehdNv8.jpg','_megharoy_','Valley of flowers, Uttarakhand ','2018-08-06 19:03:16'),(551,'http://www.uttarakhandtraveller.com/media/uploaded/Valley_of_flowers,_Uttarakhand__hSZUwNqNX9IatUt.jpg','_megharoy_','Valley of flowers, Uttarakhand ','2018-08-06 19:03:16'),(552,'http://www.uttarakhandtraveller.com/media/uploaded/Valley_of_flowers,_Uttarakhand__07bpkwm43UfFVez.jpg','_megharoy_','Valley of flowers, Uttarakhand ','2018-08-06 19:03:16'),(553,'http://www.uttarakhandtraveller.com/media/uploaded/Valley_of_flowers,_Uttarakhand__YhDkpjidtwLf0Rb.jpg','_megharoy_','Valley of flowers, Uttarakhand ','2018-08-06 19:03:16'),(554,'http://www.uttarakhandtraveller.com/media/uploaded/Valley_of_flowers,_Uttarakhand__84j2iosk2fLjvaQ.jpg','_megharoy_','Valley of flowers, Uttarakhand ','2018-08-06 19:03:16'),(555,'http://www.uttarakhandtraveller.com/media/uploaded/Valley_of_flowers,_Uttarakhand__DDwxAOM2uVhtNoU.jpg','_megharoy_','Valley of flowers, Uttarakhand ','2018-08-06 19:03:16'),(556,'http://www.uttarakhandtraveller.com/media/uploaded/Valley_of_flowers,_Uttarakhand__OjTyk5hyjfTp9KV.jpg','_megharoy_','Valley of flowers, Uttarakhand ','2018-08-06 19:03:16'),(557,'http://www.uttarakhandtraveller.com/media/uploaded/Maheshwar_fort_Madhya_Pradesh_TMeDnzzfSkZpF3z.jpg','Fit_boykartik','Maheshwar fort Madhya Pradesh','2018-08-07 03:35:57'),(558,'http://www.uttarakhandtraveller.com/media/uploaded/Maheshwar_Madhya_Pradesh_15KBxH1JWeUiTtC.jpg','Fit_boykartik','Maheshwar Madhya Pradesh','2018-08-07 03:36:55'),(559,'http://www.uttarakhandtraveller.com/media/uploaded/Bageshwar_yE06LIirG8cHupM.jpg','bhupezz','Bageshwar','2018-08-07 13:07:09'),(560,'http://www.uttarakhandtraveller.com/media/uploaded/Auli,_mana_and_badrinath_JWM7dvjoK73oLCD.jpg','@visualsbyabhinavsomya','Auli, mana and badrinath','2018-08-07 15:10:19'),(561,'http://www.uttarakhandtraveller.com/media/uploaded/Auli,_mana_and_badrinath_aGWaQHMPGFqaOz3.jpg','@visualsbyabhinavsomya','Auli, mana and badrinath','2018-08-07 15:10:19'),(562,'http://www.uttarakhandtraveller.com/media/uploaded/Auli,_mana_and_badrinath_3bZrfECerbLzcXR.jpg','@visualsbyabhinavsomya','Auli, mana and badrinath','2018-08-07 15:10:19'),(563,'http://www.uttarakhandtraveller.com/media/uploaded/Auli,_mana_and_badrinath_Q1d373zC5GmlO3K.jpg','@visualsbyabhinavsomya','Auli, mana and badrinath','2018-08-07 15:10:19'),(564,'http://www.uttarakhandtraveller.com/media/uploaded/Auli,_mana_and_badrinath_RiSY0amn66gp1EP.jpg','@visualsbyabhinavsomya','Auli, mana and badrinath','2018-08-07 15:10:19'),(565,'http://www.uttarakhandtraveller.com/media/uploaded/Auli,_mana_and_badrinath_xf631K5BaFqHaAq.jpg','@visualsbyabhinavsomya','Auli, mana and badrinath','2018-08-07 15:10:19'),(566,'http://www.uttarakhandtraveller.com/media/uploaded/Govindghat_6fJ2bCJJWDB22Qb.jpg','Rahul Jaju / Rahul_theTraveller','Govindghat','2018-08-07 17:03:34'),(567,'http://www.uttarakhandtraveller.com/media/uploaded/Ram_Jhula_vfJMS8G7rn9GkMI.jpg','Rahul Jaju / Rahul_theTraveller','Ram Jhula','2018-08-07 17:05:39'),(568,'http://www.uttarakhandtraveller.com/media/uploaded/Lakshman_Jhula_kS7Pfn8ZbEreXEg.jpg','Rahul Jaju / Rahul_theTraveller','Lakshman Jhula','2018-08-07 17:06:00'),(569,'http://www.uttarakhandtraveller.com/media/uploaded/Lakshman_Jhula_NihgELEGeDQRrB9.jpg','Rahul Jaju / Rahul_theTraveller','Lakshman Jhula','2018-08-07 17:06:00'),(570,'http://www.uttarakhandtraveller.com/media/uploaded/Ghangharia_Bx8ETWjsdXOcd2U.jpg','Rahul Jaju / Rahul_theTraveller','Ghangharia','2018-08-07 17:06:24'),(571,'http://www.uttarakhandtraveller.com/media/uploaded/Ghangharia_iyii2kTHbxmWcjd.jpg','Rahul Jaju / Rahul_theTraveller','Ghangharia','2018-08-07 17:06:24'),(572,'http://www.uttarakhandtraveller.com/media/uploaded/Ghangharia_VqlqRj4MqPgTtKl.jpg','Rahul Jaju / Rahul_theTraveller','Ghangharia','2018-08-07 17:06:24'),(573,'http://www.uttarakhandtraveller.com/media/uploaded/Govindghat_tXzfJ1qDcQlngGT.jpg','Rahul Jaju / Rahul_theTraveller','Govindghat','2018-08-07 17:06:54'),(574,'http://www.uttarakhandtraveller.com/media/uploaded/Govindghat_Pf12WYVBR9NLty7.jpg','Rahul Jaju / Rahul_theTraveller','Govindghat','2018-08-07 17:06:54'),(575,'http://www.uttarakhandtraveller.com/media/uploaded/Govindghat_AFW4taBMAVdCURh.jpg','Rahul Jaju / Rahul_theTraveller','Govindghat','2018-08-07 17:06:54'),(576,'http://www.uttarakhandtraveller.com/media/uploaded/Govindghat_FT3v55Zx3uoilKq.jpg','Rahul Jaju / Rahul_theTraveller','Govindghat','2018-08-07 17:06:54'),(577,'http://www.uttarakhandtraveller.com/media/uploaded/Govindghat_txhZp0Yd2d8EPoF.jpg','Rahul Jaju / Rahul_theTraveller','Govindghat','2018-08-07 17:06:54'),(578,'http://www.uttarakhandtraveller.com/media/uploaded/Govindghat_qbFmh5adpbn2Fvw.jpg','Rahul Jaju / Rahul_theTraveller','Govindghat','2018-08-07 17:06:54'),(579,'http://www.uttarakhandtraveller.com/media/uploaded/Govindghat_MUNlYfro9uMUL5j.jpg','Rahul Jaju / Rahul_theTraveller','Govindghat','2018-08-07 17:06:54'),(580,'http://www.uttarakhandtraveller.com/media/uploaded/Nainital_lake_MWVoL1N24URNv5i.jpg','Zayan__warsi','Nainital lake','2018-08-08 01:39:18'),(581,'http://www.uttarakhandtraveller.com/media/uploaded/Nainital_lake_30NCROSru1LrFxn.jpg','Zaya__warsi','Nainital lake','2018-08-08 03:01:28'),(582,'http://www.uttarakhandtraveller.com/media/uploaded/Pithoragarh,_uttrakhand_S2yQMy6XisbL629.jpg','Rahul Bisht','Pithoragarh, uttrakhand','2018-08-08 18:14:31'),(583,'http://www.uttarakhandtraveller.com/media/uploaded/FRI_8Vpga4oga07da2i.jpg','Shubhamm_tiwari_','FRI','2018-08-09 16:22:02'),(584,'http://www.uttarakhandtraveller.com/media/uploaded/Pauri_Gharwal_WSAuBUqrhdkDZzn.jpg','Arnav773','Pauri Gharwal','2018-08-09 16:30:09'),(585,'http://www.uttarakhandtraveller.com/media/uploaded/Bhimtal_FmRZCoFJHf87yDL.jpg','Dhirendramehra93','Bhimtal','2018-08-09 18:13:07'),(586,'http://www.uttarakhandtraveller.com/media/uploaded/Jharipani_dUiNo5D7Gn5fcO6.jpg','___sampad___','Jharipani','2018-08-09 18:31:39'),(587,'http://www.uttarakhandtraveller.com/media/uploaded/Ranikhet_O7cvH0RkJkpYHS0.jpg','https://www.instagram.com/vicky_bisht09/','Ranikhet','2018-08-10 08:28:09'),(588,'http://www.uttarakhandtraveller.com/media/uploaded/Kaichi_dham(Bhowali)__OHG4G7vF6pRxSXR.jpg','https://www.instagram.com/vicky_bisht09/','Kaichi dham(Bhowali) ','2018-08-10 08:29:10'),(589,'http://www.uttarakhandtraveller.com/media/uploaded/Bhimtal__pI8ewMQsoTNNjIK.jpg','https://www.instagram.com/vicky_bisht09/','Bhimtal ','2018-08-10 08:30:03'),(590,'http://www.uttarakhandtraveller.com/media/uploaded/Enroute_Vasudhara_Falls_Ek5xGkwfnt6HxsD.jpg','adyantha_venkat','Enroute Vasudhara Falls','2018-08-10 21:21:16'),(591,'http://www.uttarakhandtraveller.com/media/uploaded/Enroute_Vasudhara_Falls_gTkEVie4MqgnIvZ.jpg','adyantha_venkat','Enroute Vasudhara Falls','2018-08-10 21:21:16'),(592,'http://www.uttarakhandtraveller.com/media/uploaded/Enroute_Vasudhara_Falls_6H6DSXRBgSIwH84.jpg','adyantha_venkat','Enroute Vasudhara Falls','2018-08-10 21:21:16'),(593,'http://www.uttarakhandtraveller.com/media/uploaded/Enroute_Vasudhara_Falls_CBf6wJzdUljx5r9.jpg','adyantha_venkat','Enroute Vasudhara Falls','2018-08-10 21:21:16'),(594,'http://www.uttarakhandtraveller.com/media/uploaded/Enroute_Vasudhara_Falls_cqZ38ZTkvVXNDmS.jpg','adyantha_venkat','Enroute Vasudhara Falls','2018-08-10 21:21:16'),(595,'http://www.uttarakhandtraveller.com/media/uploaded/Kedarnath_uttrakhand_L6jxR5M1UMk4vk3.jpg','abhaym0di','Kedarnath uttrakhand','2018-08-11 03:34:19'),(596,'http://www.uttarakhandtraveller.com/media/uploaded/Kedarnath_QgHgV6Bl2HnDPpe.jpg','abhaym0di','Kedarnath','2018-08-11 03:37:17'),(597,'http://www.uttarakhandtraveller.com/media/uploaded/Village_jarti_.dugnakuri_._bageshwar__Ccm2EXMPYFPssWv.jpg','Rohit Mehta .jarti','Village jarti .dugnakuri . bageshwar ','2018-08-11 03:54:03'),(598,'http://www.uttarakhandtraveller.com/media/uploaded/Noida_se_18_Y99zXsE12b4uus7.jpg','Raj kaushik ','Noida se 18','2018-08-12 03:43:25'),(599,'http://www.uttarakhandtraveller.com/media/uploaded/almora_TEdhKaSJO6iJHxR.jpg','bhaskar_bhauryal','almora','2018-08-12 05:00:45'),(600,'http://www.uttarakhandtraveller.com/media/uploaded/Dhanaulti_KHwhRnQOurKhYZr.jpg','Rajat Naithani ','Dhanaulti','2018-08-12 11:52:24'),(601,'http://www.uttarakhandtraveller.com/media/uploaded/Hemkunt_sahib_WbU8hQIWbHjEwQK.jpg','@its_jatinkapoor','Hemkunt sahib','2018-08-12 14:07:57'),(602,'http://www.uttarakhandtraveller.com/media/uploaded/Chakutiya_village,_Almora_G2uUFDIyQlOmNIt.jpg','Rajat Naithani ','Chakutiya village, Almora','2018-08-12 15:25:22'),(603,'http://www.uttarakhandtraveller.com/media/uploaded/Uttarkashi_Jnr3r3PpFAWQHcd.jpg','adyantha_venkat','Uttarkashi','2018-08-13 11:53:18'),(604,'http://www.uttarakhandtraveller.com/media/uploaded/almora_3SM9WYmpdzMub3q.jpg','bhaskar_bhauryal','almora','2018-08-14 07:49:14'),(605,'http://www.uttarakhandtraveller.com/media/uploaded/Badrinath__bwKZhLFihYDMmRa.jpg','navigotoo','Badrinath ','2018-08-14 08:10:35'),(606,'http://www.uttarakhandtraveller.com/media/uploaded/Nainital_8U1BViKYZj6C7Zq.jpg','Rohit agarwal','Nainital','2018-08-14 15:26:40'),(607,'http://www.uttarakhandtraveller.com/media/uploaded/On_tha_way_of_chopta_qrkHhShweaJWSN0.jpg','ahappy_soul_','On tha way of chopta','2018-08-15 02:23:09'),(608,'http://www.uttarakhandtraveller.com/media/uploaded/Chopta_OyHwi9uCXQjEKtD.jpg','ahappy_soul_','Chopta','2018-08-15 02:25:38'),(609,'http://www.uttarakhandtraveller.com/media/uploaded/Chamoli_cGmtZ7Tg2S9nkgO.jpg','ahappy_soul_','Chamoli','2018-08-15 02:28:26'),(610,'http://www.uttarakhandtraveller.com/media/uploaded/mandal_chamoli_FftKLKEPFrZLBfs.jpg','naveen chamola','mandal chamoli','2018-08-16 01:39:51'),(611,'http://www.uttarakhandtraveller.com/media/uploaded/mandal_chamoli_f5ua79wmdPyqLUx.jpg','naveen chamola','mandal chamoli','2018-08-16 01:42:40'),(612,'http://www.uttarakhandtraveller.com/media/uploaded/Lohajung__C7SctOQmEBarKZq.jpg','Nitu kaniyal','Lohajung ','2018-08-16 06:28:30'),(613,'http://www.uttarakhandtraveller.com/media/uploaded/Auli_yTlht5Q1GBs3EiM.jpg','Prabhjotsheffield','Auli','2018-08-16 09:06:01'),(614,'http://www.uttarakhandtraveller.com/media/uploaded/Almora_hdNq1vTCddeX2Qb.jpg','Mohit aryan vishvakarma','Almora','2018-08-16 17:24:55'),(615,'http://www.uttarakhandtraveller.com/media/uploaded/Almora_ZiENxTuyzvRxLwe.jpg','Mohit aryan vishvakarma','Almora','2018-08-16 17:25:57'),(616,'http://www.uttarakhandtraveller.com/media/uploaded/Way_to_nainital_l5YtAoAdZW8S2yW.jpg','Dheeraj Bora','Way to nainital','2018-08-16 17:26:23'),(617,'http://www.uttarakhandtraveller.com/media/uploaded/Dol_ashram_almora_YZAVSUysE7m31Zg.jpg','Mohit aryan vishvakarma','Dol ashram almora','2018-08-16 17:27:04'),(618,'http://www.uttarakhandtraveller.com/media/uploaded/Nainital_qAyZVMSJDu57weZ.jpg','Dheeraj Bora','Nainital','2018-08-16 17:41:51'),(619,'http://www.uttarakhandtraveller.com/media/uploaded/Nainital_0eep2tGYFaWo1Db.jpg','Dheeraj Bora','Nainital','2018-08-16 18:03:23'),(620,'http://www.uttarakhandtraveller.com/media/uploaded/Joshimath_SEA5fQfcpxSijAn.jpg','sumit_sk8','Joshimath','2018-08-17 04:20:47'),(621,'http://www.uttarakhandtraveller.com/media/uploaded/Uttarkashi_qlgXanRhVsb0bjw.jpg','@arjunrwt_','Uttarkashi','2018-08-17 05:36:25'),(622,'http://www.uttarakhandtraveller.com/media/uploaded/Varunavat_top,_uttarkashi_uhyaVUyYZTlfHM7.jpg','@arjunrwt_','Varunavat top, uttarkashi','2018-08-17 05:40:07'),(623,'http://www.uttarakhandtraveller.com/media/uploaded/Dunga_,_Dehradun_2NhSgwZdwQ7PGAm.jpg','lumdai_phaomei','Dunga , Dehradun','2018-08-17 06:02:04'),(624,'http://www.uttarakhandtraveller.com/media/uploaded/Uttarkashi_n71XklmGdlnrrXo.jpg','@arjunrwt_','Uttarkashi','2018-08-17 06:04:17'),(625,'http://www.uttarakhandtraveller.com/media/uploaded/Trek_to_Vasudhara_falls_Wh37XFCgTRss7DH.jpg','navigotoo','Trek to Vasudhara falls','2018-08-17 06:14:32'),(626,'http://www.uttarakhandtraveller.com/media/uploaded/Vasudhara_falls_9tG7BbolNeXohYr.jpg','navigotoo','Vasudhara falls','2018-08-17 06:14:55'),(627,'http://www.uttarakhandtraveller.com/media/uploaded/Trek_to_Vasudhara_falls_PzetmBvZYedrbNR.jpg','navigotoo ','Trek to Vasudhara falls','2018-08-17 06:15:24'),(628,'http://www.uttarakhandtraveller.com/media/uploaded/Trek_to_Vasudhara_Falls_kGohK8WsaZP06VH.jpg','navigotoo','Trek to Vasudhara Falls','2018-08-17 06:15:48'),(629,'http://www.uttarakhandtraveller.com/media/uploaded/Mana_EbHxlwSQUtQc0j6.jpg','Navigotoo','Mana','2018-08-17 06:16:13'),(630,'http://www.uttarakhandtraveller.com/media/uploaded/Ghangria_keheUCZxFUq499M.jpg','navigotoo','Ghangria','2018-08-17 06:16:39'),(631,'http://www.uttarakhandtraveller.com/media/uploaded/Ghangria_8FKR7YC1myDNIEt.jpg','navigotoo','Ghangria','2018-08-17 06:21:34'),(632,'http://www.uttarakhandtraveller.com/media/uploaded/Bageshwar_CVtN5KH9u5cB2hn.jpg','Vandana Nagarkoti','Bageshwar','2018-08-17 06:52:59'),(633,'http://www.uttarakhandtraveller.com/media/uploaded/Bageshwar_AZfyTVgPZA9QRuj.jpg','Vandana Nagarkoti','Bageshwar','2018-08-17 06:55:10'),(634,'http://www.uttarakhandtraveller.com/media/uploaded/Bageshwar_wf8lsM7dM98x87q.jpg','Vandana Nagarkoti','Bageshwar','2018-08-17 06:57:18'),(635,'http://www.uttarakhandtraveller.com/media/uploaded/Jhulaghat_EsEicpa1KxgUHls.jpg','Deveshmakholia','Jhulaghat','2018-08-17 08:57:45'),(636,'http://www.uttarakhandtraveller.com/media/uploaded/PAKISTAN_jvYaHDevdPaKAtD.jpg','NAUSHI ALI','PAKISTAN','2018-08-17 14:28:07'),(637,'http://www.uttarakhandtraveller.com/media/uploaded/Lansdowne_V2ydYnrt0VPrA5f.jpg','Gunjan Pandey','Lansdowne','2018-08-18 03:02:08'),(638,'http://www.uttarakhandtraveller.com/media/uploaded/Rishikesh_UUSPwm31nUIIHlV.jpg','sushantsaklani_','Rishikesh','2018-08-18 12:13:05'),(639,'http://www.uttarakhandtraveller.com/media/uploaded/Rishikesh_grH43Kyn4bIVz4g.jpg','sushantsaklani_','Rishikesh','2018-08-18 12:14:26'),(640,'http://www.uttarakhandtraveller.com/media/uploaded/Rishikesh_cbGSCPX8XmRDV0B.jpg','sushantsaklani_','Rishikesh','2018-08-18 12:15:48'),(641,'http://www.uttarakhandtraveller.com/media/uploaded/Dhanaulti_tYK9RibtzH1mWll.jpg','sushantsaklani_','Dhanaulti','2018-08-18 12:18:27'),(642,'http://www.uttarakhandtraveller.com/media/uploaded/Vasudhara_Falls_lqPOHJpMd7e375U.jpg','kamikaze_nirvana','Vasudhara Falls','2018-08-18 12:56:32'),(643,'http://www.uttarakhandtraveller.com/media/uploaded/Devprayag_uEMXFKp801rkmsH.jpg','aayushdhyani_','Devprayag','2018-08-18 14:32:15'),(644,'http://www.uttarakhandtraveller.com/media/uploaded/Badrinath_DNRxo1g75dGGJkh.jpg','aayushdhyani_','Badrinath','2018-08-18 14:33:22'),(645,'http://www.uttarakhandtraveller.com/media/uploaded/Byasi_NH58_oMAKjfBn9cQU3lY.jpg','aayushdhyani_','Byasi NH58','2018-08-18 14:34:27'),(646,'http://www.uttarakhandtraveller.com/media/uploaded/Haldwani_city_8acOpi3Ip7xS55y.jpg','@prateek_clinks ','Haldwani city','2018-08-19 15:19:20'),(647,'http://www.uttarakhandtraveller.com/media/uploaded/Surkanda_Devi_a2mSEpj59FuksCN.jpg','svikas123','Surkanda Devi','2018-08-19 17:46:03'),(648,'http://www.uttarakhandtraveller.com/media/uploaded/Deoria_Tal_fKjoJpm27lIutOQ.jpg','neelam_rawat10','Deoria Tal','2018-08-20 07:19:40'),(649,'http://www.uttarakhandtraveller.com/media/uploaded/Badrinath__3HmgyXlUPWEYH5w.jpg','Awesum.blossom','Badrinath ','2018-08-20 07:31:18'),(650,'http://www.uttarakhandtraveller.com/media/uploaded/Tarkeshwar_dham..Pauri_garhwal.._uttarakhand_G4ZveIeazIQ6xde.jpg','Parmendra singh','Tarkeshwar dham..Pauri garhwal.. uttarakhand','2018-08-20 08:41:39'),(651,'http://www.uttarakhandtraveller.com/media/uploaded/Tarkeshwar_dham.._Pauri_garhwal.._uttarakhand_l4FLKGzoOS2dN6S.jpg','Parmendra singh','Tarkeshwar dham.. Pauri garhwal.. uttarakhand','2018-08-20 08:42:54'),(652,'http://www.uttarakhandtraveller.com/media/uploaded/Tarkeshwar_dham.._Pauri_garhwal.._uttarakhand_IFgNRUSkgELgYFj.jpg','Parmendra singh','Tarkeshwar dham.. Pauri garhwal.. uttarakhand','2018-08-20 08:44:02'),(653,'http://www.uttarakhandtraveller.com/media/uploaded/Kanwa_ashram..Malini_river.._kotdwar_Pauri_garhwal_CkLHp5TzZm1HE7V.jpg','Parmendra singh','Kanwa ashram..Malini river.. kotdwar Pauri garhwal','2018-08-20 08:46:15'),(654,'http://www.uttarakhandtraveller.com/media/uploaded/Tarkeshwar_temple.._Pauri_garhwal.._ehoh4T1A9E9icdM.jpg','Parmendra singh','Tarkeshwar temple.. Pauri garhwal..','2018-08-20 08:51:50'),(655,'http://www.uttarakhandtraveller.com/media/uploaded/padampuri_camps_yH2uAx8Id96tYXV.jpg','@print_stock_pile','padampuri camps','2018-08-20 09:17:33'),(656,'http://www.uttarakhandtraveller.com/media/uploaded/Himalayan_botanical_garden_nainital_O5d97iPX21FvO5H.jpg','@print_stock_pile','Himalayan botanical garden nainital','2018-08-20 09:18:27'),(657,'http://www.uttarakhandtraveller.com/media/uploaded/Sattal_lxFhSATSJT7Uqwc.jpg','print_stock_pile','Sattal','2018-08-20 09:22:05'),(658,'http://www.uttarakhandtraveller.com/media/uploaded/Nainital_dZUmeef0aJckHDd.jpg','print_stock_pile','Nainital','2018-08-20 09:22:23'),(659,'http://www.uttarakhandtraveller.com/media/uploaded/nainital_Nij6UtBsbxuDgAv.jpg','print_stock_pile','nainital','2018-08-20 09:22:42'),(660,'http://www.uttarakhandtraveller.com/media/uploaded/nainital_66a66xXAoZPrVsg.jpg','print_stock_pile','nainital','2018-08-20 09:23:01'),(661,'http://www.uttarakhandtraveller.com/media/uploaded/mukteshwar_xBKNVmj35G3aphA.jpg','print_stock_pile','mukteshwar','2018-08-20 09:23:36'),(662,'http://www.uttarakhandtraveller.com/media/uploaded/mukteshwar_hSSEYb4SjMg15dD.jpg','print_stock_pile','mukteshwar','2018-08-20 09:24:18'),(663,'http://www.uttarakhandtraveller.com/media/uploaded/ramgarh_HdBCtmPl0SgoIP5.jpg','print_stock_pile','ramgarh','2018-08-20 09:26:32'),(664,'http://www.uttarakhandtraveller.com/media/uploaded/Chaurangi,uttarkashi_xc5WON9No3DKsRx.jpg','arjunrwt_','Chaurangi,uttarkashi','2018-08-20 18:59:46'),(665,'http://www.uttarakhandtraveller.com/media/uploaded/Valley_of_Flowers_ioVzukfyHka5i4B.jpg','wanmi.d.wanderer','Valley of Flowers','2018-08-20 20:12:44'),(666,'http://www.uttarakhandtraveller.com/media/uploaded/Salari,__Haldwani_city_view_mtgIQW3RS39Gw6O.jpg','@prateek_clinks ','Salari,  Haldwani city view','2018-08-21 02:37:32'),(667,'http://www.uttarakhandtraveller.com/media/uploaded/Bhadraj_temple_mussorie_ATc89y9eKNDAKHt.jpg','live_to_wander','Bhadraj temple mussorie','2018-08-21 07:09:25'),(668,'http://www.uttarakhandtraveller.com/media/uploaded/A_view_from_mussorie__VrxLEq5kBH1Gz0Y.jpg','Mickey Arora','A view from mussorie ','2018-08-21 13:11:48'),(669,'http://www.uttarakhandtraveller.com/media/uploaded/Pindari_Glacier_Trek_1992_2KGNunfpPsEgW7K.jpg','Mohit Joshi','Pindari Glacier Trek 1992','2018-08-21 19:37:30'),(670,'http://www.uttarakhandtraveller.com/media/uploaded/Pindari_Glacier_Trek_1992_hQ9vmh75miYv5FV.jpg','Mohit Joshi','Pindari Glacier Trek 1992','2018-08-21 19:37:30'),(671,'http://www.uttarakhandtraveller.com/media/uploaded/Pindari_Glacier_Trek_1992_HsDvVjtNNHBcOSD.jpg','Mohit Joshi','Pindari Glacier Trek 1992','2018-08-21 19:37:30'),(672,'http://www.uttarakhandtraveller.com/media/uploaded/Pindari_Glacier_Trek_1992_MHw1ybTjfW81r5G.jpg','Mohit Joshi','Pindari Glacier Trek 1992','2018-08-21 19:37:30'),(673,'http://www.uttarakhandtraveller.com/media/uploaded/Pindari_Glacier_Trek_1992_fOwHe8SlpQSsmxT.jpg','Mohit Joshi','Pindari Glacier Trek 1992','2018-08-21 19:37:30'),(674,'http://www.uttarakhandtraveller.com/media/uploaded/Pindari_Glacier_Trek_1992_KKOu7E9ST4ftjwG.jpg','Mohit Joshi','Pindari Glacier Trek 1992','2018-08-21 19:37:30'),(675,'http://www.uttarakhandtraveller.com/media/uploaded/Pindari_Glacier_Trek_1992_gjZpQnSlTqgkXdi.jpg','Mohit Joshi','Pindari Glacier Trek 1992','2018-08-21 19:37:31'),(676,'http://www.uttarakhandtraveller.com/media/uploaded/Nainital_and_outskirts._Snaps_from_Dec_2017_5GaOY68pBwrqiap.jpg','Mohit joshi','Nainital and outskirts. Snaps from Dec 2017','2018-08-22 04:43:23'),(677,'http://www.uttarakhandtraveller.com/media/uploaded/Nainital_and_outskirts._Snaps_from_Dec_2017_VS9mKKTAe71zsk9.jpg','Mohit joshi','Nainital and outskirts. Snaps from Dec 2017','2018-08-22 04:43:23'),(678,'http://www.uttarakhandtraveller.com/media/uploaded/Nainital_and_outskirts._Snaps_from_Dec_2017_BbVjAtQ9qRgv5S7.jpg','Mohit joshi','Nainital and outskirts. Snaps from Dec 2017','2018-08-22 04:43:23'),(679,'http://www.uttarakhandtraveller.com/media/uploaded/Nainital_and_outskirts._Snaps_from_Dec_2017_piaeYB6L3vEZKjw.jpg','Mohit joshi','Nainital and outskirts. Snaps from Dec 2017','2018-08-22 04:43:23'),(680,'http://www.uttarakhandtraveller.com/media/uploaded/Nainital_and_outskirts._Snaps_from_Dec_2017_ZtXW1uk3Adj50EN.jpg','Mohit joshi','Nainital and outskirts. Snaps from Dec 2017','2018-08-22 04:43:23'),(681,'http://www.uttarakhandtraveller.com/media/uploaded/Nainital_and_outskirts._Snaps_from_Dec_2017_HntIVog2nNCisTL.jpg','Mohit joshi','Nainital and outskirts. Snaps from Dec 2017','2018-08-22 04:43:23'),(682,'http://www.uttarakhandtraveller.com/media/uploaded/Nainital_and_outskirts._Snaps_from_Dec_2017_5Hl5i3QMZwFjLyl.jpg','Mohit joshi','Nainital and outskirts. Snaps from Dec 2017','2018-08-22 04:43:23'),(683,'http://www.uttarakhandtraveller.com/media/uploaded/Nainital_and_outskirts._Snaps_from_Dec_2017_36kVvlOTv0eR4ye.jpg','Mohit joshi','Nainital and outskirts. Snaps from Dec 2017','2018-08-22 04:43:23'),(684,'http://www.uttarakhandtraveller.com/media/uploaded/Uttarkashi_8SgBPerEeduwv11.jpg','Arjunrwt_','Uttarkashi','2018-08-22 09:26:54'),(685,'http://www.uttarakhandtraveller.com/media/uploaded/Uttarkashi_jGTjbyQyTbl4w62.jpg','Arjunrwt_','Uttarkashi','2018-08-22 09:27:29'),(686,'http://www.uttarakhandtraveller.com/media/uploaded/Maggie_point,_uttarkashi_xvuAOLhzLZ8xlXl.jpg','Arjunrwt_','Maggie point, uttarkashi','2018-08-22 09:28:07'),(687,'http://www.uttarakhandtraveller.com/media/uploaded/Rishikesh__DwF5I91bAoYygLM.jpg','Mickey Arora','Rishikesh ','2018-08-22 16:13:13'),(688,'http://www.uttarakhandtraveller.com/media/uploaded/Neelkant_7m5lvVd0PvRdjbj.jpg','Anshul gupta','Neelkant','2018-08-22 17:25:08'),(689,'http://www.uttarakhandtraveller.com/media/uploaded/Govindghat__awDmHqmPbN2pqRb.jpg','Crystal_bamotra','Govindghat ','2018-08-22 17:47:15'),(690,'http://www.uttarakhandtraveller.com/media/uploaded/ghangaria_scg4rboC2sgCVQG.jpg','krishna_dhami_cp','ghangaria','2018-08-22 17:50:00'),(691,'http://www.uttarakhandtraveller.com/media/uploaded/Uttarkashicity_y0VvaNM7asv3XaD.jpg','Arjunrwt_','Uttarkashicity','2018-08-22 17:52:27'),(692,'http://www.uttarakhandtraveller.com/media/uploaded/Uki_zhrsKh2FNQ61bIs.jpg','Arjunrwt_','Uki','2018-08-22 17:53:11'),(693,'http://www.uttarakhandtraveller.com/media/uploaded/Kuteti_road_,uki_gstjw8w6aQmS6M9.jpg','Arjunrwt_','Kuteti road ,uki','2018-08-22 17:54:14'),(694,'http://www.uttarakhandtraveller.com/media/uploaded/Hemkhund_shaib__2TBBmrEx016tBjO.jpg','Crystal_bamotra','Hemkhund shaib ','2018-08-22 17:57:01'),(695,'http://www.uttarakhandtraveller.com/media/uploaded/Lansdowne__NlCULvBYYRKXkle.jpg','Tyagipriyanka26','Lansdowne ','2018-08-23 03:14:30'),(696,'http://www.uttarakhandtraveller.com/media/uploaded/Lansdowne__5wUUv2b15hlXjUJ.jpg','Tyagipriyanka26','Lansdowne ','2018-08-23 03:14:30'),(697,'http://www.uttarakhandtraveller.com/media/uploaded/Lansdowne__GndwqeitxE93k3T.jpg','Tyagipriyanka26','Lansdowne ','2018-08-23 03:14:30'),(698,'http://www.uttarakhandtraveller.com/media/uploaded/Lansdowne__ay3AcIQnNo8eest.jpg','Tyagipriyanka26','Lansdowne ','2018-08-23 03:14:30'),(699,'http://www.uttarakhandtraveller.com/media/uploaded/dharkot_uttarakhand_fe3xg6H6t7la4Bo.jpg','ahappy_soul_','dharkot uttarakhand','2018-08-23 11:28:56'),(700,'http://www.uttarakhandtraveller.com/media/uploaded/Govind_ghat_EwrjiVzDTaLPK40.jpg','neelam_rawat10','Govind ghat','2018-08-23 14:46:59'),(701,'http://www.uttarakhandtraveller.com/media/uploaded/Juda_ka_tal_sankri_range_uttarkashi_zCTdagIiuAgxEZk.jpg','rahulpanwar12','Juda ka tal sankri range uttarkashi','2018-08-23 18:17:00'),(702,'http://www.uttarakhandtraveller.com/media/uploaded/Valley_of_flowers__W4uwOQ48t0jxlzP.jpg','Moniixr','Valley of flowers ','2018-08-24 06:13:54'),(703,'http://www.uttarakhandtraveller.com/media/uploaded/Joshimat_AClKVB95CHpUl1y.jpg','Moniixr','Joshimat','2018-08-24 06:20:46'),(704,'http://www.uttarakhandtraveller.com/media/uploaded/Lansdowne_BSgyhWw5tB4inh6.jpg','Gunjan Pandey','Lansdowne','2018-08-24 15:27:00'),(705,'http://www.uttarakhandtraveller.com/media/uploaded/Almora_rS1XeKitrxybQhn.jpg','bhaskar_bhauryal','Almora','2018-08-24 16:16:44'),(706,'http://www.uttarakhandtraveller.com/media/uploaded/Badrinath_0itioos2mBQ4qZy.jpg','@coolcapturre','Badrinath','2018-08-24 16:37:09'),(707,'http://www.uttarakhandtraveller.com/media/uploaded/Valley_of_flowers_cdZIdv0fiwYlmbD.jpg','@coolcapturre','Valley of flowers','2018-08-24 16:37:47'),(708,'http://www.uttarakhandtraveller.com/media/uploaded/Kedarnath__8DN3VYxmDWnHTlU.jpg','neelam_rawat10','Kedarnath ','2018-08-25 01:30:08'),(709,'http://www.uttarakhandtraveller.com/media/uploaded/Nainital_lake_wvFdAVrdwqTCOIt.jpg','theskyforger','Nainital lake','2018-08-25 02:07:17'),(710,'http://www.uttarakhandtraveller.com/media/uploaded/Nainital_lake_NBhQczc27b9a8d6.jpg','theskyforger','Nainital lake','2018-08-25 02:08:06'),(711,'http://www.uttarakhandtraveller.com/media/uploaded/Amazing_Rishikesh__wZqKx9fdzaB69PE.jpg','MICKEY ARORA ','Amazing Rishikesh ','2018-08-25 03:16:04'),(712,'http://www.uttarakhandtraveller.com/media/uploaded/uttarakhand_valley_of_flower,hemkund_sahib_RrIfHse678zwaZK.jpg','prabhubaad@gmail.com','uttarakhand valley of flower,hemkund sahib','2018-08-25 08:53:30'),(713,'http://www.uttarakhandtraveller.com/media/uploaded/George_Everest_mussorie_PgXOMGzYj5Ea0Dj.jpg','xtermady','George Everest mussorie','2018-08-25 16:10:29'),(714,'http://www.uttarakhandtraveller.com/media/uploaded/Suicide_point_mussorie_J97wRqLeMYvbVtQ.jpg','xtermady','Suicide point mussorie','2018-08-25 16:11:05'),(715,'http://www.uttarakhandtraveller.com/media/uploaded/Maldevta__bYX9HJbGxhTn1Zn.jpg','dirt_paw2','Maldevta ','2018-08-26 08:54:52'),(716,'http://www.uttarakhandtraveller.com/media/uploaded/Bhimtal__buautfRip1aMufB.jpg','@prateek_clinks ','Bhimtal ','2018-08-27 15:48:22'),(717,'http://www.uttarakhandtraveller.com/media/uploaded/mussoorie_NYSGxdXbYQrbPdK.jpg','kudi_on_geydi','mussoorie','2018-08-27 16:49:41'),(718,'http://www.uttarakhandtraveller.com/media/uploaded/Kotdwar,_Uttarakhand_gIpeZJqU7uWrBzZ.jpg','krishnaraghav','Kotdwar, Uttarakhand','2018-08-28 10:05:48'),(719,'http://www.uttarakhandtraveller.com/media/uploaded/Almora_aUg2IMlAzSur9ki.jpg','bhaskar_bhauryal','Almora','2018-08-28 14:32:06'),(720,'http://www.uttarakhandtraveller.com/media/uploaded/Gaza_Tehri_Garhwal_HsXUMO1Nk13uvEA.jpg','Thakur_uzwal','Gaza Tehri Garhwal','2018-08-28 15:11:24'),(721,'http://www.uttarakhandtraveller.com/media/uploaded/Bageshwar_VK6EA0yAXBOx4DW.jpg','mannu_gariya','Bageshwar','2018-08-29 07:15:49'),(722,'http://www.uttarakhandtraveller.com/media/uploaded/Bageshwar_JNaUl9inBRaJFS3.jpg','','Bageshwar','2018-08-29 07:16:44'),(723,'http://www.uttarakhandtraveller.com/media/uploaded/hathipaon_mussorie_kMMKDAhhQDnWSl4.jpg','live_to_wander','hathipaon mussorie','2018-08-29 16:17:43'),(724,'http://www.uttarakhandtraveller.com/media/uploaded/Haridwar_khBSn0wugJDaPiG.jpg','worthy_escapes','Haridwar','2018-08-29 17:45:16'),(725,'http://www.uttarakhandtraveller.com/media/uploaded/Auli_Eb3JI0Kx9Tyt5NS.jpg','worthy_escapes','Auli','2018-08-29 17:56:37'),(726,'http://www.uttarakhandtraveller.com/media/uploaded/Joshimath_dnZc7R3qs0UpFDh.jpg','worthy_escapes','Joshimath','2018-08-29 17:59:12'),(727,'http://www.uttarakhandtraveller.com/media/uploaded/Shahastrdhara,_Dehradun_Dj34QCydq6iexUO.jpg','worthy_escapes','Shahastrdhara, Dehradun','2018-08-29 18:01:15'),(728,'http://www.uttarakhandtraveller.com/media/uploaded/Kempty_falls,_mussorie_o6qjR1CjTglA4mb.jpg','worthy_escapes','Kempty falls, mussorie','2018-08-29 18:02:40'),(729,'http://www.uttarakhandtraveller.com/media/uploaded/Rishikesh_XHVJiB3HDQygyYW.jpg','worthy_escapes','Rishikesh','2018-08-29 18:07:32'),(730,'http://www.uttarakhandtraveller.com/media/uploaded/Mussorie_lCGhSAoaDtbykX8.jpg','worthy_escapes','Mussorie','2018-08-29 18:09:25'),(731,'http://www.uttarakhandtraveller.com/media/uploaded/Chopta_Chandrashilla_top_ds1pbLsjHutuSqg.jpg','@shobhit_95','Chopta Chandrashilla top','2018-08-29 19:08:50'),(732,'http://www.uttarakhandtraveller.com/media/uploaded/Chopta_Chandrashilla_top_a6ML5f7qGdGvfyR.jpg','@shobhit_95','Chopta Chandrashilla top','2018-08-29 19:08:50'),(733,'http://www.uttarakhandtraveller.com/media/uploaded/Chopta__HhXc8EzVbEY2ont.jpg','shobhit_95','Chopta ','2018-08-29 19:09:46'),(734,'http://www.uttarakhandtraveller.com/media/uploaded/Chopta_cQH4BUEw9sRJrOi.jpg','shobhit_95','Chopta','2018-08-29 19:11:11'),(735,'http://www.uttarakhandtraveller.com/media/uploaded/Lal_tibba_Mussoorie__ueIhycvkzy5Ij08.jpg','Pareekdivya','Lal tibba Mussoorie ','2018-08-30 01:42:03'),(736,'http://www.uttarakhandtraveller.com/media/uploaded/Lal_tibba_Mussoorie__O2vc1Jr3gjOAv5t.jpg','Pareekdivya','Lal tibba Mussoorie ','2018-08-30 01:42:03'),(737,'http://www.uttarakhandtraveller.com/media/uploaded/kheerganga_FQi6b8Mm7w4Z7LV.jpg','guidevillatravel','kheerganga','2018-08-30 04:03:09'),(738,'http://www.uttarakhandtraveller.com/media/uploaded/Auli_HYpJN0NWk3muJTQ.jpg','@snapper_srv','Auli','2018-08-30 06:46:41'),(739,'http://www.uttarakhandtraveller.com/media/uploaded/Auli_g1G8Zz5QeB7dHtC.jpg','@snapper_srv','Auli','2018-08-30 06:48:35'),(740,'http://www.uttarakhandtraveller.com/media/uploaded/Mana_Uttrakhand_vLgTQKg0EJEUNIm.jpg','@snapper_srv','Mana Uttrakhand','2018-08-30 06:50:32'),(741,'http://www.uttarakhandtraveller.com/media/uploaded/Govindghat,_Uttarakhand_z2MavOLcabvZT4d.jpg','harsimrankaur_','Govindghat, Uttarakhand','2018-08-30 12:22:55'),(742,'http://www.uttarakhandtraveller.com/media/uploaded/Khanker_khet__nVjRVzah41Z3zFg.jpg','Rahul Bisht ','Khanker khet ','2018-08-30 16:39:50'),(743,'http://www.uttarakhandtraveller.com/media/uploaded/लिंगोडा_Gadwali_vegetable__iiX9wCwhA3h4tGw.jpg','Rahul Bisht ','लिंगोडा Gadwali vegetable ','2018-08-30 16:40:33'),(744,'http://www.uttarakhandtraveller.com/media/uploaded/Pahadi_house__Guh7HZLJJhXJUru.jpg','Rahul Bisht ','Pahadi house ','2018-08-30 16:41:05'),(745,'http://www.uttarakhandtraveller.com/media/uploaded/Teendhara__9fjUGj9fuy8ERzG.jpg','Rahul Bisht ','Teendhara ','2018-08-30 16:42:20'),(746,'http://www.uttarakhandtraveller.com/media/uploaded/Rishikesh_ZslzXHEPh5AfEOD.jpg','Pranjul Ratkali','Rishikesh','2018-08-30 16:49:42'),(747,'http://www.uttarakhandtraveller.com/media/uploaded/Picture_Palace_Mall_Road,Mussoorie_rW1Z8VfuM0qRkxw.jpg','@bodhisattwabaidya','Picture Palace Mall Road,Mussoorie','2018-08-30 23:19:38'),(748,'http://www.uttarakhandtraveller.com/media/uploaded/Hotel_Raj,Picture_Palace_Bus_stand,Mussoorie_PtTEXQU0b9byqHS.jpg','@bodhisattwabaidya','Hotel Raj,Picture Palace Bus stand,Mussoorie','2018-08-30 23:45:08'),(749,'http://www.uttarakhandtraveller.com/media/uploaded/maldevta.raipur_XSuSklkIh7wfoVG.jpg','panwarswatii','maldevta.raipur','2018-08-31 17:12:31'),(750,'http://www.uttarakhandtraveller.com/media/uploaded/Mdda_park,_Dehradun,_Uttrakhand._pP9NSvfQQneSKTx.jpg','Ashok Bisht','Mdda park, Dehradun, Uttrakhand.','2018-09-01 10:51:55'),(751,'http://www.uttarakhandtraveller.com/media/uploaded/Mdda_park,_Dehradun,_Uttrakhand._nKYRq9gED0DJLce.jpg','Ashok Bisht','Mdda park, Dehradun, Uttrakhand.','2018-09-01 10:56:42'),(752,'http://www.uttarakhandtraveller.com/media/uploaded/Mall_Road,Mussoorie._Xv3hXxJtllJRT4O.jpg','@bodhisattwabaidya','Mall Road,Mussoorie.','2018-09-02 06:32:55'),(753,'http://www.uttarakhandtraveller.com/media/uploaded/Nainital,_Uttarakhand_yVR1oI1oqq7jeFG.jpg','ayushii_05','Nainital, Uttarakhand','2018-09-02 14:22:01'),(754,'http://www.uttarakhandtraveller.com/media/uploaded/Valley_of_flowers_D5NY17tLRwz5HAO.jpg','Pal_shweta_','Valley of flowers','2018-09-02 16:21:00'),(755,'http://www.uttarakhandtraveller.com/media/uploaded/Valley_of_flowers_f4ZQMJVn5HuMgfE.jpg','Pal_shweta_','Valley of flowers','2018-09-02 16:21:40'),(756,'http://www.uttarakhandtraveller.com/media/uploaded/Hemkund_C2M2Yp6ZtXpNidM.jpg','Pal_shweta_','Hemkund','2018-09-02 16:22:42'),(757,'http://www.uttarakhandtraveller.com/media/uploaded/Hemkund_6UY1tWKKvXxKN2o.jpg','Pal_shweta_','Hemkund','2018-09-02 16:23:12'),(758,'http://www.uttarakhandtraveller.com/media/uploaded/Ghangaria_Eh3HBuC6tEcCt3P.jpg','Pal_shweta_','Ghangaria','2018-09-02 16:24:14'),(759,'http://www.uttarakhandtraveller.com/media/uploaded/Mall_Road,Mussoorie_Sag0Em7EG0dSVOx.jpg','@bodhisattwabaidya','Mall Road,Mussoorie','2018-09-03 00:51:10'),(760,'http://www.uttarakhandtraveller.com/media/uploaded/Valley_of_flowers,_Chamoli_rWGM3D7A15cON0P.jpg','@bongonari','Valley of flowers, Chamoli','2018-09-03 05:07:56'),(761,'http://www.uttarakhandtraveller.com/media/uploaded/Valley_of_flowers_RHjLMAKqlBVb3OF.jpg','dagdya_ankyt','Valley of flowers','2018-09-03 07:50:34'),(762,'http://www.uttarakhandtraveller.com/media/uploaded/Mussoorie_hFN5ict18muq3gw.jpg','Dudegomzy08@gmail.com','Mussoorie','2018-09-04 04:14:51'),(763,'http://www.uttarakhandtraveller.com/media/uploaded/Buddha_temple,_Clement_Town_Dehradun_Gw8cSbj1cXSHNmx.jpg','https://www.instagram.com/dkt_tech/','Buddha temple, Clement Town Dehradun','2018-09-04 06:09:34'),(764,'http://www.uttarakhandtraveller.com/media/uploaded/Lansdowne,_Pauri_Garhwal,_Uttarakhand_77VElL6K3tO0WCn.jpg','https://www.instagram.com/dkt_tech/','Lansdowne, Pauri Garhwal, Uttarakhand','2018-09-04 06:11:03'),(765,'http://www.uttarakhandtraveller.com/media/uploaded/Kotdwar,_Uttarakhand_4zgCDaIpPaB8TWP.jpg','https://www.instagram.com/dkt_tech/','Kotdwar, Uttarakhand','2018-09-04 06:12:20'),(766,'http://www.uttarakhandtraveller.com/media/uploaded/Rudraprayag_j0nRclVAHop2Kb4.jpg','Saumitr Sharma','Rudraprayag','2018-09-04 09:12:47'),(767,'http://www.uttarakhandtraveller.com/media/uploaded/mussoorie_Zdi8qIbV8ZwyX5f.jpg','lokesh.sachdeva13','mussoorie','2018-09-04 10:45:29'),(768,'http://www.uttarakhandtraveller.com/media/uploaded/Old_mussoorie_road_N7B91NCcAAU885Y.jpg','lokesh.sachdeva13','Old mussoorie road','2018-09-04 10:46:54'),(769,'http://www.uttarakhandtraveller.com/media/uploaded/Chandak_hills_pithoragarh__be9cgxWMFwnLvKk.jpg','I_am_adi17 ','Chandak hills pithoragarh ','2018-09-04 14:52:15'),(770,'http://www.uttarakhandtraveller.com/media/uploaded/rishikesh_yGr1TAel4GqRBDq.jpg','kudi_on_geydi','rishikesh','2018-09-04 15:48:47'),(771,'http://www.uttarakhandtraveller.com/media/uploaded/Lohaghat,champawat_aubfM34S1hsECNj.jpg','Vikki parihar','Lohaghat,champawat','2018-09-04 16:34:21'),(772,'http://www.uttarakhandtraveller.com/media/uploaded/Vasundhara_Falls_Trek...Mana_Village...Uttrakhand_MjYas02813kAsmB.jpg','Shravanti.Tondchirkar','Vasundhara Falls Trek...Mana Village...Uttrakhand','2018-09-05 05:41:08'),(773,'http://www.uttarakhandtraveller.com/media/uploaded/Ghagria...Uttrakhand_4Pnu8isnCFHnBtF.jpg','shravantitondchirkar','Ghagria...Uttrakhand','2018-09-05 05:53:11'),(774,'http://www.uttarakhandtraveller.com/media/uploaded/Nainital_muicqLS9Zd3lBp1.jpg','Sk_soni94','Nainital','2018-09-05 09:19:52'),(775,'http://www.uttarakhandtraveller.com/media/uploaded/Nainital_rHICxkM4ZK51blo.jpg','sk_soni94','Nainital','2018-09-05 09:24:47'),(776,'http://www.uttarakhandtraveller.com/media/uploaded/Mussoorie_4PNQU84HZ5WQ3yB.jpg','instabisht','Mussoorie','2018-09-05 14:51:03'),(777,'http://www.uttarakhandtraveller.com/media/uploaded/Mussoorie_XBTILAcEwRINd8M.jpg','instabisht','Mussoorie','2018-09-05 14:53:16'),(778,'http://www.uttarakhandtraveller.com/media/uploaded/George_everest_mussoorie__gTQW0LuUBAePFmr.jpg','I_am_adi17 ','George everest mussoorie ','2018-09-05 15:06:21'),(779,'http://www.uttarakhandtraveller.com/media/uploaded/mussorie_QiCSmdBAqSwimuV.jpg','kudi_on_geydi','mussorie','2018-09-05 16:24:15'),(780,'http://www.uttarakhandtraveller.com/media/uploaded/Rishikesh_OxkOyGTKRMFzef0.jpg','Insta=__pranjal_kansal_ ','Rishikesh','2018-09-05 19:04:34'),(781,'http://www.uttarakhandtraveller.com/media/uploaded/Sattal,_nainital_l06BonIPeliGTt4.jpg','_lokesh_malik.fitbulk','Sattal, nainital','2018-09-06 02:36:06'),(782,'http://www.uttarakhandtraveller.com/media/uploaded/Sattal,_nainital_V5eDa4ia2WDXaDB.jpg','_lokesh_malik.fitbulk','Sattal, nainital','2018-09-06 02:36:15'),(783,'http://www.uttarakhandtraveller.com/media/uploaded/Bageshwar_urm6iuH7au2Jl1o.jpg','Magical_story__','Bageshwar','2018-09-06 02:57:49'),(784,'http://www.uttarakhandtraveller.com/media/uploaded/Meghna_Chandak,_Pithoragarh_V4LKLD3JgtniGiE.jpg','So.iamgaurav','Meghna Chandak, Pithoragarh','2018-09-06 04:43:28'),(785,'http://www.uttarakhandtraveller.com/media/uploaded/Meghna_Chandak,_Pithoragarh_hp1RQZ4k7DNRmFy.jpg','So.iamgaurav','Meghna Chandak, Pithoragarh','2018-09-06 04:56:07'),(786,'http://www.uttarakhandtraveller.com/media/uploaded/On_the_way_of_kanalichinna,_Pithoragarh_sajKvbmZhyGCSF9.jpg','So.iamgaurav','On the way of kanalichinna, Pithoragarh','2018-09-06 05:05:31'),(787,'http://www.uttarakhandtraveller.com/media/uploaded/On_the_way_of_kanalichinna,_Pithoragarh_Xza1qysaDN63c7A.jpg','So.iamgaurav','On the way of kanalichinna, Pithoragarh','2018-09-06 05:07:11'),(788,'http://www.uttarakhandtraveller.com/media/uploaded/On_the_way_of_kanalichinna,_Pithoragarh_lwdMde8cN49iVrt.jpg','So.iamgaurav','On the way of kanalichinna, Pithoragarh','2018-09-06 05:10:13'),(789,'http://www.uttarakhandtraveller.com/media/uploaded/On_the_way_of_kanalichinna,_Pithoragarh_9X7HgcHHOzP1Cuu.jpg','So.iamgaurav','On the way of kanalichinna, Pithoragarh','2018-09-06 05:14:50'),(790,'http://www.uttarakhandtraveller.com/media/uploaded/Pithoragarh__LAVoJyV8Rkp6t4x.jpg','So.iamgaurav','Pithoragarh ','2018-09-06 05:19:06'),(791,'http://www.uttarakhandtraveller.com/media/uploaded/Pithoragarh_view_from_Chandak_25lj4EWw1cP0C3Q.jpg','So.iamgaurav','Pithoragarh view from Chandak','2018-09-06 05:21:36'),(792,'http://www.uttarakhandtraveller.com/media/uploaded/Chamoli_HdNSF5ueGpNgXwv.jpg','Anjali bisht','Chamoli','2018-09-06 07:50:44'),(793,'http://www.uttarakhandtraveller.com/media/uploaded/Nainital_sQ5gcoIuasbat3Q.jpg','magical_story__','Nainital','2018-09-06 09:58:13'),(794,'http://www.uttarakhandtraveller.com/media/uploaded/I_assume,_the_way_to_heaven_might_be_like_this..._DOP_:_04_09_2018_Enroute_to__Tungnath_Temple___The_highest_Shiva_temple_in_the_world__Perfect_month_(_Shravan_Maas_)_to_take_blessing_of_\"Goddess_Shiva\"','Laxmi kanhekar','I assume, the way to heaven might be like this... DOP : 04/09/2018 Enroute to #Tungnath Temple# #The highest Shiva temple in the world# Perfect month ( Shravan Maas ) to take blessing of \"Goddess Shiva\"','2018-09-07 12:00:58'),(795,'http://www.uttarakhandtraveller.com/media/uploaded/Neergarh_Waterfalls,_Rishikesh_OkbF1fkEKeqci06.jpg','ajayrangarh','Neergarh Waterfalls, Rishikesh','2018-09-07 12:51:14'),(796,'http://www.uttarakhandtraveller.com/media/uploaded/Landaur,mussoorie_nFHihBPCMUaH6vs.jpg','_lokesh_malik.fitbulk','Landaur,mussoorie','2018-09-08 02:04:14'),(797,'http://www.uttarakhandtraveller.com/media/uploaded/Naukuchiyatal_wfDOhELkjI0kwGi.jpg','_lokesh_malik.fitbulk','Naukuchiyatal','2018-09-08 02:05:04'),(798,'http://www.uttarakhandtraveller.com/media/uploaded/30.jpg','bhaartu','kamal','2018-09-08 05:01:55'),(799,'http://www.uttarakhandtraveller.com/media/uploaded/PSX_20180908_115047.jpg','Laxmi Kanhekar','Every mountain has its own beauty n story, i am fortunate to witness them.My soul resides in you...Alaknanda and Bhagirathi rivers meet and take the name Ganga,Devprayag','2018-09-08 06:25:13'),(800,'http://www.uttarakhandtraveller.com/media/uploaded/20180608_113230.jpg','Aee_nobody','Tungnath Temple','2018-09-08 16:01:38'),(801,'http://www.uttarakhandtraveller.com/media/uploaded/namik.jpg','namik','Birthi Falls','2018-09-08 17:57:02'),(802,'http://www.uttarakhandtraveller.com/media/uploaded/IMG_20180711_095301_826.jpg','adjat092','Tungnath Temple','2018-09-09 10:17:43'),(803,'http://www.uttarakhandtraveller.com/media/uploaded/IMG_20180711_134143_378.jpg','adjat092','Tungnath trek','2018-09-09 10:19:09'),(804,'http://www.uttarakhandtraveller.com/media/uploaded/IMG_20180909_194948_462.jpg','kudi_on_geydi','mussorie','2018-09-09 14:21:45'),(805,'http://www.uttarakhandtraveller.com/media/uploaded/PSX_20180909_175017.jpg','Laxmi Kanhekar','The Sweet Ganesha Temple when we were en route for Tungnath Temple,Uttarakhand. September, 2018','2018-09-09 18:07:40'),(806,'http://www.uttarakhandtraveller.com/media/uploaded/IMG_20180909_120927833_HDR.jpg','sumitdhyani','tehri lake','2018-09-10 10:51:53'),(807,'http://www.uttarakhandtraveller.com/media/uploaded/IMG_20180909_134814059_HDR-01.jpeg','sumitdhyani','tehri lake','2018-09-10 10:53:12'),(808,'http://www.uttarakhandtraveller.com/media/uploaded/IMG_20180909_213132_734.jpg','@imkansal','Chandrashilla Peak','2018-09-10 12:01:11'),(809,'http://www.uttarakhandtraveller.com/media/uploaded/rose plant20180910_220743.png','Himalayan_gypsy01','Rishikesh ','2018-09-10 16:47:47'),(810,'http://www.uttarakhandtraveller.com/media/uploaded/rose plant20180904_233231.png','Himalayan_gypsy01','Rishikesh ','2018-09-10 16:51:53'),(811,'http://www.uttarakhandtraveller.com/media/uploaded/20180911_000157.jpg','Anji bisht','Mussoorie','2018-09-10 18:33:45'),(812,'http://www.uttarakhandtraveller.com/media/uploaded/WP_20180601_08_20_03_Pro.jpg','Abhinav Rawat','Rudranath','2018-09-10 19:06:35'),(813,'http://www.uttarakhandtraveller.com/media/uploaded/IMG_20180629_225452_138.jpg','Paareetosh','Tea garden ,champawat','2018-09-12 12:25:28'),(814,'http://www.uttarakhandtraveller.com/media/uploaded/IMG_20180502_064200.jpg','Chandan Salekar','Badrinath','2018-09-12 15:40:30'),(815,'http://www.uttarakhandtraveller.com/media/uploaded/IMG_20180502_101638.jpg','Chandan Salekar','Mana village','2018-09-12 15:41:26'),(816,'http://www.uttarakhandtraveller.com/media/uploaded/IMG_20180430_145037.jpg','Chandan salekar','Rishikesh ram zula','2018-09-12 15:45:59'),(817,'http://www.uttarakhandtraveller.com/media/uploaded/IMG_20180427_190251.jpg','Chandan salekar','Haridwar ganga aarti','2018-09-12 15:47:16'),(818,'http://www.uttarakhandtraveller.com/media/uploaded/IMG_20180221_124402_614.jpg','Warishree','Rishikesh','2018-09-13 06:32:16'),(819,'http://www.uttarakhandtraveller.com/media/uploaded/IMG_20170226_100318_833.jpg','Warishree','Mussorie','2018-09-13 06:34:05'),(820,'http://www.uttarakhandtraveller.com/media/uploaded/IMG_20180609_181047_297.jpg','k.art.ikeya','Enroute to devprayag','2018-09-15 05:00:16'),(821,'http://www.uttarakhandtraveller.com/media/uploaded/IMG_20180610_160611_607.jpg','k.art.ikeya','Tehri','2018-09-15 05:00:53'),(822,'http://www.uttarakhandtraveller.com/media/uploaded/IMG_20180610_160611_608.jpg','k.art.ikeya','Tehri','2018-09-15 05:01:26'),(823,'http://www.uttarakhandtraveller.com/media/uploaded/IMG_20180610_160611_605.jpg','k.art.ikeya','Tehri','2018-09-15 05:01:57'),(824,'http://www.uttarakhandtraveller.com/media/uploaded/IMG_20180611_115201_078.jpg','k.art.ikeya','Dhanaulti','2018-09-15 05:03:52'),(825,'http://www.uttarakhandtraveller.com/media/uploaded/IMG_20180611_115807_915.jpg','k.art.ikeya','Dhanaulti','2018-09-15 05:04:36'),(826,'http://www.uttarakhandtraveller.com/media/uploaded/IMG_20180702_151910276.jpg','k.art.ikeya','Rishikesh','2018-09-15 05:11:30'),(827,'http://www.uttarakhandtraveller.com/media/uploaded/IMG_20180915_234726.jpg','rahulbis007','Almora, Uttarakhand','2018-09-15 18:20:23'),(828,'http://www.uttarakhandtraveller.com/media/uploaded/IMG_20180813_235854_033.jpg','I_am_adi17 ','George everest mussoorie ','2018-09-15 20:07:19'),(829,'http://www.uttarakhandtraveller.com/media/uploaded/DSC_0335.JPG','S__kumar_king','Joshimath','2018-09-16 06:08:50'),(830,'http://www.uttarakhandtraveller.com/media/uploaded/IMG_20180915_170209.jpg','negilokesh_doon','Goa Beach Rishikesh ','2018-09-16 12:41:43'),(831,'http://www.uttarakhandtraveller.com/media/uploaded/IMG_20180915_174043.jpg','negilokesh_doon','Ram Jhula Rishikesh','2018-09-16 12:43:52'),(832,'http://www.uttarakhandtraveller.com/media/uploaded/IMG_20180908_162214.jpg','negilokesh_doon','Maldevta','2018-09-16 12:47:23'),(833,'http://www.uttarakhandtraveller.com/media/uploaded/IMG_20180915_231434_052.jpg','wander_couple97','Nainital','2018-09-16 17:11:20'),(834,'http://www.uttarakhandtraveller.com/media/uploaded/20180909_125050.jpg','udit_devesh','Lake City Nainital','2018-09-17 12:54:30'),(835,'http://www.uttarakhandtraveller.com/media/uploaded/20180909_125050.jpg','udit_devesh','Lake City Nainital','2018-09-17 12:57:50'),(836,'http://www.uttarakhandtraveller.com/media/uploaded/LRM_EXPORT_94623337138821_20180904_193512714.jpeg','Vinay_bajrangdal','Mussoorie','2018-09-17 16:59:37'),(837,'http://www.uttarakhandtraveller.com/media/uploaded/LRM_EXPORT_115930016788611_20180905_022530612.jpeg','Vinay-bajrangdal','Mussoorie','2018-09-17 17:00:42'),(838,'http://www.uttarakhandtraveller.com/media/uploaded/PSX_20180811_075454.jpg','Vinay_bajrangdal','Sankri','2018-09-17 17:01:42'),(839,'http://www.uttarakhandtraveller.com/media/uploaded/PSX_20180917_221152.jpg','Laxmi Kanhekar','#Snow provokes responses that reach back to childhood#  Place : Bhagwabasa Campsite while we were en route for Roopkund,Uttarakhand Trek.','2018-09-17 17:01:58'),(840,'http://www.uttarakhandtraveller.com/media/uploaded/PSX_20180810_152516.jpg','Vinay_bajrangdal','Sankri','2018-09-17 17:03:12'),(841,'http://www.uttarakhandtraveller.com/media/uploaded/DSC02543.JPG','dagdya_ankyt','Valley of flowers','2018-09-18 10:44:31'),(842,'http://www.uttarakhandtraveller.com/media/uploaded/DSC02538.JPG','dagdya_ankyt','Enroute valley of flowers','2018-09-18 10:45:39'),(843,'http://www.uttarakhandtraveller.com/media/uploaded/D0FA0B11-45C2-4848-9EAC-C0E6CDA360FF.jpeg','@being_himalayan','Village-Suraitota, near joshimath chamoli','2018-09-18 10:58:08'),(844,'http://www.uttarakhandtraveller.com/media/uploaded/0A5856DA-59BC-4FE2-B477-7B3218915EB1.jpeg','@being_himalayan','Village-Suraitota, near joshimath chamoli','2018-09-18 10:58:08'),(845,'http://www.uttarakhandtraveller.com/media/uploaded/IMG_20180917_081909.jpg','sidsidhu07','tungnath','2018-09-19 17:19:05'),(846,'http://www.uttarakhandtraveller.com/media/uploaded/IMG_20180917_082407.jpg','sidsidhu07','tungnath','2018-09-19 17:22:49'),(847,'http://www.uttarakhandtraveller.com/media/uploaded/CDBF222A-425A-4F99-9C8F-9E5CCB07E289.jpeg','Bhasker Singh ','Chopta','2018-09-19 19:34:14'),(848,'http://www.uttarakhandtraveller.com/media/uploaded/9344BF66-D526-49D6-9270-305C056DF694.jpeg','Bhasker Singh ','Chopta','2018-09-19 19:34:14'),(849,'http://www.uttarakhandtraveller.com/media/uploaded/4490B624-23F1-4E80-8314-67BB76B21207.jpeg','Bhasker Singh ','Chopta','2018-09-19 19:34:14'),(850,'http://www.uttarakhandtraveller.com/media/uploaded/3A54C3E9-7C8D-48D2-80A7-B325BF665A26.jpeg','Bhasker Singh ','Chopta','2018-09-19 19:34:14'),(851,'http://www.uttarakhandtraveller.com/media/uploaded/6F9BD1D8-0EDB-4442-8730-F8171EB014ED.jpeg','Bhasker Singh ','Chopta','2018-09-19 19:34:14'),(852,'http://www.uttarakhandtraveller.com/media/uploaded/DSC_0165-01.jpeg','Iamamitgoswami','Tungnath ','2018-09-20 02:44:26'),(853,'http://www.uttarakhandtraveller.com/media/uploaded/DSC_0489-01-01.jpeg','Iamamitgoswami','Mana','2018-09-20 02:45:34'),(854,'http://www.uttarakhandtraveller.com/media/uploaded/DSC_0008-01.jpeg','Iamamitgoswami','Kedarnath ','2018-09-20 02:46:46'),(855,'http://www.uttarakhandtraveller.com/media/uploaded/DSC_0937-01.jpeg','Iamamitgoswami','Kedarnath ','2018-09-20 02:47:52'),(856,'http://www.uttarakhandtraveller.com/media/uploaded/DSC_0919.JPG','Iamamitgoswami','Rohtang pass','2018-09-20 02:48:37'),(857,'http://www.uttarakhandtraveller.com/media/uploaded/IMG_20180718_094635-01.jpeg','Iamamitgoswami','Rohtang pass ','2018-09-20 02:50:01'),(858,'http://www.uttarakhandtraveller.com/media/uploaded/Screenshot_20180831-105001-01-01.jpeg','ravi_rawat09','Mukteshwar, uttarakhand','2018-09-20 11:07:32'),(859,'http://www.uttarakhandtraveller.com/media/uploaded/PicsArt_09-22-08.30.12.jpg','bhaskar_bhauryal','Almora','2018-09-22 03:37:28'),(860,'http://www.uttarakhandtraveller.com/media/uploaded/IMG_20180720_210352_537.jpg','shashankchauhan07','Nainital, Uttarakhand','2018-09-23 05:23:04'),(861,'http://www.uttarakhandtraveller.com/media/uploaded/IMG-20180923-WA0047.jpg','keshav nautiyal','Hanol uttarkashi','2018-09-23 16:06:43'),(862,'http://www.uttarakhandtraveller.com/media/uploaded/IMG_20180923_030251.jpg','Gakhar.k','Yamunotri','2018-09-23 16:38:16'),(863,'http://www.uttarakhandtraveller.com/media/uploaded/20180515090334_IMG_7987.JPG','I_am_adi17 ','Dokriani bamak glacier, uttarkashi, Uttarakhand ','2018-09-23 16:39:08'),(864,'http://www.uttarakhandtraveller.com/media/uploaded/131E3E7E-BBFD-44B3-97DC-0E5E719796AF.jpeg','@kartikrajwar','Bhimtal Lake from Ghorakhal Temple ','2018-09-24 03:47:56'),(865,'http://www.uttarakhandtraveller.com/media/uploaded/LRM_EXPORT_20180924_101440.jpg','Amitrauthan7','Shikhar fall, Dehradun.','2018-09-24 08:01:44'),(866,'http://www.uttarakhandtraveller.com/media/uploaded/IMG_20180924_101948-01.jpeg','Deepak joshi','Ranibagh(kathgodam)','2018-09-24 08:11:55'),(867,'http://www.uttarakhandtraveller.com/media/uploaded/IMG_20180924_101948-01.jpeg','Deepak joshi','Ranibagh(kathgodam)','2018-09-24 09:11:00'),(868,'http://www.uttarakhandtraveller.com/media/uploaded/91C71CDD-B9A1-4BFB-BB5F-7FED92FD4E0F.jpeg','Hemant Dimri @being_himalayan','Chandrashila peak behind tungnath temple','2018-09-24 11:36:22'),(869,'http://www.uttarakhandtraveller.com/media/uploaded/IMG_20180925_070247.jpg','Aebi99','Rishikesh','2018-09-26 13:10:49'),(870,'http://www.uttarakhandtraveller.com/media/uploaded/IMG_20180925_070247.jpg','a.b.h.i2523','Rishikesh','2018-09-26 13:14:49'),(871,'http://www.uttarakhandtraveller.com/media/uploaded/IMG_20180401_222911_966.jpg','swapnil_demiurgos','CHANDRASHILA peak','2018-09-27 01:32:09'),(872,'http://www.uttarakhandtraveller.com/media/uploaded/IMG_20180920_152214-01.jpeg','Deepak joshi','Hills view restaurant (bheemtal road)','2018-09-27 14:45:36'),(873,'http://www.uttarakhandtraveller.com/media/uploaded/IMG_20180920_152214-01.jpeg','Deepak joshi','Hills view restaurant (bheemtal road)','2018-09-27 14:47:01'),(874,'http://www.uttarakhandtraveller.com/media/uploaded/42673223_2231433803553302_1443139686112428032_n.jpg','mum_arts','Dhaulagiri','2018-09-28 04:42:07'),(875,'http://www.uttarakhandtraveller.com/media/uploaded/IMG_20180928_111425~2-01.jpeg','Deepak joshi','बलौट(nainital)','2018-09-28 15:43:42'),(876,'http://www.uttarakhandtraveller.com/media/uploaded/IMG_20180928_111425~2-01.jpeg','Deepak joshi','Balaut(Nanital)','2018-09-28 15:45:23'),(877,'http://www.uttarakhandtraveller.com/media/uploaded/Screenshot_20181004_062121.png','नेगीदा लखोरियॉ prem khetwal','कूलॉटशवर महादेव लखोराघाटी सलट अलमोडा','2018-10-04 01:18:49'),(878,'http://www.uttarakhandtraveller.com/media/uploaded/7463F3E0-7C7B-4DA2-A2B1-D6912BD2367B.jpeg','@lass.with.sass','Srinagar Garhwal ','2018-10-04 05:26:39'),(879,'http://www.uttarakhandtraveller.com/media/uploaded/9E9E6A1B-7AF0-4034-AE90-91F0D75EF76F.jpeg','@lass.with.sass','Srinagar Garhwal ','2018-10-04 05:26:39'),(880,'http://www.uttarakhandtraveller.com/media/uploaded/IMG_20180928_124204_883.jpg','krishna_dhami_cp','George averest doon','2018-10-06 03:24:45'),(881,'http://www.uttarakhandtraveller.com/media/uploaded/IMG_20181005_164720_455.jpg','krishna_dhami_cp','Harshil valley','2018-10-06 03:25:35'),(882,'http://www.uttarakhandtraveller.com/media/uploaded/DSCN5278.JPG','furquankhan328','Dhanaulti,dehradun,India','2018-10-13 15:41:05'),(883,'http://www.uttarakhandtraveller.com/media/uploaded/IMG_20180713_162121_259.jpg','furquankhan328','Gorge Everest, Musoorie,India','2018-10-13 15:42:51'),(884,'http://www.uttarakhandtraveller.com/media/uploaded/IMG_20180603_022016_966.jpg','furquankhan328','Chakrata, uttarakhand ,India','2018-10-13 15:43:54'),(885,'http://www.uttarakhandtraveller.com/media/uploaded/20171001_134556.jpg','furquankhan328',' Gorge Everest peak, Musoorie, India','2018-10-13 15:52:50'),(886,'http://www.uttarakhandtraveller.com/media/uploaded/IMG_20181002_082014.jpg','Anjali dube , anjalidube : insta','Chandrashila trek , Chopta','2018-10-14 07:59:23'),(887,'http://www.uttarakhandtraveller.com/media/uploaded/IMG_20181006_062202.jpg','Anjali Dube insta: anjalidube','Kunjapuri Devi Temple, Rishikesh','2018-10-14 08:01:42'),(888,'http://www.uttarakhandtraveller.com/media/uploaded/14 October 2018 at 9_33 pm 2018-10-14 21-34-48.mp4','print_stock_pile','Nainital','2018-10-14 16:35:48'),(889,'http://www.uttarakhandtraveller.com/media/uploaded/8719127F-0707-47D0-A93E-95767F60A8D9.jpeg','@pranaychats03','Dayara Bugyal','2018-10-14 16:40:54'),(890,'http://www.uttarakhandtraveller.com/media/uploaded/FEE9D6CF-9EAE-4045-B01D-C4AD0F090B20.jpeg','@pranaychats03','Dayara Bugyal','2018-10-14 16:40:54'),(891,'http://www.uttarakhandtraveller.com/media/uploaded/ED27D8D8-8F35-47E0-8A22-FB8E25AE6605.jpeg','@pranaychats03','Dayara Bugyal','2018-10-14 16:40:54'),(892,'http://www.uttarakhandtraveller.com/media/uploaded/VID_141160918_101412_682.mp4','Vaibhav.bhatia21','Valley of flowers','2018-10-16 03:08:49'),(893,'http://www.uttarakhandtraveller.com/media/uploaded/IMG_20181016_153111.jpg','@nupur_v','Mussoorie','2018-10-18 02:44:59'),(894,'http://www.uttarakhandtraveller.com/media/uploaded/LRM_EXPORT_20180924_163242.jpg','_akshay_rana','Maal devta , raipur ,dehradun ','2018-10-19 17:11:45'),(895,'http://www.uttarakhandtraveller.com/media/uploaded/IMG_20181020_100803.jpg','Mayankchauriya','Chaura','2018-10-20 04:40:21'),(896,'http://www.uttarakhandtraveller.com/media/uploaded/BA9D2CBB-DE88-40AA-A2DD-023ACD014C8E.jpeg','@thelasswithsass','Srinagar Garhwal ','2018-10-21 10:18:29'),(897,'http://www.uttarakhandtraveller.com/media/uploaded/IMG_20181021_175728_966.jpg','piyush.sinha.1441','Badrinath','2018-10-21 12:33:56'),(898,'http://www.uttarakhandtraveller.com/media/uploaded/2018-10-17_02-56-16.jpg','solomon.arnab','Dayara Bugyal','2018-10-22 03:46:44'),(899,'http://www.uttarakhandtraveller.com/media/uploaded/IMG_6450.JPG','@solomon.arnab','Har ki Dun','2018-10-22 03:48:56'),(900,'http://www.uttarakhandtraveller.com/media/uploaded/IMG_3209.JPG','@solomon.arnab','Har ki Dun','2018-10-22 03:48:56'),(901,'http://www.uttarakhandtraveller.com/media/uploaded/IMG_6344.JPG','@solomon.arnab','Bali Pass','2018-10-22 03:55:04'),(902,'http://www.uttarakhandtraveller.com/media/uploaded/DF086B68-BE9C-45C8-9189-9D2AC1C1D196.jpeg','@thelasswithsass','Binsar,Almora ','2018-10-23 13:41:57'),(903,'http://www.uttarakhandtraveller.com/media/uploaded/IMG_20181016_191325_132.jpg','vinay_5harma','Kedarnath entrance','2018-10-24 03:40:42'),(904,'http://www.uttarakhandtraveller.com/media/uploaded/IMG_20181024_201827_951.jpg','vanya_chaturvedi','Ranikhet, Uttarakhand','2018-10-25 16:03:33'),(905,'http://www.uttarakhandtraveller.com/media/uploaded/IMG_20181024_125526_923.jpg','vanya_chaturvedi','Nainital, Uttarakhand','2018-10-25 16:06:16'),(906,'http://www.uttarakhandtraveller.com/media/uploaded/IMG_5625.JPG','@solomon.arnab','Rupin pass','2018-10-27 05:03:44'),(907,'http://www.uttarakhandtraveller.com/media/uploaded/IMG_9111.JPG','@solomon.arnab','Chandrashila','2018-10-27 05:04:23'),(908,'http://www.uttarakhandtraveller.com/media/uploaded/NagTibbaMarch2017.jpg','@solomon.arnab','Nag Tibba','2018-10-27 05:05:34'),(909,'http://www.uttarakhandtraveller.com/media/uploaded/IMG_20180613_170305_501_1528889645050.jpg','vijaynegi7018','Aali Bugyal','2018-10-27 06:19:15'),(910,'http://www.uttarakhandtraveller.com/media/uploaded/IMG_20181028_195314_824.jpg','ianushka_singh_','George Everest mussoorie','2018-10-28 15:39:33'),(911,'http://www.uttarakhandtraveller.com/media/uploaded/IMG_20181028_194830_140.jpg','ianushka_singh_','Mussoorie','2018-10-28 15:40:18'),(912,'http://www.uttarakhandtraveller.com/media/uploaded/IMG_20181028_195204_499.jpg','ianushka_singh_','George Everest mussoorie','2018-10-28 15:40:36'),(913,'http://www.uttarakhandtraveller.com/media/uploaded/IMG_20181028_193406_632.jpg','ianushka_singh_','George Everest','2018-10-28 15:41:18'),(914,'http://www.uttarakhandtraveller.com/media/uploaded/IMG_20181028_193234_312.jpg','ianushka_singh_','Mussoorie ','2018-10-28 15:42:16'),(915,'http://www.uttarakhandtraveller.com/media/uploaded/IMG_20181028_195035_990.jpg','ianushka_singh_','Mussoorie mall road','2018-10-28 15:43:17'),(916,'http://www.uttarakhandtraveller.com/media/uploaded/IMG_20181027_230822_378.jpg','ianushka_singh_','Mussoorie dehradun road','2018-10-28 15:43:58'),(917,'http://www.uttarakhandtraveller.com/media/uploaded/IMG-20181021-WA0027.jpg','Tripti Bhatt ','Bheem Bali on the way to kedarnath.','2018-10-29 02:11:30'),(918,'http://www.uttarakhandtraveller.com/media/uploaded/IMG_20181021_164209~2-01.jpeg','@mayank_goutam','Mana','2018-10-29 08:15:56'),(919,'http://www.uttarakhandtraveller.com/media/uploaded/IMG_20181021_163804-01.jpeg','@mayank_goutam','Mana','2018-10-29 08:17:03'),(920,'http://www.uttarakhandtraveller.com/media/uploaded/IMG_20181021_123231~2-01.jpeg','@mayank_goutam','Badrinath','2018-10-29 08:18:18'),(921,'http://www.uttarakhandtraveller.com/media/uploaded/IMG_20181021_162922-01.jpeg','@mayank_goutam','Badrinath','2018-10-29 08:20:25'),(922,'http://www.uttarakhandtraveller.com/media/uploaded/IMG_20181021_141518-01.jpeg','@mayank_goutam','Badrinath temple','2018-10-29 08:21:34'),(923,'http://www.uttarakhandtraveller.com/media/uploaded/IMG_20181017_141431921_HDR.jpg','iamkartikey','The View Of Naamik Gaon (Starting of Naamik Glacier)','2018-10-31 10:11:50'),(924,'http://www.uttarakhandtraveller.com/media/uploaded/IMG_20181017_101708880.jpg','iamkartikey','Birthi Fall (On the way to Munsyari)','2018-10-31 10:19:00'),(925,'http://www.uttarakhandtraveller.com/media/uploaded/IMG_20181017_091000101.jpg','iamkartikey','Kalamuni Top (Munsyari)','2018-10-31 10:21:42'),(926,'http://www.uttarakhandtraveller.com/media/uploaded/IMG_20181016_171047862_HDR.jpg','iamkartikey','Naina Devi Mandir (Munsyari)','2018-10-31 10:25:15'),(927,'http://www.uttarakhandtraveller.com/media/uploaded/IMG_20181101_193231.jpg','negilokesh_doon','Kirtinagar Tehri Garhwal','2018-11-02 09:57:20'),(928,'http://www.uttarakhandtraveller.com/media/uploaded/20181031_132259.mp4','krishnadas_oinam','devprayag','2018-11-02 14:52:50'),(929,'http://www.uttarakhandtraveller.com/media/uploaded/IMG_20181026_210051_456.jpg','@kappe_chino','Binsar sanctuary Almora','2018-11-03 01:24:53'),(930,'http://www.uttarakhandtraveller.com/media/uploaded/1 copy.jpg','gokulsingh003','Kosi river almora uttarakhand','2018-11-03 06:19:24'),(931,'http://www.uttarakhandtraveller.com/media/uploaded/DSC_2581~2.JPG','piyush.sinha.1441','Devpryag','2018-11-04 17:37:28'),(932,'http://www.uttarakhandtraveller.com/media/uploaded/t1.pdf','arundeepak','Bageshwar','2018-11-05 05:14:44'),(933,'http://www.uttarakhandtraveller.com/media/uploaded/t2.pdf','arundeepak','Bageshwar','2018-11-05 05:14:44'),(934,'http://www.uttarakhandtraveller.com/media/uploaded/IMG_20180629_122758_033.jpg','Swapnil_demiurgos','Srinagar Garhwal Chauras bridge','2018-11-06 05:01:38'),(935,'http://www.uttarakhandtraveller.com/media/uploaded/IMG_20180215_081740_417.jpg','swapnil_demiurgos','Chopta, TUNGNATH','2018-11-06 05:02:38'),(936,'http://www.uttarakhandtraveller.com/media/uploaded/IMG_20180130_084133_488.jpg','swapnil_demiurgos','Devariya Tal','2018-11-06 05:04:35'),(937,'http://www.uttarakhandtraveller.com/media/uploaded/IMG_20181021_163238~2-01~2.jpeg','@mayank_goutam','Mana','2018-11-06 16:08:02'),(938,'http://www.uttarakhandtraveller.com/media/uploaded/FB_IMG_1541687570912.jpg','Vipin','Baira majhera','2018-11-08 15:18:52'),(939,'http://www.uttarakhandtraveller.com/media/uploaded/FB_IMG_1541687310107.jpg','Vipin','Baira','2018-11-08 15:20:59'),(940,'http://www.uttarakhandtraveller.com/media/uploaded/IMG_20181107_113259.jpg','Dudegomzy08@gmail.com','The heaven','2018-11-09 06:38:33'),(941,'http://www.uttarakhandtraveller.com/media/uploaded/20181109_220544.jpg','lansdowne_trip_travel_cafe','Gallery','2018-11-09 16:47:07'),(942,'http://www.uttarakhandtraveller.com/media/uploaded/07072012811.jpg','Mickey Arora','HARIDWAR ','2018-11-10 02:25:36'),(943,'http://www.uttarakhandtraveller.com/media/uploaded/20181110_103613.jpg','@soulfulrider ','Ranikhet','2018-11-10 05:06:19'),(944,'http://www.uttarakhandtraveller.com/media/uploaded/IMG_20180828_093321.jpg','@rahulrwt007 ','Manali','2018-11-10 17:31:54'),(945,'http://www.uttarakhandtraveller.com/media/uploaded/IMG_20180629_132255.jpg','@uttarakhand_family','Masroorie','2018-11-10 17:34:08'),(946,'http://www.uttarakhandtraveller.com/media/uploaded/IMG_20181017_124810_Bokeh.jpg','Deepuuu_deep','Somewhere at lohaghat(champawat)','2018-11-12 03:43:38'),(947,'http://www.uttarakhandtraveller.com/media/uploaded/Video_20180820224449989_by_videomaker.mp4','@pranjali._.bhatt','George everest mussorie','2018-11-12 09:15:39'),(948,'http://www.uttarakhandtraveller.com/media/uploaded/IMG_20181110_132256613.jpg','Tripti Bhatt','Uttarkashi Gangotri highway','2018-11-12 14:29:26'),(949,'http://www.uttarakhandtraveller.com/media/uploaded/IMG_20181111_113817804.jpg','Tripti Bhatt','Chiniyalisaur Uttarkashi','2018-11-12 16:25:35'),(950,'http://www.uttarakhandtraveller.com/media/uploaded/IMG_20181111_113810194.jpg','Tripti','Tehri lake','2018-11-13 05:05:44'),(951,'http://www.uttarakhandtraveller.com/media/uploaded/IMG_20181113_111317_560.jpg','Pratimarawat2005@gmail.com ','On the way to Lansdowne from kotdwara','2018-11-13 14:11:02'),(952,'http://www.uttarakhandtraveller.com/media/uploaded/IMG_20181113_111317_560.jpg','Pratimarawat2005@gmail.com ','On the way to Lansdowne from kotdwara','2018-11-13 14:11:26'),(953,'http://www.uttarakhandtraveller.com/media/uploaded/IMG_20181111_113817804.jpg','Tripti','Chiniyalisaur Uttarkashi','2018-11-13 17:37:19'),(954,'http://www.uttarakhandtraveller.com/media/uploaded/IMG-20181021-WA0023.jpg','Tripti','Kedarnath','2018-11-13 18:14:51'),(955,'http://www.uttarakhandtraveller.com/media/uploaded/IMG_20181114_003006_102.jpg','pragya_singh96','Dhokaney falls,Almora','2018-11-14 03:55:11'),(956,'http://www.uttarakhandtraveller.com/media/uploaded/IMG_20181114_003006_102.jpg','pragya_singh96','Dhokaney falls,Almora','2018-11-14 03:55:29'),(957,'http://www.uttarakhandtraveller.com/media/uploaded/IMG_20181114_201932_949.jpg','@soulfulrider','Kedarnath','2018-11-14 14:51:08'),(958,'http://www.uttarakhandtraveller.com/media/uploaded/IMG_20181021_095406-01.jpeg','@mayank_goutam','Badrinath','2018-11-17 19:59:20'),(959,'http://www.uttarakhandtraveller.com/media/uploaded/org_3117fe9bbd8af930_1541037466.jpg','Rishabh_shah.555','Nainital','2018-11-20 07:25:23'),(960,'http://www.uttarakhandtraveller.com/media/uploaded/uktravlogo.jpg','arundeepak','New Delhi','2018-11-23 18:39:32'),(961,'http://www.uttarakhandtraveller.com/media/uploaded/FB_IMG_1541687310107.jpg','Vipin','Baita majhera','2018-11-24 01:28:05'),(962,'http://www.uttarakhandtraveller.com/media/uploaded/FB_IMG_1541687801053.jpg','Vipin','Baira majhera','2018-11-24 01:29:03'),(963,'http://www.uttarakhandtraveller.com/media/uploaded/FB_IMG_1510073175440.jpg','Vipin','Baira majhera','2018-11-24 01:29:57'),(964,'http://www.uttarakhandtraveller.com/media/uploaded/IMG_20171231_155734503.jpg','Vipin','Baira','2018-11-24 01:32:06'),(965,'http://www.uttarakhandtraveller.com/media/uploaded/IMG_20171019_075151273.jpg','Vipin','Baira','2018-11-24 01:33:46'),(966,'http://www.uttarakhandtraveller.com/media/uploaded/IMG_20171231_155734503.jpg','Vipin','Baira','2018-11-24 01:34:06'),(967,'http://www.uttarakhandtraveller.com/media/uploaded/IMG_20181121_123433062.jpg','Vipin','Baira','2018-11-24 01:35:01'),(968,'http://www.uttarakhandtraveller.com/media/uploaded/received_1297433676969267.jpeg','Vipin','Baira','2018-11-24 01:42:07'),(969,'http://www.uttarakhandtraveller.com/media/uploaded/IMG_20181124_170658.jpg','Shadab idarisi','Berinag','2018-11-25 14:04:02'),(970,'http://www.uttarakhandtraveller.com/media/uploaded/2018-11-25-15-31-03-472.jpg','Vikash Bartwal','Kedarnath','2018-11-25 15:40:48'),(971,'http://www.uttarakhandtraveller.com/media/uploaded/33277389-5254-4FD4-B85E-FAED8F76D028.jpeg','ankit panwar (blue bell cottage)','auli joshimath district chamoli','2018-11-27 05:40:20'),(972,'http://www.uttarakhandtraveller.com/media/uploaded/PSX_20181130_091757.jpg','sansritisharma','Kedarnath ','2018-11-30 06:10:23'),(973,'http://www.uttarakhandtraveller.com/media/uploaded/PSX_20181130_091530.jpg','sansritisharma','Kedarnath valley','2018-11-30 06:12:04'),(974,'http://www.uttarakhandtraveller.com/media/uploaded/PSX_20181130_090807.jpg','sansritisharma','Kedarnath','2018-11-30 06:14:24'),(975,'http://www.uttarakhandtraveller.com/media/uploaded/PSX_20180819_214113.jpg','sansritisharma','Kedarnath valley','2018-11-30 06:17:29'),(976,'http://www.uttarakhandtraveller.com/media/uploaded/PSX_20181130_090516.jpg','sansritisharma','Chopta','2018-11-30 06:23:15'),(977,'http://www.uttarakhandtraveller.com/media/uploaded/PSX_20181130_090432.jpg','sansritisharma','Chopta','2018-11-30 06:36:28'),(978,'http://www.uttarakhandtraveller.com/media/uploaded/PSX_20181130_090559.jpg','sansritisharma','Chopta','2018-11-30 06:47:41'),(979,'http://www.uttarakhandtraveller.com/media/uploaded/PSX_20181130_090432.jpg','sansritisharma','Chopta','2018-11-30 06:49:52'),(980,'http://www.uttarakhandtraveller.com/media/uploaded/PSX_20181130_091130.jpg','sansritisharma','Rudraprayag','2018-11-30 06:51:49'),(981,'http://www.uttarakhandtraveller.com/media/uploaded/PSX_20180816_131424.jpg','sansritisharma','Kedarnath','2018-11-30 06:58:58'),(982,'http://www.uttarakhandtraveller.com/media/uploaded/IMG_20181129_135900207.jpg','Tripti Bhatt','Pahadi thali','2018-12-02 01:13:20'),(983,'http://www.uttarakhandtraveller.com/media/uploaded/IMG20181202115745.jpg','Shadaß idarisi','laghu udyar Almora','2018-12-02 13:04:46'),(984,'http://www.uttarakhandtraveller.com/media/uploaded/IMG_20181204_134547.jpg','Deepu Mehta','Nainital','2018-12-04 10:31:25'),(985,'http://www.uttarakhandtraveller.com/media/uploaded/IMG_20181204_134547.jpg','Deepu Mehta','Nainital','2018-12-04 10:31:39'),(986,'http://www.uttarakhandtraveller.com/media/uploaded/collage 3.jpg','bhartu','char dham','2018-12-04 17:53:10'),(987,'http://www.uttarakhandtraveller.com/media/uploaded/collage 1.jpg','bhartu','char dham','2018-12-04 17:53:31'),(988,'http://www.uttarakhandtraveller.com/media/uploaded/B667C0A3-FC5E-413B-BC97-8F8C6FD45121.jpeg','Ra Hul kathait','dhanolti','2018-12-05 16:15:30'),(989,'http://www.uttarakhandtraveller.com/media/uploaded/CAE2A31D-AA58-4250-8B6A-BCC7EAEF348A.jpeg','Ra Hul kathait','dhanolti','2018-12-05 16:15:30'),(990,'http://www.uttarakhandtraveller.com/media/uploaded/20181113_094931.jpg','Jeevan bisht','simkhola','2018-12-06 16:21:20'),(991,'http://www.uttarakhandtraveller.com/media/uploaded/IMG_1631.JPG','Honey verma','Khaliya top','2018-12-08 03:22:41'),(992,'http://www.uttarakhandtraveller.com/media/uploaded/IMG_20181208_194043.jpg','Chitra mehta','Bageshwar','2018-12-08 14:12:18'),(993,'http://www.uttarakhandtraveller.com/media/uploaded/IMG_20181208_195647.jpg','Chitra mehta','Chaukori ','2018-12-08 14:29:28'),(994,'http://www.uttarakhandtraveller.com/media/uploaded/IMG_20180322_121518.jpg','Chitra mehta','Chandika bageshwar','2018-12-08 14:30:11'),(995,'http://www.uttarakhandtraveller.com/media/uploaded/IMG_7674-01.jpeg','@itsmetanmay_','kausani','2018-12-10 15:41:27'),(996,'http://www.uttarakhandtraveller.com/media/uploaded/PicsArt_11-16-12.56.35.jpg','Sagar Singh','Mana Village Uttrakhand ','2018-12-14 03:39:30'),(997,'http://www.uttarakhandtraveller.com/media/uploaded/PicsArt_11-11-07.58.23.jpg','Sagar Singh','Neelkanth Glacier Base Camp Badrinath Uttrakhand ','2018-12-14 03:40:59'),(998,'http://www.uttarakhandtraveller.com/media/uploaded/IMG-20181130-WA0001.jpg','Roni rajputP','Palampur','2018-12-14 10:06:46'),(999,'http://www.uttarakhandtraveller.com/media/uploaded/IMG-20181212-WA0004.jpg','Ayushi Bais','Munsiyari','2018-12-17 12:58:37'),(1000,'http://www.uttarakhandtraveller.com/media/uploaded/IMG_20180124_092954.jpg','PRAVEEN DANU','JHUNI VILLAGE','2018-12-18 05:49:51'),(1001,'http://www.uttarakhandtraveller.com/media/uploaded/IMG_20180920_091656634.jpg','PRAVEEN DANU','Pakuwa top jhuni','2018-12-18 05:54:41'),(1002,'http://www.uttarakhandtraveller.com/media/uploaded/IMG_20181218_211534_751.jpg','pragya_singh96','Chopta tungnath , caption-हुस्न पहाड़ों  का क्या कहना...!!!','2018-12-20 05:44:45'),(1003,'http://www.uttarakhandtraveller.com/media/uploaded/IMG_20181130_091217.jpg','Mahesh Giri ','Gujrat ','2018-12-20 12:12:01'),(1004,'http://www.uttarakhandtraveller.com/media/uploaded/FB_IMG_1544764852573.jpg','Prabhakar bhatt','Om parvat pithoragarh ','2018-12-21 04:26:15'),(1005,'http://www.uttarakhandtraveller.com/media/uploaded/IMG_20181124_065249.jpg','Pratul tewari','Almora Vishwnath','2018-12-23 07:20:34'),(1006,'http://www.uttarakhandtraveller.com/media/uploaded/IMG_20181124_065249.jpg','Pratul tewari','Almora Vishwnath','2018-12-23 07:24:07'),(1007,'http://www.uttarakhandtraveller.com/media/uploaded/FB_IMG_1504441599637.jpg','Prabhakar bhatt','Pithoragarh town','2018-12-23 08:56:45'),(1008,'http://www.uttarakhandtraveller.com/media/uploaded/IMG20180520110854.jpg','Vishal ','गौरिउड़ियार गुफा मंदिर बागेश्वर','2018-12-23 10:55:31'),(1009,'http://www.uttarakhandtraveller.com/media/uploaded/PicsArt_12-22-04.58.13.jpg','https://www.instagram.com/uk_suraj/','Chopta','2018-12-23 14:31:22'),(1010,'http://www.uttarakhandtraveller.com/media/uploaded/FB_IMG_1545596224415.jpg','Dipali K','Deoriya taal','2018-12-23 20:18:42'),(1011,'http://www.uttarakhandtraveller.com/media/uploaded/FB_IMG_1545597380559.jpg','Dipali K','Near Morinda Taal','2018-12-23 20:39:23'),(1012,'http://www.uttarakhandtraveller.com/media/uploaded/FB_IMG_1545597722488.jpg','Dipali Kailaje','Deoriya Taal','2018-12-23 20:46:15'),(1013,'http://www.uttarakhandtraveller.com/media/uploaded/FB_IMG_1545597766886.jpg','Dipali Kailaje','Nainital market','2018-12-23 20:46:40'),(1014,'http://www.uttarakhandtraveller.com/media/uploaded/FB_IMG_1545597805383.jpg','Dipali Kailaje','Dandeshwar Temple','2018-12-23 20:47:06'),(1015,'http://www.uttarakhandtraveller.com/media/uploaded/FB_IMG_1545597835215.jpg','Dipali Kailaje','Saat Taal','2018-12-23 20:47:27'),(1016,'http://www.uttarakhandtraveller.com/media/uploaded/FB_IMG_1545597687959.jpg','Dipali Kailaje','Enroute Chopta','2018-12-23 20:47:58'),(1017,'http://www.uttarakhandtraveller.com/media/uploaded/20180911_112712.png','विनोद','Vill Luntara, Chamoli (ये गांव की सारी है(','2018-12-24 03:43:30'),(1018,'http://www.uttarakhandtraveller.com/media/uploaded/IMG_20181124_160151.jpg','Pratul tewari','Almora Falseema Band','2018-12-24 09:06:39'),(1019,'http://www.uttarakhandtraveller.com/media/uploaded/IMG_20181124_090723.jpg','Pratul tewari ✌','View from Chitai golu mandir Almora','2018-12-24 09:10:22'),(1020,'http://www.uttarakhandtraveller.com/media/uploaded/IMG_0135-01.jpeg','@kartikrajwar','Mukteshwar Uttarakhand','2018-12-25 18:32:35'),(1021,'http://www.uttarakhandtraveller.com/media/uploaded/IMG_20181024_114707_3CS.jpg','PRAVEEN DANU','Satopant taal','2018-12-26 11:14:05'),(1022,'http://www.uttarakhandtraveller.com/media/uploaded/screenshot_2018-12-27-20-47-48.png','Suresh chand','Auli Nanda devi view 23-Dec-2018','2018-12-30 06:50:01'),(1023,'http://www.uttarakhandtraveller.com/media/uploaded/IMG_20181226_094942.jpg','Suresh chand','View from pauri 26-dec-2018','2018-12-30 06:56:11'),(1024,'http://www.uttarakhandtraveller.com/media/uploaded/20181219_082850.jpg','Sadaanhasan','Munsiyari ','2018-12-30 14:10:22'),(1025,'http://www.uttarakhandtraveller.com/media/uploaded/IMG_20181230_150736_224.jpg','free.soul.gaurav','Auli, Joshimath ','2018-12-30 17:07:26'),(1026,'http://www.uttarakhandtraveller.com/media/uploaded/DSC_0332 (2).JPG','aakashbhatt_','Neer waterfalls, Rishikesh','2018-12-30 17:24:15'),(1027,'http://www.uttarakhandtraveller.com/media/uploaded/IMG_20181224_124636.jpg','jyoti.bisht435','Gwaldam Uttrakhand ','2018-12-30 19:09:16'),(1028,'http://www.uttarakhandtraveller.com/media/uploaded/IMG_20181006_113544414.jpg','dis_is_ananya','Chandrashila, Tunganath','2018-12-30 19:41:29'),(1029,'http://www.uttarakhandtraveller.com/media/uploaded/IMG_20181224_175213.jpg','kabeerrrh','Almora','2018-12-31 02:17:44'),(1030,'http://www.uttarakhandtraveller.com/media/uploaded/IMG_20180830_123220.jpg','Hyatt','Nainital','2018-12-31 02:27:21'),(1031,'http://www.uttarakhandtraveller.com/media/uploaded/IMG_20181224_080750_HDR.jpg','Ravinder Singh Dhapola Rv','Shyam khet , gorakhal ,bhawani , ','2018-12-31 03:48:15'),(1032,'http://www.uttarakhandtraveller.com/media/uploaded/IMG_20181231_091505_689.jpg','Meenakshi Batra','Badrinath Temple','2018-12-31 06:50:52'),(1033,'http://www.uttarakhandtraveller.com/media/uploaded/2018-12-03-154730033.mp4','Meenakshi  Batra','Badrinath Temple on 18 nov Night','2018-12-31 06:52:26'),(1034,'http://www.uttarakhandtraveller.com/media/uploaded/IMG_20181231_091505_686.jpg','Meenakshi Batra','Badrinath Temple','2018-12-31 06:53:09'),(1035,'http://www.uttarakhandtraveller.com/media/uploaded/IMG_20181231_091505_683.jpg','Meenakshi Batra','Badrinath Temple ','2018-12-31 06:53:48'),(1036,'http://www.uttarakhandtraveller.com/media/uploaded/IMG_20181231_091505_689.jpg','Meenakshi  Batra ','Badrinath Temple','2018-12-31 06:54:24'),(1037,'http://www.uttarakhandtraveller.com/media/uploaded/IMG_20181119_202914.jpg','Meenakshi  Batra','Badrinath  Temple','2018-12-31 06:55:44'),(1038,'http://www.uttarakhandtraveller.com/media/uploaded/IMG_20180430_165037.jpg','Meenakshi Batra','Devprayag','2018-12-31 06:58:38'),(1039,'http://www.uttarakhandtraveller.com/media/uploaded/2018-11-19-20-40-34-018.jpg','Meenakshi Batra','Badrinath  Temple','2018-12-31 06:59:47'),(1040,'http://www.uttarakhandtraveller.com/media/uploaded/2018-11-20-11-09-46-989.jpg','Meenakshi  Batra','Badrinath  Temple ','2018-12-31 07:01:24'),(1041,'http://www.uttarakhandtraveller.com/media/uploaded/Screenshot_2018-12-31-14-35-55.png','shristi72524','Rishikesh','2018-12-31 09:08:19'),(1042,'http://www.uttarakhandtraveller.com/media/uploaded/Screenshot_2018-12-31-14-35-46.png','shristi72524','Rishikesh','2018-12-31 09:08:54'),(1043,'http://www.uttarakhandtraveller.com/media/uploaded/Screenshot_2018-12-31-14-39-56-1.png','shristi72524','Rishikesh','2018-12-31 09:12:20'),(1044,'http://www.uttarakhandtraveller.com/media/uploaded/DSCN0066.JPG','suresh chand','Nanda Devi Parvat View from Auli 24-Dec-2018','2019-01-01 11:10:48'),(1045,'http://www.uttarakhandtraveller.com/media/uploaded/IMG-20190104-WA0038.jpg','Anup nautiyal','Gundiyat gaon purola uttarkashi','2019-01-04 15:57:00'),(1046,'http://www.uttarakhandtraveller.com/media/uploaded/IMG_20181216_144631.jpg','Kapil muni mandir','Gundyat gaon purola uttarkashi ','2019-01-04 16:00:51'),(1047,'http://www.uttarakhandtraveller.com/media/uploaded/IMG_20171207_015847_280.jpg','kiranedigar','Munsiyari','2019-01-07 07:08:23'),(1048,'http://www.uttarakhandtraveller.com/media/uploaded/IMG_20181005_171326-01.jpeg','ajadityajoshi','Bhimtal','2019-01-12 15:46:59'),(1049,'http://www.uttarakhandtraveller.com/media/uploaded/IMG_20181128_143143-01.jpeg','ajadityajoshi','ramgarh ','2019-01-12 15:48:54'),(1050,'http://www.uttarakhandtraveller.com/media/uploaded/DSC05586__01.jpg','Chetan palariya','Bhimtal','2019-01-13 12:01:58'),(1051,'http://www.uttarakhandtraveller.com/media/uploaded/IMG_20180730_104258.jpg','Chetanpalariya09','Bhimtal','2019-01-13 12:02:19'),(1052,'http://www.uttarakhandtraveller.com/media/uploaded/IMG_20190112_122033_998.jpg','Anurag_pnwr','Triveni ghat Rishikesh','2019-01-14 15:38:14'),(1053,'http://www.uttarakhandtraveller.com/media/uploaded/IMG_20190111_194253_310.jpg','Anurag_pnwr','Chopta ,tungnath temple','2019-01-14 15:38:52'),(1054,'http://www.uttarakhandtraveller.com/media/uploaded/PANO_20190111_091458-01.jpeg','दीपक सैनी','सतपुली, नायर नदी','2019-01-15 02:50:55'),(1055,'http://www.uttarakhandtraveller.com/media/uploaded/PANO_20190113_110904-01.jpeg','दीपक सैनी','पौड़ी, फ्लस्वारी गाँव','2019-01-15 03:50:18'),(1056,'http://www.uttarakhandtraveller.com/media/uploaded/20181107_144310.jpg','rajendra_danu','Pindari glacier trek','2019-01-19 17:43:28'),(1057,'http://www.uttarakhandtraveller.com/media/uploaded/IMG-20160703-WA0004.jpg','rajendra_danu','Village- Aram, killara','2019-01-19 17:50:51'),(1058,'http://www.uttarakhandtraveller.com/media/uploaded/IMG_20100101_053528439.jpg','rajendra_danu','Pindar ghati ','2019-01-19 17:52:08'),(1059,'http://www.uttarakhandtraveller.com/media/uploaded/IMG_20190106_092755943-02.jpeg','aswalsaurav28','Manali','2019-01-21 19:37:20'),(1060,'http://www.uttarakhandtraveller.com/media/uploaded/IMG_20180606_140240871-01.jpeg','Aswalsaurav28','Khajjiar','2019-01-21 19:38:02'),(1061,'http://www.uttarakhandtraveller.com/media/uploaded/IMG_20180411_183740_HDR.jpg','naren sajwan','chandarbadni temple, sunsetview','2019-01-27 12:11:54'),(1062,'http://www.uttarakhandtraveller.com/media/uploaded/IMG-20190128-WA0000.jpg','','chopta','2019-01-28 08:31:21'),(1063,'http://www.uttarakhandtraveller.com/media/uploaded/DSC_1020 copy.jpg','mr_avi_08','Garur Block in Bageshwar District','2019-01-28 08:47:00'),(1064,'http://www.uttarakhandtraveller.com/media/uploaded/DSC_0004.JPG','mr_avi_08','Nainital View','2019-01-28 08:50:08'),(1065,'http://www.uttarakhandtraveller.com/media/uploaded/IMG_20181228_161202_825.jpg','Nihal Gurung','Chakrata','2019-01-29 08:33:31'),(1066,'http://www.uttarakhandtraveller.com/media/uploaded/IMG20181219154121.jpg','Nihal Gurung','Chakrata','2019-01-29 08:36:15'),(1067,'http://www.uttarakhandtraveller.com/media/uploaded/IMG_20190112_155732.jpg','Nihal Gurung','Rudrapryag , tungnath','2019-01-29 08:39:18'),(1068,'http://www.uttarakhandtraveller.com/media/uploaded/IMG-20190113-WA0015.jpg','Nihal Gurung','Rudrapryag , tungnath','2019-01-29 08:48:57'),(1069,'http://www.uttarakhandtraveller.com/media/uploaded/IMG_0146.JPG','Alok alok','Gundiyat gaon purola uttarkashi uttarakhand','2019-01-29 10:39:51'),(1070,'http://www.uttarakhandtraveller.com/media/uploaded/IMG20190112165451-EFFECTS-7.jpg','','Rudrapryag','2019-01-29 14:18:50'),(1071,'http://www.uttarakhandtraveller.com/media/uploaded/IMG_20190115_080157_167.jpg','','Rudrapryag','2019-01-29 14:20:45'),(1072,'http://www.uttarakhandtraveller.com/media/uploaded/IMG_20190123_145309.jpg','M.Asif07','Mussoorie','2019-01-31 10:37:24'),(1073,'http://www.uttarakhandtraveller.com/media/uploaded/IMG_20190123_154650.jpg','M.Asif07','Mussoorie (dhanolti)','2019-01-31 10:38:52'),(1074,'http://www.uttarakhandtraveller.com/media/uploaded/IMG_20190123_161320.jpg','M.Asif07','Mussoorie (dhanolti)','2019-01-31 10:41:22'),(1075,'http://www.uttarakhandtraveller.com/media/uploaded/PicsArt_02-02-02.51.35.jpg','Tripa.in','Josimath','2019-02-01 21:23:38'),(1076,'http://www.uttarakhandtraveller.com/media/uploaded/E3F1D289-38D8-4443-BCD1-F317AA46F8F4.jpeg','Gaurav_7827','Auli','2019-02-04 02:12:24'),(1077,'http://www.uttarakhandtraveller.com/media/uploaded/DSC_1313.JPG','themaneishbisht','Kedarnath','2019-02-05 13:41:17'),(1078,'http://www.uttarakhandtraveller.com/media/uploaded/DSC_1377.JPG','themaneishbisht','Kedarnath','2019-02-05 13:42:22'),(1079,'http://www.uttarakhandtraveller.com/media/uploaded/IMG_20190113_101429.jpg','themaneishbisht','Kedarkantha Trek','2019-02-05 13:46:08'),(1080,'http://www.uttarakhandtraveller.com/media/uploaded/IMG_20190107_111907.jpg','Rohtash dhundhara','chaukhutiya uttarakhand','2019-02-07 15:33:47'),(1081,'http://www.uttarakhandtraveller.com/media/uploaded/2019-02-09-11-43-00.jpg','Vinod Singh','Ranikhet majkhali village Digote  ','2019-02-09 06:20:51'),(1082,'http://www.uttarakhandtraveller.com/media/uploaded/IMG_20190210_131153-01.jpeg','दीपक सैनी','कटारमल सूर्ये मन्दिर','2019-02-11 13:30:02'),(1083,'http://www.uttarakhandtraveller.com/media/uploaded/IMG-20190212-WA0077.jpg','Ravi mehrq','Haldwani','2019-02-13 05:10:05'),(1084,'http://www.uttarakhandtraveller.com/media/uploaded/B21B4EFF-E71E-4D8E-869F-8CF8EDF9570F.jpeg','Hrshita_joshi','Ramgarh','2019-02-14 03:06:37'),(1085,'http://www.uttarakhandtraveller.com/media/uploaded/6FFC59BC-915D-4CED-B2C9-29B73E1D5A2B.jpeg','Hrshita_joshi','Ramgarh','2019-02-14 03:06:37'),(1086,'http://www.uttarakhandtraveller.com/media/uploaded/778546E8-8875-4B0C-969E-029CA832C3C9.jpeg','Hrshita_joshi','Ramgarh','2019-02-14 03:06:37'),(1087,'http://www.uttarakhandtraveller.com/media/uploaded/FE9DBB77-DE6A-4812-BBA6-81D282A85C39.jpeg','Hrshita_joshi','Ramgarh','2019-02-14 03:06:37'),(1088,'http://www.uttarakhandtraveller.com/media/uploaded/Screenshot_2019-02-14-19-35-09-554_com.whatsapp.png','Vivek______','village - Ganeshpur Uttarkashi ','2019-02-15 14:50:53'),(1089,'http://www.uttarakhandtraveller.com/media/uploaded/IMG_20190113_073716.jpg','themaneishbisht','Sankari','2019-02-16 05:16:01'),(1090,'http://www.uttarakhandtraveller.com/media/uploaded/IMG_20190113_130716.jpg','themaneishbisht','Juda ka talaab,Kedarkantha trek','2019-02-16 05:17:23'),(1091,'http://www.uttarakhandtraveller.com/media/uploaded/IMG_20190113_130716.jpg','themaneishbisht','Juda ka talaab,Kedarkantha trek','2019-02-16 05:17:27'),(1092,'http://www.uttarakhandtraveller.com/media/uploaded/E9B9F737-65DC-4C31-B545-0A768B429158.jpeg','Hrshita_joshi','Naukuchiatal ','2019-02-18 06:12:32'),(1093,'http://www.uttarakhandtraveller.com/media/uploaded/D52ABE6C-97BE-4F4F-84CE-1C4C83F88A04.jpeg','Hrshita_joshi','Naukuchiatal ','2019-02-18 06:12:32'),(1094,'http://www.uttarakhandtraveller.com/media/uploaded/993BF08A-BC2A-4C2C-8263-3F8424941BEC.jpeg','Hrshita_joshi','Naukuchiatal ','2019-02-18 06:12:32'),(1095,'http://www.uttarakhandtraveller.com/media/uploaded/A2E40BCA-3AE4-479F-B6E7-ADE34BC01367.jpeg','Hrshita_joshi','Naukuchiatal ','2019-02-18 06:12:32'),(1096,'http://www.uttarakhandtraveller.com/media/uploaded/GOPR0984_1550417870383_high.JPG','@sunita2169','Auli ,uttarakhand','2019-02-18 12:30:27'),(1097,'http://www.uttarakhandtraveller.com/media/uploaded/GOPR1041_1550418288262_high.JPG','@sunita2169','Devprayag,uttarakhand','2019-02-18 12:31:22'),(1098,'http://www.uttarakhandtraveller.com/media/uploaded/GOPR1006_1550417781578_high.JPG','@sunita2169','Auli','2019-02-18 12:32:14'),(1099,'http://www.uttarakhandtraveller.com/media/uploaded/20190216024337_IMG_3951.JPG','@sunita2169','Auli','2019-02-18 12:33:06'),(1100,'http://www.uttarakhandtraveller.com/media/uploaded/IMG_20190216_154753.jpg','@sunita2169','Auli','2019-02-18 12:34:04'),(1101,'http://www.uttarakhandtraveller.com/media/uploaded/IMG_20190216_151447.jpg','@sunita2169','Auli','2019-02-18 12:34:51'),(1102,'http://www.uttarakhandtraveller.com/media/uploaded/IMG_20190216_150803.jpg','@sunita2169','Auli','2019-02-18 12:35:41'),(1103,'http://www.uttarakhandtraveller.com/media/uploaded/IMG_20190216_123549.jpg','@sunita2169','Auli','2019-02-18 12:36:34'),(1104,'http://www.uttarakhandtraveller.com/media/uploaded/GOPR1017_1550417969900_high.MP4','@sunita2169','Auli','2019-02-18 12:38:27'),(1105,'http://www.uttarakhandtraveller.com/media/uploaded/GOPR0977_1550418131192_high.MP4','@sunita2169','Auli','2019-02-18 12:38:52'),(1106,'http://www.uttarakhandtraveller.com/media/uploaded/VID_20190216_114826.mp4','@sunita2169','Auli','2019-02-18 12:39:46'),(1107,'http://www.uttarakhandtraveller.com/media/uploaded/IMG-20190227-WA0071.jpg','Rakesh Rai','Champawat Lohaghat Rai Nagar Chauri','2019-02-27 14:24:56'),(1108,'http://www.uttarakhandtraveller.com/media/uploaded/IMG-20190227-WA0033.jpg','Rakesh Rai','Uttarakhand Chamapawat Lohagaht','2019-02-27 14:26:19'),(1109,'http://www.uttarakhandtraveller.com/media/uploaded/LRM_EXPORT_93095107082776_20190226_095340138.jpeg','Mickey Arora','Kangra, Himachal Pradesh','2019-02-28 04:33:14'),(1110,'http://www.uttarakhandtraveller.com/media/uploaded/LRM_EXPORT_40370994894401_20190227_220759631.jpeg','Mickey Arora','Kangra, Himachal Pradesh','2019-02-28 04:35:20'),(1111,'http://www.uttarakhandtraveller.com/media/uploaded/20190221_131807.jpg','Denis ','Moshi town Tanzania ','2019-02-28 13:46:10'),(1112,'http://www.uttarakhandtraveller.com/media/uploaded/20190220_085639.jpg','Denis Christopher Mkanula','Moshi town Tanzania ','2019-02-28 13:48:44'),(1113,'http://www.uttarakhandtraveller.com/media/uploaded/BeautyPlusMe_20190228181429_save.jpg','D_panshii ','Uk','2019-03-02 10:52:38'),(1114,'http://www.uttarakhandtraveller.com/media/uploaded/A14DE5F0-1E30-4DD9-8353-71EE226BBD18.jpeg','Gurpreet sandhu','Nainital ','2019-03-03 03:03:40'),(1115,'http://www.uttarakhandtraveller.com/media/uploaded/9B543EBB-9F8D-497A-8881-167B767B20A9.jpeg','Gurpreet sandhu','Nainital ','2019-03-03 03:03:40'),(1116,'http://www.uttarakhandtraveller.com/media/uploaded/737D4707-83E1-418A-BA87-6D28EAAFE410.jpeg','Gurpreet sandhu','Nainital ','2019-03-03 03:03:40'),(1117,'http://www.uttarakhandtraveller.com/media/uploaded/8CBDEE7C-DE46-4F91-8402-B3D0F39659A0.jpeg','Gurpreet sandhu','Nainital ','2019-03-03 03:03:40'),(1118,'http://www.uttarakhandtraveller.com/media/uploaded/6502A377-BB00-43A5-B0CA-E53AE3B95A08.jpeg','Gurpreet sandhu','Nainital ','2019-03-03 03:03:40'),(1119,'http://www.uttarakhandtraveller.com/media/uploaded/1CA3A08A-258D-4557-83CF-1B65C700D2EC.jpeg','Gurpreet sandhu','Nainital ','2019-03-03 03:03:40'),(1120,'http://www.uttarakhandtraveller.com/media/uploaded/5BD0D292-1F40-49F5-AA46-75F3C5B0352C.jpeg','Gurpreet sandhu','Nainital ','2019-03-03 03:03:40'),(1121,'http://www.uttarakhandtraveller.com/media/uploaded/BEB1C66E-DB71-4858-B639-F9A9903613A7.jpeg','Gurpreet sandhu','Nainital ','2019-03-03 03:03:40'),(1122,'http://www.uttarakhandtraveller.com/media/uploaded/6551D4C2-3754-498B-9DED-FB000B134362.jpeg','Gurpreet sandhu','Nainital ','2019-03-03 03:03:40'),(1123,'http://www.uttarakhandtraveller.com/media/uploaded/C25C2404-C8B1-4E8D-83DC-9C1703B0BEF1.jpeg','Gurpreet sandhu','Nainital ','2019-03-03 03:03:40'),(1124,'http://www.uttarakhandtraveller.com/media/uploaded/172F86CA-2F11-4D18-9515-756BFD4E9DDD.jpeg','Gurpreet sandhu','Nainital ','2019-03-03 03:03:40'),(1125,'http://www.uttarakhandtraveller.com/media/uploaded/3B47D771-0777-4BF1-BABC-4AAF10AE57C5.jpeg','Gurpreet sandhu','Nainital ','2019-03-03 03:03:40'),(1126,'http://www.uttarakhandtraveller.com/media/uploaded/61A5104E-4E6E-4906-9D7A-0ECF55018D69.jpeg','Gurpreet sandhu','Nainital ','2019-03-03 03:03:40'),(1127,'http://www.uttarakhandtraveller.com/media/uploaded/8C53A45F-56CB-483D-A317-A98CF987D733.jpeg','Gurpreet sandhu','Nainital ','2019-03-03 03:03:40'),(1128,'http://www.uttarakhandtraveller.com/media/uploaded/C7196680-0AA8-42BF-9AEB-E4ABC6B26DB5.jpeg','Gurpreet sandhu','Nainital ','2019-03-03 03:03:40'),(1129,'http://www.uttarakhandtraveller.com/media/uploaded/AC22B932-9C41-426A-91D7-BC6F38A35DC1.MOV','Gurpreet sandhu','Nainital ','2019-03-03 03:03:40'),(1130,'http://www.uttarakhandtraveller.com/media/uploaded/IMG_20190118_104658-01.jpeg','Mytinyglobe','KHALJHUNI','2019-03-06 18:15:16'),(1131,'http://www.uttarakhandtraveller.com/media/uploaded/IMG_20190322_144744~2.jpg','ayush_kapoor_','Harshil - dharali','2019-03-23 17:13:58'),(1132,'http://www.uttarakhandtraveller.com/media/uploaded/FB_IMG_1553519808938.jpg','','Tung nath chopta ','2019-03-25 14:28:37'),(1133,'http://www.uttarakhandtraveller.com/media/uploaded/IMG_20190322_131548167_HDR.jpg','Somnath soni','Between kharkiya to khati village in route pindari glacier','2019-03-25 19:52:07'),(1134,'http://www.uttarakhandtraveller.com/media/uploaded/25673B60-D102-445D-9E5F-58E4D2BC2421.jpeg','Yogi Kothari','Rishikesh UTTRAKHAND ','2019-03-26 06:12:21'),(1135,'http://www.uttarakhandtraveller.com/media/uploaded/IMG_20190401_111618_921.jpg','Mickey Arora ','Rishikesh','2019-04-01 06:22:14'),(1136,'http://www.uttarakhandtraveller.com/media/uploaded/CSC_0490-02.jpeg','Himalayan__bear','Before Munshyari','2019-04-05 05:25:58'),(1137,'http://www.uttarakhandtraveller.com/media/uploaded/CSC_0445-01.jpeg','Himalayan__bear','Kapkot','2019-04-05 05:27:16'),(1138,'http://www.uttarakhandtraveller.com/media/uploaded/C554F2F7-33C4-4F3C-BD99-B65D2D9A3567.jpeg','Chirag Khulbe ','Bakhali Village, Chaukhutiya','2019-04-06 08:43:45'),(1139,'http://www.uttarakhandtraveller.com/media/uploaded/43B6D210-67B0-41E2-8F1F-BFFE216A274D.jpeg','Chirag Khulbe ','Bakhali Village, Chaukhutiya','2019-04-06 08:43:45'),(1140,'http://www.uttarakhandtraveller.com/media/uploaded/IMG_20181118_125638.jpg','sachinn_ranna','Badhanitaal, jakholi rudraprayg uttarakhand','2019-04-11 08:31:59'),(1141,'http://www.uttarakhandtraveller.com/media/uploaded/IMG_20190409_080108_097.jpg','Parth.x7','Kausani ','2019-04-13 05:39:27'),(1142,'http://www.uttarakhandtraveller.com/media/uploaded/IMG_20190321_130356.jpg','Girish Pant','Pithoragarh Uttarakhand','2019-04-13 05:58:32'),(1143,'http://www.uttarakhandtraveller.com/media/uploaded/IMG_20190321_123924_Bokeh.jpg','Girish pant','Pithoragarh Uttarakhand','2019-04-13 06:00:36'),(1144,'http://www.uttarakhandtraveller.com/media/uploaded/IMG_20190321_123936_Bokeh.jpg','Girish Pant','Village :Pantyuri, Pithoragarh Uttarakhand','2019-04-13 06:06:20'),(1145,'http://www.uttarakhandtraveller.com/media/uploaded/IMG_20190321_130244.jpg','Girish Pant','Pantyuri, Pithoragarh, UTTARAKHAND','2019-04-13 06:11:41'),(1146,'http://www.uttarakhandtraveller.com/media/uploaded/IMG_20190415_002002.jpg','Prateek rawat','Chopta trek ','2019-04-14 18:50:55'),(1147,'http://www.uttarakhandtraveller.com/media/uploaded/IMG_20190415_002002.jpg','Prateek rawat','Chopta trek ','2019-04-14 18:51:35'),(1148,'http://www.uttarakhandtraveller.com/media/uploaded/98589B69-A9A0-4F7E-B926-7850F350334B.jpeg','Chirag Khulbe','Near Bakhali Village , Chaukhutiya Uttarakhand.','2019-04-14 22:53:05'),(1149,'http://www.uttarakhandtraveller.com/media/uploaded/AC1A5CFC-A542-489A-9447-216530DD0352.jpeg','Chirag Khulbe','Near Bakhali Village , Chaukhutiya Uttarakhand.','2019-04-14 22:53:05'),(1150,'http://www.uttarakhandtraveller.com/media/uploaded/Screenshot_2019-04-15-08-05-19-670_com.facebook.katana.png','Manju rawat ','Pinder ghati, chamoli, Dewal','2019-04-15 02:47:18'),(1151,'http://www.uttarakhandtraveller.com/media/uploaded/Screenshot_2019-04-15-08-06-18-038_com.facebook.katana.png','Manju rawat ','Pinder ghati, chamoli, Dewal','2019-04-15 02:48:03'),(1152,'http://www.uttarakhandtraveller.com/media/uploaded/Screenshot_2019-04-15-08-05-42-915_com.facebook.katana.png','Manju rawat ','Pinder ghati, Dewal, village chaud, chamoli ','2019-04-15 02:49:19'),(1153,'http://www.uttarakhandtraveller.com/media/uploaded/Screenshot_2019-04-15-08-05-35-109_com.facebook.katana.png','Manju rawat ','Pinder ghati, Dewal, village chaud, chamoli ','2019-04-15 02:50:03'),(1154,'http://www.uttarakhandtraveller.com/media/uploaded/Screenshot_2019-04-15-08-06-18-038_com.facebook.katana.png','Manju rawat ','Pinder ghati, Dewal, village chaud, chamoli ','2019-04-15 02:50:36'),(1155,'http://www.uttarakhandtraveller.com/media/uploaded/Screenshot_2019-04-15-08-05-42-915_com.facebook.katana.png','Manju rawat ','Pinder ghati, Dewal,  chamoli ','2019-04-15 02:52:47'),(1156,'http://www.uttarakhandtraveller.com/media/uploaded/IMG-20190415-WA0001.jpg','Manju rawat ','Pinder ghati, Dewal,  chamoli ','2019-04-15 02:53:47'),(1157,'http://www.uttarakhandtraveller.com/media/uploaded/IMG_20190309_141755979_HDR~2.jpg','I_mbhupezz','Nainital','2019-04-15 06:02:50'),(1158,'http://www.uttarakhandtraveller.com/media/uploaded/IMG_20181020_132432.jpg','Anand Pandey ','Gangotri temple ','2019-04-16 11:31:31'),(1159,'http://www.uttarakhandtraveller.com/media/uploaded/IMG_20190328_172329_906.jpg','Jai','Nanital','2019-04-16 13:47:24'),(1160,'http://www.uttarakhandtraveller.com/media/uploaded/IMG_20190407_224232_899.jpg','Vishal ','Raithal village uttarksahi ','2019-04-17 16:00:20'),(1161,'http://www.uttarakhandtraveller.com/media/uploaded/IMG_20160915_113519.jpg','Priya','Mussorrie ','2019-04-18 08:31:18'),(1162,'http://www.uttarakhandtraveller.com/media/uploaded/IMG_20190128_171235.jpg','Pankaj rana','The mall road massorie','2019-04-18 14:15:38'),(1163,'http://www.uttarakhandtraveller.com/media/uploaded/IMG_20190411_091303_039.jpg','Vishal rawat ','Raithal village ','2019-04-18 14:20:02'),(1164,'http://www.uttarakhandtraveller.com/media/uploaded/IMG-20180810-WA0002.jpg','Parth upadhyay','Ranikhet souni','2019-04-18 17:50:32'),(1165,'http://www.uttarakhandtraveller.com/media/uploaded/IMG-20180810-WA0001.jpg','Parth upadhyay','Ranikhet souni','2019-04-18 17:50:32'),(1166,'http://www.uttarakhandtraveller.com/media/uploaded/IMG-20180810-WA0003.jpg','Parth upadhyay','Ranikhet souni','2019-04-18 17:50:32'),(1167,'http://www.uttarakhandtraveller.com/media/uploaded/FB_IMG_1546324731744.jpg','Prem Adhikari','Jaurasi Road Uttarakhand','2019-04-19 06:46:11'),(1168,'http://www.uttarakhandtraveller.com/media/uploaded/IMG-20190415-WA0000.jpg','Bablu singh','Uk','2019-04-20 06:17:50'),(1169,'http://www.uttarakhandtraveller.com/media/uploaded/IMG-20190415-WA0000.jpg','Bablu singh','Uk','2019-04-20 06:18:00'),(1170,'http://www.uttarakhandtraveller.com/media/uploaded/20190325_164233-01.jpeg','@Tarun.airy','Ramtal uttarakhand','2019-04-23 11:07:24'),(1171,'http://www.uttarakhandtraveller.com/media/uploaded/IMG-20190427-WA0002.jpg','. Manohar Lal Tandan','Maldevta.. Dehradun','2019-04-28 10:42:59'),(1172,'http://www.uttarakhandtraveller.com/media/uploaded/20180816_134059_mh1534573580474.jpg','luckychauhan1992','Velly of flower ','2019-04-29 07:50:33'),(1173,'http://www.uttarakhandtraveller.com/media/uploaded/IMG-20180601-WA0002.jpeg','Rajesh negi','Ukhimath Rudraprayag','2019-04-30 04:24:20'),(1174,'http://www.uttarakhandtraveller.com/media/uploaded/IMG20190415152525.jpg','Rajesh negi','Guptakashi Rudraprayag','2019-04-30 04:27:27'),(1175,'http://www.uttarakhandtraveller.com/media/uploaded/FB_IMG_15566967992485058.jpg','Amit bhandari','Srikot','2019-05-01 10:58:58'),(1176,'http://www.uttarakhandtraveller.com/media/uploaded/PicsArt_03-06-09.53.14.jpg','Sunny ','Gurgaon ','2019-05-08 07:13:03'),(1177,'http://www.uttarakhandtraveller.com/media/uploaded/received_2095832140527339.jpeg','Mahender singh','Champawat. Lohaghat village choumel','2019-05-08 12:04:25'),(1178,'http://www.uttarakhandtraveller.com/media/uploaded/IMG_20190410_090717_HDR.jpg','@vishal_singh_chaudhary8','Ladoli,Chamoli,Uttrakhand','2019-05-08 12:36:39'),(1179,'http://www.uttarakhandtraveller.com/media/uploaded/IMG_20190410_181821_HDR.jpg','@vishal_singh_chaudhary8','Ladki,Chamoli,Uttarakhand','2019-05-08 12:39:36'),(1180,'http://www.uttarakhandtraveller.com/media/uploaded/IMG_20190410_175205_HDR.jpg','@vishal_singh_chaudhary8','Ladoli,Gauchar,Chamoli,Uttrakhand','2019-05-08 12:44:45'),(1181,'http://www.uttarakhandtraveller.com/media/uploaded/IMG_20190410_090527_HDR.jpg','@vishal_singh_chaudhary8','Jasoli Mandir,Kot,Gauchar,Uttrakhand','2019-05-08 12:48:25'),(1182,'http://www.uttarakhandtraveller.com/media/uploaded/IMG_20190410_085259_HDR.jpg','@vishal_singh_chaudhary8','Ladoli,Gauchar,Chamoli,Uttrakhand','2019-05-08 12:55:29'),(1183,'http://www.uttarakhandtraveller.com/media/uploaded/IMG_20190410_084746_HDR.jpg','@vishal_singh_chaudhary8','Ladoli,Gauchar,Chamoli,Uttrakhand','2019-05-08 12:58:34'),(1184,'http://www.uttarakhandtraveller.com/media/uploaded/IMG_20190331_175021.jpg','कौशिक रिया ','Chopta','2019-05-09 12:37:05'),(1185,'http://www.uttarakhandtraveller.com/media/uploaded/IMG_20190402_085529.jpg','कौशिक रिया ','Srinagar rajeshwari devi mandir','2019-05-09 12:38:30'),(1186,'http://www.uttarakhandtraveller.com/media/uploaded/IMG_20190331_175332.jpg','कौशिक रिया ',' Chopta','2019-05-09 12:39:30'),(1187,'http://www.uttarakhandtraveller.com/media/uploaded/IMG_20190508_095328_mh1557318221775.jpg','Nature_of_the_himalayan','Raithal village uttarksahi ','2019-05-09 17:18:26'),(1188,'http://www.uttarakhandtraveller.com/media/uploaded/Screenshot_20190507-142917_Instagram.jpg','Deeksha','Cakrata chilmil point','2019-05-14 15:51:27'),(1189,'http://www.uttarakhandtraveller.com/media/uploaded/IMG_20190408_111340.jpg','Ankita','Lambgaon partapnagar Tehri Garhwal','2019-05-16 15:19:32'),(1190,'http://www.uttarakhandtraveller.com/media/uploaded/A_bridge_over_the_Tehri_dam_reservoir.jpg','Ankita dobhal','Pipal daali pull Tehri Garhwal','2019-05-16 15:30:19'),(1191,'http://www.uttarakhandtraveller.com/media/uploaded/PicsArt_05-11-02.41.35.jpg','Saurabh chandra ramolA','Tehri garhwal','2019-05-17 05:39:46'),(1192,'http://www.uttarakhandtraveller.com/media/uploaded/PicsArt_05-09-08.40.56.jpg','Yogisaurabh1995@gmail. Com','Tehri garhwal','2019-05-17 05:40:35'),(1193,'http://www.uttarakhandtraveller.com/media/uploaded/IMG20190223085040.jpg','Raturi Sonu','view of Gangotri hills from kemar ','2019-05-17 19:04:58'),(1194,'http://www.uttarakhandtraveller.com/media/uploaded/6922E986-9291-41DD-8E7D-168239A9DDB4.jpeg','Pahadi choora','Masoori','2019-05-19 07:00:58'),(1195,'http://www.uttarakhandtraveller.com/media/uploaded/Screenshot_20190521_182333.jpg','Montu rock rawat','Almora','2019-05-21 13:10:44'),(1196,'http://www.uttarakhandtraveller.com/media/uploaded/IMG-20190308-WA0106.jpg','Montu rock rawat','Bedni trick ','2019-05-21 13:13:45'),(1197,'http://www.uttarakhandtraveller.com/media/uploaded/Screenshot_20180509_131038.png','Montu rock rawat','Village Lolti tharali','2019-05-21 13:15:13'),(1198,'http://www.uttarakhandtraveller.com/media/uploaded/IMG-20190521-WA0024.jpg','Montu rock rawat','Badrinath dham','2019-05-21 15:09:44'),(1199,'http://www.uttarakhandtraveller.com/media/uploaded/Snapchat-2105971317.jpg','','Bageshwar ','2019-05-22 09:25:19'),(1200,'http://www.uttarakhandtraveller.com/media/uploaded/Screenshot from 2019-05-22 23-57-24.png','beyond_height','Dhakuri, Pindari Glacier','2019-05-22 18:39:20'),(1201,'http://www.uttarakhandtraveller.com/media/uploaded/satopanth_route.jpeg','','satopanth','2019-05-23 18:40:29'),(1202,'http://www.uttarakhandtraveller.com/media/uploaded/milam_route.jpeg','','milam','2019-05-23 19:21:34'),(1203,'http://www.uttarakhandtraveller.com/media/uploaded/pindari_route.jpeg','','pindari','2019-05-23 19:23:42'),(1204,'http://www.uttarakhandtraveller.com/media/uploaded/vof_route.jpeg','','valley of flowers','2019-05-23 19:23:58'),(1205,'http://www.uttarakhandtraveller.com/media/uploaded/IMG_20190520_120056.jpg','Ketan Bora','Kasar Devi, Almora','2019-05-24 03:13:01'),(1206,'http://www.uttarakhandtraveller.com/media/uploaded/IMG_20190514_112952.jpg','Gaurav Tomar','Badrinath','2019-05-25 06:27:27'),(1207,'http://www.uttarakhandtraveller.com/media/uploaded/IMG_20190512_121516.jpg','Gaurav Tomar','Way to badrinath','2019-05-25 06:28:26'),(1208,'http://www.uttarakhandtraveller.com/media/uploaded/IMG_20190516_165046.jpg','themaneishbisht','Hanuman chatti,yamunotri','2019-05-28 07:53:56'),(1209,'http://www.uttarakhandtraveller.com/media/uploaded/IMG_20190517_101835.jpg','themaneishbisht','Gulabi chatti,yamunotri','2019-05-28 07:55:53'),(1210,'http://www.uttarakhandtraveller.com/media/uploaded/DSC_0623.JPG','themaneishbisht','Gulabi chatti','2019-05-28 07:57:51'),(1211,'http://www.uttarakhandtraveller.com/media/uploaded/DSC_0788.JPG','themaneishbisht','Mussoorie road','2019-05-28 07:59:35'),(1212,'http://www.uttarakhandtraveller.com/media/uploaded/IMG_20190427_223710.JPG','Sailendrasingh Negi (Shailu )','Village Singori pauri garhwal','2019-05-29 15:36:05'),(1213,'http://www.uttarakhandtraveller.com/media/uploaded/IMG_20190430_191309.JPG','','Tungnath Chopra ','2019-05-29 15:38:45'),(1214,'http://www.uttarakhandtraveller.com/media/uploaded/FB_IMG_1559094135546.jpg','Sailendrasingh Negi(shailu)','Singori (kathuli) Pauri garhwal  ','2019-05-29 16:08:24'),(1215,'http://www.uttarakhandtraveller.com/media/uploaded/IMG_20190223_171618.jpg','Sailendrasingh Negi (Shailu) ','Tungnath chopta','2019-05-29 16:09:44'),(1216,'http://www.uttarakhandtraveller.com/media/uploaded/LRM_EXPORT_113562002167270_20190523_085227884.jpeg','teenarp_22','Kuti Village, Dharchula, Pithoragarh, Uttarakhand','2019-05-29 20:19:14'),(1217,'http://www.uttarakhandtraveller.com/media/uploaded/VID-20190424-WA0010.mp4','Rahul Sharma','Sri Nagar to Maletha Rout','2019-05-30 06:03:45'),(1218,'http://www.uttarakhandtraveller.com/media/uploaded/LRM_EXPORT_634835842682079_20190531_164313927.jpeg','Vishnugaurav18','बद्रीनाथ','2019-05-31 13:30:56'),(1219,'http://www.uttarakhandtraveller.com/media/uploaded/IMG_20190427_223710.JPG','शैलेन्द्रसिंह नेगी','Singori pauri garhwal ','2019-06-01 04:46:47'),(1220,'http://www.uttarakhandtraveller.com/media/uploaded/LRM_EXPORT_670894799106491_20190601_180603747.jpeg','Vishnugaurav18','Badrinath Road','2019-06-01 13:48:32'),(1221,'http://www.uttarakhandtraveller.com/media/uploaded/20180329_174423.jpg','Gokul Singh Mahara ','Udiyari Band ','2019-06-02 09:23:12'),(1222,'http://www.uttarakhandtraveller.com/media/uploaded/20180325_153905.jpg','Gokul','Maa Hokara Devi Way','2019-06-02 09:24:02'),(1223,'http://www.uttarakhandtraveller.com/media/uploaded/20171204_152644.jpg','Gokul ','Udiyari Band ','2019-06-02 09:24:45'),(1224,'http://www.uttarakhandtraveller.com/media/uploaded/temp_photo.jpg','Gokul','Udiyari Band ','2019-06-02 09:25:50'),(1225,'http://www.uttarakhandtraveller.com/media/uploaded/temp_photo.jpg','Gokul','Udiyari Band ','2019-06-02 09:25:53'),(1226,'http://www.uttarakhandtraveller.com/media/uploaded/IMG-20190324-WA0231.jpg','Naina','Nainital','2019-06-04 05:34:07'),(1227,'http://www.uttarakhandtraveller.com/media/uploaded/IMG_20181113_073946416_HDR.jpg','Naina','Badrinath ','2019-06-04 11:21:15'),(1228,'http://www.uttarakhandtraveller.com/media/uploaded/Screenshot_2019-06-07-23-53-30-290_com.instagram.android.png','chandupaliwal12','Almora','2019-06-07 18:25:18'),(1229,'http://www.uttarakhandtraveller.com/media/uploaded/Screenshot_2019-06-07-23-53-30-290_com.instagram.android.png','chandupaliwal12','Almora','2019-06-07 18:25:27'),(1230,'http://www.uttarakhandtraveller.com/media/uploaded/IMG_20190609_125030.jpg','Shikha Kathayat','HaatKalika Mandir Gangolihaat','2019-06-10 10:24:15'),(1231,'http://www.uttarakhandtraveller.com/media/uploaded/IMG_20190609_121230.jpg','Shikha Kathayat','HaatKalika, Gangolihaat','2019-06-10 10:38:19'),(1232,'http://www.uttarakhandtraveller.com/media/uploaded/FB_IMG_1558165094097.jpg','Bhuwanesh pandey ','Dhari Devi','2019-06-12 14:55:29'),(1233,'http://www.uttarakhandtraveller.com/media/uploaded/IMG_4384.JPG','Saurabh Pasbola','Dangleshwar temple, satpuli, uttrakhand','2019-06-14 04:31:36'),(1234,'http://www.uttarakhandtraveller.com/media/uploaded/20190609172500_IMG_4121.JPG','Saurabh pasbola','Bhulla taal, Lansdowne, uttarakhand','2019-06-14 04:35:05'),(1235,'http://www.uttarakhandtraveller.com/media/uploaded/IMG_20180916_091318269-EFFECTS.jpg','Saurabh Barman','Bhairav Mandir, Kedarnath','2019-06-14 10:37:18'),(1236,'http://www.uttarakhandtraveller.com/media/uploaded/IMG_20180929_132441~2.jpg','Saurabh Barman','Shri Hemkunt Saheb, Joshimath','2019-06-14 10:40:10'),(1237,'http://www.uttarakhandtraveller.com/media/uploaded/IMG_20190614_162522.jpg','Himanshu rathour','Mehragaon sattal','2019-06-14 10:58:18'),(1238,'http://www.uttarakhandtraveller.com/media/uploaded/img1502869685095.jpg','Sanjay pilkhwal ','Almora hillside ','2019-06-14 17:44:28'),(1239,'http://www.uttarakhandtraveller.com/media/uploaded/2019-06-15-12-05-36.jpg','Saurabh Pasbola','नैणी गाँव, पौड़ी गढ़वाल','2019-06-15 13:14:31'),(1240,'http://www.uttarakhandtraveller.com/media/uploaded/IMG_20170831_073543.jpg','butola_shubham/','Gauchar, Uttarakhand','2019-06-20 06:47:42'),(1241,'http://www.uttarakhandtraveller.com/media/uploaded/20190615_111006.jpg','@puneetsharma7032','Mundali (Bawar) Dehradun Uttarakhand','2019-06-21 12:47:10'),(1242,'http://www.uttarakhandtraveller.com/media/uploaded/20190610_091903.jpg','@puneetsharma7032','Churdhar Peak Saranh Himachal Pradesh','2019-06-21 12:54:08'),(1243,'http://www.uttarakhandtraveller.com/media/uploaded/20190610_075211.jpg','@puneetsharma7032','Churdhar Peak Saranh Himachal Pradesh','2019-06-21 12:56:30'),(1244,'http://www.uttarakhandtraveller.com/media/uploaded/2017-05-22-15-00-42-773.jpg','छोटी लाल मीणा','मंसूरी','2019-06-22 06:57:09'),(1245,'http://www.uttarakhandtraveller.com/media/uploaded/IMG_20190623_092556_955.jpg','that_littleminion','Khaliya top, munsyari','2019-06-23 06:27:09'),(1246,'http://www.uttarakhandtraveller.com/media/uploaded/PSX_20190618_222649.jpg','That_littleminion','Khaliya top munsyari','2019-06-23 06:27:42'),(1247,'http://www.uttarakhandtraveller.com/media/uploaded/PSX_20190618_223103.jpg','That_littleminion','Khaliya top munsyari','2019-06-23 06:28:13'),(1248,'http://www.uttarakhandtraveller.com/media/uploaded/PSX_20190618_223103.jpg','That_littleminion','Khaliya top munsyari','2019-06-23 06:28:51'),(1249,'http://www.uttarakhandtraveller.com/media/uploaded/PSX_20190618_223103.jpg','That_littleminion','Khaliya top munsyari','2019-06-23 06:29:42'),(1250,'http://www.uttarakhandtraveller.com/media/uploaded/IMG_20190624_071923.jpg','Bhuwan pandey ','Kapholi bilona bageshwar ','2019-06-24 09:09:26'),(1251,'http://www.uttarakhandtraveller.com/media/uploaded/IMG-20180809-WA0010.jpg','Nishant Goswami','haridwar','2019-06-25 08:15:30'),(1252,'http://www.uttarakhandtraveller.com/media/uploaded/IMG-20190417-WA0007.jpg','Nishant Goswami','kangra, himachal','2019-06-25 08:19:12'),(1253,'http://www.uttarakhandtraveller.com/media/uploaded/FB_IMG_1561520445343.jpg','  richa.singh.33046','Rudradhari temple and waterfall','2019-06-26 03:42:41'),(1254,'http://www.uttarakhandtraveller.com/media/uploaded/FB_IMG_1561520401926.jpg','richa.singh.33046','Rishikesh','2019-06-26 03:43:20'),(1255,'http://www.uttarakhandtraveller.com/media/uploaded/IMG_20190603_142415.jpg','Bhuwan joshi','Chaubatia , Ranikhet','2019-06-26 06:30:23'),(1256,'http://www.uttarakhandtraveller.com/media/uploaded/602181.jpg','Bhuwan joshi','Dunagiri temple Dwarahat','2019-06-26 09:23:13'),(1257,'http://www.uttarakhandtraveller.com/media/uploaded/IMG_20180701_150245.jpg','Bhuwan joshi','Company garden Mussoorie','2019-06-26 09:32:44'),(1258,'http://www.uttarakhandtraveller.com/media/uploaded/FB_IMG_1560177744673.jpg','Amit rawat','Mumbai ','2019-07-01 05:35:27'),(1259,'http://www.uttarakhandtraveller.com/media/uploaded/FB_IMG_1560177744673.jpg','Amit Rawat','Mumbai ','2019-07-01 05:36:54'),(1260,'http://www.uttarakhandtraveller.com/media/uploaded/IMG_20190625_104411.jpg','Mukesh bhatt','Maa Dhaula devi temple almora','2019-07-01 16:46:30'),(1261,'http://www.uttarakhandtraveller.com/media/uploaded/IMG_20190625_094833.jpg','Mukesh bhatt','Jay Jhankar sem temple almora','2019-07-01 16:49:04'),(1262,'http://www.uttarakhandtraveller.com/media/uploaded/IMG_20190625_083459.jpg','Mukesh bhatt','Jageshwar jyotirlinga almora','2019-07-01 16:51:15'),(1263,'http://www.uttarakhandtraveller.com/media/uploaded/IMG_20190625_064909.jpg','Mukesh bhatt','Golju devta temple almora','2019-07-01 16:53:01'),(1264,'http://www.uttarakhandtraveller.com/media/uploaded/IMG_20190624_163344314_HDR.jpg','Kavya Gupta','Chakrata Uttarakhand','2019-07-02 05:54:54'),(1265,'http://www.uttarakhandtraveller.com/media/uploaded/IMG_20190626_081659405_HDR.jpg','____the____soberslap','Jageshwar dham, Uttarakhand','2019-07-02 05:56:33'),(1266,'http://www.uttarakhandtraveller.com/media/uploaded/IMG_20190701_170059.jpg','Pooja Arora',' Beautiful village after some miles from Shastradhara,dehradun....','2019-07-02 08:47:11'),(1267,'http://www.uttarakhandtraveller.com/media/uploaded/IMG-20190617-WA0048.jpg','Pooja arora','Apple orchard...Dhanoulti...Uttrakhand','2019-07-02 08:49:53'),(1268,'http://www.uttarakhandtraveller.com/media/uploaded/IMG_20190605_210218.jpg','Pooja arora','Kimadi,dehradun...Secret way to mussorie... ','2019-07-02 08:54:46'),(1269,'http://www.uttarakhandtraveller.com/media/uploaded/20190703_090445.jpg','Rakesh Joshi RJ','Khaliya top in Munsyari','2019-07-04 19:18:24'),(1270,'http://www.uttarakhandtraveller.com/media/uploaded/20190703_090117.jpg','Rakesh Joshi RJ','Khaliya top in Munsyari','2019-07-04 19:18:24'),(1271,'http://www.uttarakhandtraveller.com/media/uploaded/IMG-20180128-WA0001.jpg','Pooja Arora','BEAUTIFUL RISHIKESH❤','2019-07-05 14:51:01'),(1272,'http://www.uttarakhandtraveller.com/media/uploaded/IMG-20190628-WA0018.jpg','martoliya090909 / Tüshär Martolia','Gamshali Uttrakhand','2019-07-05 18:48:51'),(1273,'http://www.uttarakhandtraveller.com/media/uploaded/IMG_20190706_002023.jpg','martoliya090909 / Tüshär Martolia','Sleeping bueaty joshimath','2019-07-05 18:51:46'),(1274,'http://www.uttarakhandtraveller.com/media/uploaded/IMG20190702143823.jpg','Ammy sajwan','Chandrshila tungnath','2019-07-06 17:05:35'),(1275,'http://www.uttarakhandtraveller.com/media/uploaded/IMG20190702140204.jpg','Ammy sajwan','Chandrshila ','2019-07-06 17:06:21'),(1276,'http://www.uttarakhandtraveller.com/media/uploaded/IMG20190630180256.jpg','Ammy sajwan ','Kedar ghati ','2019-07-06 17:07:49'),(1277,'http://www.uttarakhandtraveller.com/media/uploaded/IMG-20190515-WA0116.jpg','Anu shah','Vishnuprayag','2019-07-07 19:05:08'),(1278,'http://www.uttarakhandtraveller.com/media/uploaded/20190707_163430.jpg','Rahul Sharma','Lachhi wala ','2019-07-08 05:47:35'),(1279,'http://www.uttarakhandtraveller.com/media/uploaded/IMG_20190221_201247.JPG','दिनेश बिजल्वाण ','भिलंग क्षेत्र ','2019-07-09 14:15:04'),(1280,'http://www.uttarakhandtraveller.com/media/uploaded/20190528_054015.jpg','गौरव बिजलवान','धनोल्टी, टिहरी गढ़वाल','2019-07-11 05:54:39'),(1281,'http://www.uttarakhandtraveller.com/media/uploaded/DSN_0238-EFFECTS.jpg','Rupendra Singh Negi','Village kulhar pauri gadhwal','2019-07-14 08:43:05'),(1282,'http://www.uttarakhandtraveller.com/media/uploaded/IMG_20190623_101646.jpg','Saurav','Tehri','2019-07-16 12:57:53'),(1283,'http://www.uttarakhandtraveller.com/media/uploaded/IMG_20190623_101620.jpg','Saurav','Surkanda devi mandir tehri','2019-07-18 12:18:58'),(1284,'http://www.uttarakhandtraveller.com/media/uploaded/IMG_20190717_135948.jpg','Vikas Jantwal','Kakrighat..Almora','2019-07-19 16:40:45'),(1285,'http://www.uttarakhandtraveller.com/media/uploaded/B612_20180401_114507.jpg','manojnegi767@gmail.com','Villege matela','2019-07-19 17:15:23'),(1286,'http://www.uttarakhandtraveller.com/media/uploaded/FB_IMG_1476581675396.jpg','manojnegi767@gmail.com','Villege matela','2019-07-19 17:16:02'),(1287,'http://www.uttarakhandtraveller.com/media/uploaded/FB_IMG_1543108298801.jpg','manojnegi767@gmail.com','Villege matela','2019-07-19 17:16:39'),(1288,'http://www.uttarakhandtraveller.com/media/uploaded/IMG-20181127-WA0110.jpg','manojnegi767@gmail.com','Villege matela','2019-07-19 17:20:53'),(1289,'http://www.uttarakhandtraveller.com/media/uploaded/PSX_20181126_082233.jpg','manojnegi767@gmail.com','Villege matela','2019-07-19 17:20:53'),(1290,'http://www.uttarakhandtraveller.com/media/uploaded/PSX_20181126_082114.jpg','manojnegi767@gmail.com','Villege matela','2019-07-19 17:20:53'),(1291,'http://www.uttarakhandtraveller.com/media/uploaded/PSX_20181126_082027.jpg','manojnegi767@gmail.com','Villege matela','2019-07-19 17:20:53'),(1292,'http://www.uttarakhandtraveller.com/media/uploaded/PSX_20181126_082600.jpg','manojnegi767@gmail.com','Villege matela','2019-07-19 17:20:53'),(1293,'http://www.uttarakhandtraveller.com/media/uploaded/IMG-20190605-WA0022.jpg','Annu Bijalwan ','Sidhpeeth maa chanderbadni gehri gadwal ','2019-07-20 01:56:27'),(1294,'http://www.uttarakhandtraveller.com/media/uploaded/IMG20190717185346.jpg','Manoj singh koturi','Binsar ','2019-07-20 08:28:07'),(1295,'http://www.uttarakhandtraveller.com/media/uploaded/IMG20190717185356.jpg','Manojkoturi','Splendid beauty of binsar wildlife sanctuary Almora Uttarakhand','2019-07-20 12:02:47'),(1296,'http://www.uttarakhandtraveller.com/media/uploaded/why-mygate-illustration_quick-setup-09.png','sdfsd','sdcws','2019-08-02 20:59:33'),(1297,'http://www.uttarakhandtraveller.com/media/uploaded/IMG_20190727_171147.jpg','Drx surendra pal','Uttarkashi','2019-08-03 06:27:23'),(1298,'http://www.uttarakhandtraveller.com/media/uploaded/IMG_20190728_160014.jpg','Drx surendra pal','V-Top uttarkashi','2019-08-03 06:30:06'),(1299,'http://www.uttarakhandtraveller.com/media/uploaded/IMG_20181107_155452.jpg','गौरव ','सौनी रानीखेत','2019-08-03 12:56:14'),(1300,'http://www.uttarakhandtraveller.com/media/uploaded/FB_IMG_1564715330383.jpg','Gaurav upadhyay','Sauni ranikhet ','2019-08-03 12:59:33'),(1301,'http://www.uttarakhandtraveller.com/media/uploaded/Screenshot_2019-08-04-19-09-55.png','Suraj singh','पैठाणी राठ (pauri garhwal)','2019-08-04 18:34:59'),(1302,'http://www.uttarakhandtraveller.com/media/uploaded/FB_IMG_15649775920485645.jpg','Suraj singh/ manjul rana','पहाङीयो की पहली पसंद चाय location ( traplisain pauri garhwal)','2019-08-05 04:06:13'),(1303,'http://www.uttarakhandtraveller.com/media/uploaded/IMG_20190607_124138.jpg','Sumit kumar','Badrinath ','2019-08-05 15:59:49'),(1304,'http://www.uttarakhandtraveller.com/media/uploaded/FB_IMG_1539143874242.jpg','Ankit joshi','Vill- bhgtola (dwarahat) distt- almora ','2019-08-05 17:03:09'),(1305,'http://www.uttarakhandtraveller.com/media/uploaded/IMG_20180319_201838.jpg','Ravinder Singh Dhapola Rv ','Chaura , bageshwar','2019-08-06 00:17:34'),(1306,'http://www.uttarakhandtraveller.com/media/uploaded/FB_IMG_15650540912757521.jpg','Suraj joshi sj','Gangotri','2019-08-06 01:17:41'),(1307,'http://www.uttarakhandtraveller.com/media/uploaded/IMG-20190806-WA0043.jpg','Bhuppi Sontyal (Rajpoot)','Serawali mata temple-Sonkhati Ault Almora Uttrakhand','2019-08-06 19:05:57'),(1308,'http://www.uttarakhandtraveller.com/media/uploaded/IMG_20190709_173426~2.jpg','Himanshu Chaudhary','Rudranath Chamoli','2019-08-07 04:05:12'),(1309,'http://www.uttarakhandtraveller.com/media/uploaded/meadows.jpg','Rajeev Singh','mussoorie ','2019-08-07 15:51:10'),(1310,'http://www.uttarakhandtraveller.com/media/uploaded/IMG_20190731_095656_418.jpg','Rohit Negi','Dehradun ','2019-08-07 16:30:16'),(1311,'http://www.uttarakhandtraveller.com/media/uploaded/DSC00592.JPG','Rajeev singh','har ki pouri, haridwar','2019-08-07 17:20:58'),(1312,'http://www.uttarakhandtraveller.com/media/uploaded/20190804_203727.jpg','Spokhriyal014014weel@gmail.com ','Pouri gharwali  chipalghat ','2019-08-08 11:19:02'),(1313,'http://www.uttarakhandtraveller.com/media/uploaded/IMG_20181020_114227.jpg','instagram.com/wiky_mishra/','Nainital','2019-08-09 05:24:43'),(1314,'http://www.uttarakhandtraveller.com/media/uploaded/rishikesh.jpg','Rajeev singh','rishikesh','2019-08-09 07:34:14'),(1315,'http://www.uttarakhandtraveller.com/media/uploaded/IMG-20190809-WA0010.jpg','Suraj singh with manjul rana','Paithani(trapalisain)','2019-08-09 13:39:17'),(1316,'http://www.uttarakhandtraveller.com/media/uploaded/FB_IMG_15192046006989294.jpg','Himanshu Chaudhary','Devprayag Uttrakhand','2019-08-10 02:48:02'),(1317,'http://www.uttarakhandtraveller.com/media/uploaded/24193296-2A59-438D-8C3D-C777F811BE90.jpeg','Yash Kumar','Rishikesh Ram jhula','2019-08-12 04:06:05'),(1318,'http://www.uttarakhandtraveller.com/media/uploaded/FB_IMG_1565538293422.jpg','Mantu Bhai ','Ranikhet','2019-08-12 05:41:45'),(1319,'http://www.uttarakhandtraveller.com/media/uploaded/IMG_20190807_155723.jpg','Mantu bhai','Bagwalipokhar ','2019-08-12 05:50:12'),(1320,'http://www.uttarakhandtraveller.com/media/uploaded/IMG_20190811_173950.jpg','Mantu Bhai','Dwarahat ','2019-08-12 07:38:51'),(1321,'http://www.uttarakhandtraveller.com/media/uploaded/IMG_20190812_105701_970.jpg','Rana Ashu','Palampur (HP)','2019-08-12 07:40:32'),(1322,'http://www.uttarakhandtraveller.com/media/uploaded/FB_IMG_1565595646277.jpg','Mantu Bhai','Pandavkholi ','2019-08-12 07:43:06'),(1323,'http://www.uttarakhandtraveller.com/media/uploaded/FB_IMG_1565595675670.jpg','Mantu Bhai','Home sweet home ','2019-08-12 07:43:39'),(1324,'http://www.uttarakhandtraveller.com/media/uploaded/IMG_20190812_180648.jpg','Mantu Bhai','Ranikhet','2019-08-12 14:20:31'),(1325,'http://www.uttarakhandtraveller.com/media/uploaded/IMG_20190721_232852.jpg','kanchan sen','Haripura,jalasay','2019-08-12 15:55:55'),(1326,'http://www.uttarakhandtraveller.com/media/uploaded/IMG_20190812_212449.jpg','Mukesh kholiya 106','बैजनाथ, गरुड़(बागेश्वर)','2019-08-12 16:39:56'),(1327,'http://www.uttarakhandtraveller.com/media/uploaded/IMG-20190813-WA0020.jpg','Jaspal Bhandari jassi','टिहरी गढ़वाल पीपलडाली पुल ','2019-08-13 08:05:48'),(1328,'http://www.uttarakhandtraveller.com/media/uploaded/IMG-20190813-WA0018.jpg','Jaspal Bhandari jassi','View of tehri lake ...','2019-08-13 08:06:26'),(1329,'http://www.uttarakhandtraveller.com/media/uploaded/IMG_20190809_180022-02.jpeg','Prashantkoranga','Bageshwar','2019-08-13 17:12:54'),(1330,'http://www.uttarakhandtraveller.com/media/uploaded/IMG_1565631707293.jpg','Anil Dhiman','Nainital.','2019-08-14 11:33:34'),(1331,'http://www.uttarakhandtraveller.com/media/uploaded/IMG_20190101_071903.jpg','Subhash bhandari','Pauri Garhwal district, village-Ranswa','2019-08-15 06:19:39'),(1332,'http://www.uttarakhandtraveller.com/media/uploaded/898CAE2E-B193-4296-BA6F-606187C2CBDC.jpeg','Rinkutyagi93','Lansdowne ','2019-08-15 15:34:35'),(1333,'http://www.uttarakhandtraveller.com/media/uploaded/FB_IMG_15658853188000121.jpg','Pankaj Nailwal','Chaukhutia ','2019-08-15 16:09:41'),(1334,'http://www.uttarakhandtraveller.com/media/uploaded/IMG_20180715_100738_927.jpg','Pankaj Nailwal','Agneri mandir Chaukhutia ','2019-08-15 16:10:44'),(1335,'http://www.uttarakhandtraveller.com/media/uploaded/IMG_20190817_171353_101.jpg','Rohit negi','Chamoli banital','2019-08-17 11:45:16'),(1336,'http://www.uttarakhandtraveller.com/media/uploaded/IMG_20190817_171320_817.jpg','Rohit negi','Chamoli banital','2019-08-17 11:45:38'),(1337,'http://www.uttarakhandtraveller.com/media/uploaded/IMG_20190817_171306_615.jpg','Rohit negi','Chamoli banital','2019-08-17 11:45:57'),(1338,'http://www.uttarakhandtraveller.com/media/uploaded/IMG_20190814_150223.jpg','Subhash Bahuguna','Paithani Market','2019-08-17 13:34:40'),(1339,'http://www.uttarakhandtraveller.com/media/uploaded/BeautyPlus_20171125092636_save.jpg',' Ravindra gunsola ',' Tehri Garhwal Ghansali','2019-08-18 03:09:08'),(1340,'http://www.uttarakhandtraveller.com/media/uploaded/IMG-20190704-WA0005.jpg','Gaurav Rawat','Sirala village, pauri garhwal','2019-08-18 05:21:46'),(1341,'http://www.uttarakhandtraveller.com/media/uploaded/IMG20180118114335.jpg','Shubham saini','Himalayan hills ','2019-08-18 10:04:00'),(1342,'http://www.uttarakhandtraveller.com/media/uploaded/IMG_20190810_114012.jpg','Subhash Bahuguna','Lord Shiva Statue, Village Odali, Pauri Garhwal','2019-08-18 15:56:31'),(1343,'http://www.uttarakhandtraveller.com/media/uploaded/20190810_171921.mp4','bake_up_sid','Chopta, Rudraprayag','2019-08-19 08:15:35'),(1344,'http://www.uttarakhandtraveller.com/media/uploaded/LRM_EXPORT_132499347219871_20190813_193957553.jpeg','Rohit Negi. Insta @iam7devil','Dehradun ','2019-08-19 09:11:09'),(1345,'http://www.uttarakhandtraveller.com/media/uploaded/IMG_20190304_153632~2.jpg','Rajat bisht','Kosi ,almora','2019-08-19 12:16:35'),(1346,'http://www.uttarakhandtraveller.com/media/uploaded/IMG_20190707_064632~2.jpg','Rajat bisht','Tunganath','2019-08-19 12:18:37'),(1347,'http://www.uttarakhandtraveller.com/media/uploaded/IMG-20190818-WA0006.jpeg','R P BisHt ','Nanoli Almora ','2019-08-20 06:44:12'),(1348,'http://www.uttarakhandtraveller.com/media/uploaded/DSC_0104.JPG','Jeevan Kirola','Village Kiroli','2019-08-20 13:17:59'),(1349,'http://www.uttarakhandtraveller.com/media/uploaded/Screenshot_2019-08-20-22-35-08-1.png','Vinod rwt with suraj singh.','Butterfly this season pic ','2019-08-20 17:16:13'),(1350,'http://www.uttarakhandtraveller.com/media/uploaded/FB_IMG_15604156036823343.jpg','Sumit bisht','Almora uttarakhand','2019-08-20 18:39:36'),(1351,'http://www.uttarakhandtraveller.com/media/uploaded/DSC02910.JPG','poppinder','camels back Road Mussorie','2019-08-21 05:03:45'),(1352,'http://www.uttarakhandtraveller.com/media/uploaded/DSC02901.JPG','poppinder','camels back Road Mussorie','2019-08-21 05:03:45'),(1353,'http://www.uttarakhandtraveller.com/media/uploaded/chakrata sunrise.jpg','','CHAKRATA ','2019-08-21 05:05:23'),(1354,'http://www.uttarakhandtraveller.com/media/uploaded/IMG_20190606_142007.jpg','Satendra tiger (sawar dewal)','Baidani bugyal ...the peck','2019-08-21 11:43:57'),(1355,'http://www.uttarakhandtraveller.com/media/uploaded/0ED3CEDB-BEAF-43B7-B107-201D110FBA84.jpeg','Deepak Kumar','Bhimtal view','2019-08-22 02:09:00'),(1356,'http://www.uttarakhandtraveller.com/media/uploaded/IMG_20190821_092715_HDR.jpg','Ravi Dhapola','Haldwani railway station ','2019-08-22 03:41:46'),(1357,'http://www.uttarakhandtraveller.com/media/uploaded/IMG_20190822_110433.png','iamaasharautela','Nainital','2019-08-22 05:36:37'),(1358,'http://www.uttarakhandtraveller.com/media/uploaded/WhatsApp Image 2017-12-28 at 21.05.11.jpeg','Rajbeer Singh','Uttarkashi, Uttarakhand','2019-08-22 06:10:03'),(1359,'http://www.uttarakhandtraveller.com/media/uploaded/35463512_1988182377894329_5696825727853264896_n.jpg','Rajbeer Singh','Uttarkashi, Uttarakhand','2019-08-22 06:14:01'),(1360,'http://www.uttarakhandtraveller.com/media/uploaded/IMG_20190731_150552134_HDR.jpg','Bhupesh giri goswami Instagram -bhupezz','NAINITAL','2019-08-22 08:15:06'),(1361,'http://www.uttarakhandtraveller.com/media/uploaded/215C6613-D80E-4BF6-AFF1-E400678C6BF9.jpeg','Vivek Diwan ','First gear cafe Dehradun ','2019-08-22 16:15:13'),(1362,'http://www.uttarakhandtraveller.com/media/uploaded/FB_IMG_1539143874242.jpg','Ankit joshi','Vill- bhgtola (dwarahat) distt- almora ','2019-08-24 08:55:52'),(1363,'http://www.uttarakhandtraveller.com/media/uploaded/IMG_20190811_181308.jpg','Chauhanshivam561','RishiKesh','2019-08-25 08:22:53'),(1364,'http://www.uttarakhandtraveller.com/media/uploaded/LRM_EXPORT_92473250119513_20190824_205811503.jpeg','Nitesh naudiyal','Bhadraj temple near mussorie','2019-08-25 09:19:33'),(1365,'http://www.uttarakhandtraveller.com/media/uploaded/IMG_20190814_111457.jpg','pramodb7','manan almora','2019-08-25 10:28:50'),(1366,'http://www.uttarakhandtraveller.com/media/uploaded/FB_IMG_15668253078510394.jpg','Sumit bisht','Kakrighat almora','2019-08-26 13:43:05'),(1367,'http://www.uttarakhandtraveller.com/media/uploaded/IMG_20190531_123532.jpg','','Jai ho ','2019-08-26 16:59:34'),(1368,'http://www.uttarakhandtraveller.com/media/uploaded/34448','Harjeet Grewal ','Nainital ','2019-08-27 07:14:06'),(1369,'http://www.uttarakhandtraveller.com/media/uploaded/IMG-20190827-WA0006.jpg','Shubham painuli','Tehri jheel','2019-08-27 08:50:20'),(1370,'http://www.uttarakhandtraveller.com/media/uploaded/IMG-20190827-WA0005.jpg','Shubham painuli','Tehri','2019-08-27 08:51:31'),(1371,'http://www.uttarakhandtraveller.com/media/uploaded/IMG_20190618_184345-01.jpeg','Suraj negi ','Rudraprayag in Uttarakhand ','2019-08-27 13:14:15'),(1372,'http://www.uttarakhandtraveller.com/media/uploaded/20190827_222456.jpg','Ankit joshi','Dwarahat','2019-08-27 16:59:08'),(1373,'http://www.uttarakhandtraveller.com/media/uploaded/IMG_20190627_124828.jpg','satendra bisht','Tungnath top view...','2019-08-29 07:24:13'),(1374,'http://www.uttarakhandtraveller.com/media/uploaded/IMG_20190627_125036.jpg','satendra bisht','Tungnath top view...','2019-08-29 07:24:13'),(1375,'http://www.uttarakhandtraveller.com/media/uploaded/IMG_20190627_140429.jpg','satendra bisht','Tungnath top view...','2019-08-29 07:24:13'),(1376,'http://www.uttarakhandtraveller.com/media/uploaded/FB_IMG_15641452658906203.jpg','Mukeshkholiya106','बैजनाथ, गरुड़(बागेश्वर)','2019-08-29 11:17:20'),(1377,'http://www.uttarakhandtraveller.com/media/uploaded/IMG_20190829_184854.jpg','VijayChauhan4406','Joshimath, Singdhar','2019-08-31 00:52:46'),(1378,'http://www.uttarakhandtraveller.com/media/uploaded/Screenshot_2019-06-22-14-49-05.png','','Auli uttrakhnd .pics by pankaj kumar. Grur bageswr','2019-08-31 06:44:24'),(1379,'http://www.uttarakhandtraveller.com/media/uploaded/IMG-20190827-WA0007.jpg','Shubham painuli','Tehri lakev','2019-09-01 10:42:15'),(1380,'http://www.uttarakhandtraveller.com/media/uploaded/IMG_20190826_160206.jpg','the_silent_chiller','chandak','2019-09-02 12:36:00'),(1381,'http://www.uttarakhandtraveller.com/media/uploaded/IMG_20190826_153748.jpg','the_silent_chiller','Pithoragarh','2019-09-02 12:37:27'),(1382,'http://www.uttarakhandtraveller.com/media/uploaded/IMG_20190823_173723.jpg','the_silent_chiller','Haldwani','2019-09-02 12:40:21'),(1383,'http://www.uttarakhandtraveller.com/media/uploaded/IMG_20190827_175736.jpg','the_silent_chiller','Pithoragarh','2019-09-02 12:40:48'),(1384,'http://www.uttarakhandtraveller.com/media/uploaded/IMG_20190827_180249.jpg','the_silent_chiller','Pithoragarh','2019-09-02 13:17:27'),(1385,'http://www.uttarakhandtraveller.com/media/uploaded/IMG_20190904_101720.jpg','Akash Prajapati','Tungnath, chopta','2019-09-04 04:50:39'),(1386,'http://www.uttarakhandtraveller.com/media/uploaded/IMG_20190904_102414.jpg','Akash Prajapati','Tungnath Trek','2019-09-04 04:55:14'),(1387,'http://www.uttarakhandtraveller.com/media/uploaded/DSC_0345.jpg','Himanshu negi','चौखम्भा पर्वत,  (मध्य हिमालय) बूढ़ा मध्यमहेश्वर,  ','2019-09-04 13:50:48'),(1388,'http://www.uttarakhandtraveller.com/media/uploaded/IMG20190423103012.jpg','कपिल शर्मा( उप मेरठ)','ऋषिकेश','2019-09-05 17:35:41'),(1389,'http://www.uttarakhandtraveller.com/media/uploaded/IMG-20190906-WA0045.jpg','Bhaskar goswami','Gapani bageshwar','2019-09-06 10:04:34'),(1390,'http://www.uttarakhandtraveller.com/media/uploaded/IMG-20190906-WA0034.jpg','Bhaskar goswami','Gapani bageshwar','2019-09-06 10:06:44'),(1391,'http://www.uttarakhandtraveller.com/media/uploaded/IMG_20180625_092259_593.jpg','Ankit joshi','Dwaraht (almora)','2019-09-07 10:59:13'),(1392,'http://www.uttarakhandtraveller.com/media/uploaded/IMG20190705063650.jpg','Nikhil Pandey ','Bhimtal  lake ','2019-09-07 17:25:28'),(1393,'http://www.uttarakhandtraveller.com/media/uploaded/IMG_20180830_111723_988.jpg','@ankit9084','Dwaraht (almora)','2019-09-09 01:52:08'),(1394,'http://www.uttarakhandtraveller.com/media/uploaded/IMG_20181110_121239923~3.jpg','Divyansh Bangwal','Dhauntri , Uttarkashi','2019-09-09 16:50:05'),(1395,'http://www.uttarakhandtraveller.com/media/uploaded/IMG_20190910_154425.jpg','Palvi Arya','Way to Haldwani','2019-09-10 21:52:49'),(1396,'http://www.uttarakhandtraveller.com/media/uploaded/A+ Gallery_12.jpg','Santosh negi ','Village pungaow district chomoli Uttarakhand ','2019-09-11 15:04:02'),(1397,'http://www.uttarakhandtraveller.com/media/uploaded/IMG_20180307_071843-01_1568254227844-01.jpeg','Abhishek Joshi','Pauri Garhwal','2019-09-12 02:17:28'),(1398,'http://www.uttarakhandtraveller.com/media/uploaded/IMG_20190622_153226.jpg','Ramakant Bahuguna','Badrinath mana Bashudhra','2019-09-12 07:13:56'),(1399,'http://www.uttarakhandtraveller.com/media/uploaded/VID_156890907_053807_442.mp4','Ankit joshi','Garam pani (almora)','2019-09-12 15:45:42'),(1400,'http://www.uttarakhandtraveller.com/media/uploaded/SquareFit_20190526_123743.jpg','Aryan','Delhi','2019-09-13 19:15:48'),(1401,'http://www.uttarakhandtraveller.com/media/uploaded/IMG_20190528_134818_HDR.jpg','Aryan','Delhi','2019-09-13 19:16:20'),(1402,'http://www.uttarakhandtraveller.com/media/uploaded/20190703_090117.jpg','Rakesh Joshi','Khaliya top in Munsyari','2019-09-18 16:59:09'),(1403,'http://www.uttarakhandtraveller.com/media/uploaded/IMG-20190906-WA0071.jpg','Montu rock rawat','Vedni track ','2019-09-18 21:54:58'),(1404,'http://www.uttarakhandtraveller.com/media/uploaded/IMG_20190904_145940.jpg','Montu rock rawat','Brham kamal','2019-09-18 21:58:17'),(1405,'http://www.uttarakhandtraveller.com/media/uploaded/EDB9F0CC-32D6-42B9-BE5C-C350DE5E794D.jpeg','Adv Aayan','Tiffin top , nainital ','2019-09-19 10:00:15'),(1406,'http://www.uttarakhandtraveller.com/media/uploaded/DSC_0683~2.JPG','Sanjay Kandpal','Dehradun, FRI','2019-09-20 05:29:35'),(1407,'http://www.uttarakhandtraveller.com/media/uploaded/IMG_20190718_102543~2.jpg','Sanjay Kandpal','Kanchi dham','2019-09-20 05:32:45'),(1408,'http://www.uttarakhandtraveller.com/media/uploaded/IMG_20190918_233757.jpg','Vip','Dhaijuli pauri garhwal','2019-09-20 15:30:47'),(1409,'http://www.uttarakhandtraveller.com/media/uploaded/IMG_20190918_234544.jpg','Vip','Auli','2019-09-20 15:31:43'),(1410,'http://www.uttarakhandtraveller.com/media/uploaded/IMG_20190628_140106.jpg','mayankrawat925','Tunganath Track','2019-09-21 13:43:26'),(1411,'http://www.uttarakhandtraveller.com/media/uploaded/IMG_20190627_153534.jpg','mayankrawat925','Kedarnath Temple','2019-09-21 13:46:15'),(1412,'http://www.uttarakhandtraveller.com/media/uploaded/IMG_20190627_153024.jpg','mayankrawat925','Kedarnath Valley','2019-09-21 13:49:54'),(1413,'http://www.uttarakhandtraveller.com/media/uploaded/FB_IMG_15689911051327230.jpg','Dx kunwar','Bageshwar','2019-09-21 15:48:56'),(1414,'http://www.uttarakhandtraveller.com/media/uploaded/FB_IMG_15689911158303117.jpg','Dx kunwar','Bageshwar','2019-09-21 15:48:56'),(1415,'http://www.uttarakhandtraveller.com/media/uploaded/FB_IMG_15689911110257776.jpg','Dx kunwar','Bageshwar','2019-09-21 15:48:56'),(1416,'http://www.uttarakhandtraveller.com/media/uploaded/69720770_2369259599964116_2422310685351346176_n.jpg','Pramod uniyal','Chamba tehri garhwal','2019-09-25 02:24:06'),(1417,'http://www.uttarakhandtraveller.com/media/uploaded/20190803_143800.jpg','KailashiPiyush ','Badrinath 03Aug','2019-09-27 03:24:28'),(1418,'http://www.uttarakhandtraveller.com/media/uploaded/1.jpg','','1','2019-10-01 02:55:49'),(1419,'http://www.uttarakhandtraveller.com/media/uploaded/1.jpg','','1','2019-10-01 02:56:03'),(1420,'http://www.uttarakhandtraveller.com/media/uploaded/1.jpg','','1','2019-10-01 02:56:10'),(1421,'http://www.uttarakhandtraveller.com/media/uploaded/1.jpg','','1','2019-10-01 02:56:13'),(1422,'http://www.uttarakhandtraveller.com/media/uploaded/1.jpg','','1','2019-10-01 02:56:17'),(1423,'http://www.uttarakhandtraveller.com/media/uploaded/1.jpg','','1','2019-10-01 02:56:21'),(1424,'http://www.uttarakhandtraveller.com/media/uploaded/FB_IMG_15695785367126564.jpg','Mukeshkholiya106','बैजनाथ, गरुड़(बागेश्वर)','2019-10-03 02:39:21'),(1425,'http://www.uttarakhandtraveller.com/media/uploaded/IMG_20191003_095436.jpg','Ajay singh','कुमाऊं एवं गढ़वाल प्रवेश द्वार पांडुवाखाल सिमलखेत (अल्मोड़ा)','2019-10-03 04:30:42'),(1426,'http://www.uttarakhandtraveller.com/media/uploaded/FB_IMG_15704323603668097.jpg','Suraj singh (me)','अर्धनारीश्वर धाम मजरा महादेव  (पौङी गढ़वाल )','2019-10-07 07:19:55'),(1427,'http://www.uttarakhandtraveller.com/media/uploaded/IMG_20191007_151819076_HDR.jpg','Manoj Rajput','Kedarnath','2019-10-12 10:11:56'),(1428,'http://www.uttarakhandtraveller.com/media/uploaded/IMG_20190124_084123_882.jpg','Ankit joshi','Bhimtal','2019-10-13 14:40:11'),(1429,'http://www.uttarakhandtraveller.com/media/uploaded/20190622_145517.jpg','KailashiPiyush','Madhyamaheshwar','2019-10-14 17:44:13'),(1430,'http://www.uttarakhandtraveller.com/media/uploaded/LRM_EXPORT_238960115565411_20191016_081049508.jpeg','Dheeraj Singh Gusain ','On the way to Gaumukh ','2019-10-16 11:14:42'),(1431,'http://www.uttarakhandtraveller.com/media/uploaded/IMG_20191102_171004.JPG','दिनेश बिजल्वाण ','अखोड़ी ','2019-11-02 12:04:54'),(1432,'http://www.uttarakhandtraveller.com/media/uploaded/IMG_20191030_022548_573.jpg','Deepak Singh Mudila','Ghurdauri,Pauri','2019-11-04 08:36:45'),(1433,'http://www.uttarakhandtraveller.com/media/uploaded/LRM_EXPORT_112580103076865_20191103_135257971.jpeg','vishvdeep_saini','Kedarnath','2019-11-06 12:06:25'),(1434,'http://www.uttarakhandtraveller.com/media/uploaded/IMG_20191011_115326.jpg','Tanmay Bhatt','Nainital','2019-11-07 04:51:11'),(1435,'http://www.uttarakhandtraveller.com/media/uploaded/IMG_20191012_111208.jpg','Tanmay Bhatt','Nainital','2019-11-07 04:51:11'),(1436,'http://www.uttarakhandtraveller.com/media/uploaded/IMG_20191011_115151.jpg','Tanmay Bhatt','Nainital','2019-11-07 04:51:11'),(1437,'http://www.uttarakhandtraveller.com/media/uploaded/IMG_20191011_115326.jpg','Tanmay Bhatt','Nainital','2019-11-07 05:15:24'),(1438,'http://www.uttarakhandtraveller.com/media/uploaded/IMG_20191012_111208.jpg','Tanmay Bhatt','Nainital','2019-11-07 05:15:24'),(1439,'http://www.uttarakhandtraveller.com/media/uploaded/IMG_20191011_115151.jpg','Tanmay Bhatt','Nainital','2019-11-07 05:15:24'),(1440,'http://www.uttarakhandtraveller.com/media/uploaded/image_search_1573103664816.jpg','Tanmay Bhatt','Nainital','2019-11-07 05:16:05'),(1441,'http://www.uttarakhandtraveller.com/media/uploaded/image_search_1573103573053.jpg','Tanmay Bhatt','Nainital','2019-11-07 05:16:05'),(1442,'http://www.uttarakhandtraveller.com/media/uploaded/LRM_EXPORT_297042907291113_20190609_010909903.jpeg','vishvdeep_saini','Kedarnath','2019-11-07 08:40:48'),(1443,'http://www.uttarakhandtraveller.com/media/uploaded/IMG20190812060243.jpg','Harry mehta','Bhojwasa near gomukh','2019-11-13 13:59:11'),(1444,'http://www.uttarakhandtraveller.com/media/uploaded/IMG20190811082254.jpg','Harry mehta','Malla village bhatwari tehsil; district Uttarkashi. Way to gangotri','2019-11-13 14:09:53'),(1445,'http://www.uttarakhandtraveller.com/media/uploaded/IMG_20190629_182214_581.jpg','Harry mehta','Bhalugarh waterfall near mukteshwar nainital','2019-11-13 14:11:22'),(1446,'http://www.uttarakhandtraveller.com/media/uploaded/image_search_1573103573053.jpg','Tanmay Bhatt','Nainital','2019-11-14 11:58:46'),(1447,'http://www.uttarakhandtraveller.com/media/uploaded/Screenshot_2019-11-07-10-07-40-488_com.miui.gallery.png','Tanmay Bhatt','Nainital','2019-11-14 11:58:46'),(1448,'http://www.uttarakhandtraveller.com/media/uploaded/inbound5746843581185448956.jpg','Pradeep Jadon Rajpoot','Mussoorie ','2019-11-14 14:01:08'),(1449,'http://www.uttarakhandtraveller.com/media/uploaded/inbound6062186193989936249.jpg','Pradeep Jadon Rajpoot','Mussoorie ','2019-11-14 14:26:09'),(1450,'http://www.uttarakhandtraveller.com/media/uploaded/IMG_20191116_103505.jpg','Abhinavbarthwal','Sahastradhara dehradun uttrakhand ','2019-11-17 02:54:40'),(1451,'http://www.uttarakhandtraveller.com/media/uploaded/IMG_20191117_082902.jpg','Abhinavbarthwal','Malhari village niti valley','2019-11-17 03:08:02'),(1452,'http://www.uttarakhandtraveller.com/media/uploaded/IMG_20191117_082833.jpg','Abhinavbarthwal','Shikhar fall road dehradun','2019-11-17 03:09:56'),(1453,'http://www.uttarakhandtraveller.com/media/uploaded/IMG_20191117_084110.jpg','Abhinavbarthwal','Winter games Auli ','2019-11-17 03:12:07'),(1454,'http://www.uttarakhandtraveller.com/media/uploaded/IMG_20191117_084255.jpg','Abhinavbarthwal','Chaukhamba peak from chandershilla tungnath ','2019-11-17 03:14:24'),(1455,'http://www.uttarakhandtraveller.com/media/uploaded/inbound6900653607183827179.jpg','Yogesh kaira yogi','Binta almora uttrakhand','2019-11-18 14:03:24'),(1456,'http://www.uttarakhandtraveller.com/media/uploaded/inbound8156038127105611425.jpg','Yogesh kaira yogi','Golu devta temple Binta almora uttrakhand','2019-11-18 14:07:48'),(1457,'http://www.uttarakhandtraveller.com/media/uploaded/inbound7798751302486126181.jpg','Yogesh kaira yogi','बिन्ता अल्मोड़ा','2019-11-25 01:12:12'),(1458,'http://www.uttarakhandtraveller.com/media/uploaded/inbound7851092475127255332.png','Yogesh kaira yogi','बिन्ता अल्मोड़ा उत्तराखंड','2019-11-25 01:13:50'),(1459,'http://www.uttarakhandtraveller.com/media/uploaded/inbound7488115823976009375.jpg','Yogesh kaira yogi','गोलू देवता मंदिर बिन्ता','2019-11-25 01:16:45'),(1460,'http://www.uttarakhandtraveller.com/media/uploaded/inbound2024861640305763588.jpg','Yogesh kaira yogi','दुनागिरी बिन्ता अल्मोड़ा','2019-11-25 01:18:05'),(1461,'http://www.uttarakhandtraveller.com/media/uploaded/LRM_EXPORT_189638173557719_20191125_222751808.jpeg','@Vishnugaurav18','Basukedar','2019-11-26 13:34:25'),(1462,'http://www.uttarakhandtraveller.com/media/uploaded/DSC_1200~2.JPG','Sanjay Kandpal Sk','Dehradun','2019-11-28 01:45:55'),(1463,'http://www.uttarakhandtraveller.com/media/uploaded/IMG_20190923_125244_HDR~2.jpg','Sanjay Kandpal Sk','Nanakmatta -Nanak sagar','2019-11-28 01:47:12'),(1464,'http://www.uttarakhandtraveller.com/media/uploaded/IMG_20191117_060725.jpg','Rajeev singh','Badrinath ','2019-12-05 06:16:08'),(1465,'http://www.uttarakhandtraveller.com/media/uploaded/IMG_20191117_073102.jpg','Rajeev singh','Badrinath ','2019-12-05 06:17:25'),(1466,'http://www.uttarakhandtraveller.com/media/uploaded/inbound3256254454861528846.jpg','भुवन पांडे','बिलोना बागेश्वर','2019-12-06 16:54:53'),(1467,'http://www.uttarakhandtraveller.com/media/uploaded/C43ACA9E-F297-425E-BCCC-8492A7BAFBD9.jpeg','Matwar Singh Negi','Urgam Valley Joshimath Chamoli ','2019-12-06 20:10:54'),(1468,'http://www.uttarakhandtraveller.com/media/uploaded/inbound3083682474489965557.jpg','Rajeev singh','Maa Dhari devi temple','2019-12-09 16:08:56'),(1469,'http://www.uttarakhandtraveller.com/media/uploaded/inbound2503050184556088154.jpg','Arslan Photography','Binsar Almora ','2019-12-14 16:59:05'),(1470,'http://www.uttarakhandtraveller.com/media/uploaded/inbound4802211015524412237.jpg','ArslanPhotography','Binsar Almora ','2019-12-14 16:59:40'),(1471,'http://www.uttarakhandtraveller.com/media/uploaded/inbound632029634805547396.jpg','Arslan Khan ','कसारदेवी अल्मोड़ा से त्रिशूल पर्वत का सुन्दर दृश्य ।।❤️❤️  ','2019-12-17 09:12:25'),(1472,'http://www.uttarakhandtraveller.com/media/uploaded/inbound7859702807197956325.jpg','Monu bhatt','Morning view #Gurna#Pithoragarh','2019-12-19 12:09:17'),(1473,'http://www.uttarakhandtraveller.com/media/uploaded/inbound4050386440450096244.jpg','Monu bhatt','Om parvat ','2019-12-19 12:11:36'),(1474,'http://www.uttarakhandtraveller.com/media/uploaded/inbound5602345713446640922.jpg','Rudraksh Sah','Champawat','2020-01-14 01:21:49'),(1475,'http://www.uttarakhandtraveller.com/media/uploaded/inbound5181401656970034123.mp4','Prashant Singh Deopa ','Champawat ','2020-01-17 09:48:20'),(1476,'http://www.uttarakhandtraveller.com/media/uploaded/inbound5635553276896078614.mp4','Gaurav Pandey ','Champawat ','2020-01-17 09:49:06'),(1477,'http://www.uttarakhandtraveller.com/media/uploaded/IMG_20191215_103523.jpg','Vijendra tomer','Auli, uttarakhand','2020-01-20 05:30:12'),(1478,'http://www.uttarakhandtraveller.com/media/uploaded/IMG_20191214_111937.jpg','Vijendra Tomer','Chamoli','2020-01-20 07:42:27'),(1479,'http://www.uttarakhandtraveller.com/media/uploaded/IMG_20191214_111937.jpg','Vijendra Tomer','Pipalkoti uttarakhand','2020-01-21 06:29:47'),(1480,'http://www.uttarakhandtraveller.com/media/uploaded/inbound4527203817230388085.mp4','Navdeep Aswal','Dhanaulti','2020-01-21 09:31:43'),(1481,'http://www.uttarakhandtraveller.com/media/uploaded/inbound4527203817230388085.mp4','Navdeep Aswal','Dhanaulti','2020-01-21 09:31:45'),(1482,'http://www.uttarakhandtraveller.com/media/uploaded/Screenshot_2020-01-22-13-52-39-1.png','Suraj singh ','पैठाणी पौङी गढ़वाल ','2020-01-22 08:48:09'),(1483,'http://www.uttarakhandtraveller.com/media/uploaded/Screenshot_2020-01-22-13-52-39-1.png','Suraj singh ','पैठाणी पौङी गढ़वाल ','2020-01-22 08:48:16'),(1484,'http://www.uttarakhandtraveller.com/media/uploaded/IMG_20191215_095942.jpg','Vijendra tomer','Auli uttarakhand','2020-01-23 07:45:27'),(1485,'http://www.uttarakhandtraveller.com/media/uploaded/inbound3515930952724362590.jpg','Rahul Semwal','Vill. Gujetha, Tehri Garhwal','2020-01-23 09:26:17'),(1486,'http://www.uttarakhandtraveller.com/media/uploaded/inbound2702551447218715333.jpg','राहुल सेमवाल','घन्डयाल देवता, गुजेठा गाँव ','2020-01-23 09:29:18'),(1487,'http://www.uttarakhandtraveller.com/media/uploaded/inbound2712963417351723781.jpg','Greywolf.media','Harsil','2020-01-24 06:18:28'),(1488,'http://www.uttarakhandtraveller.com/media/uploaded/inbound3941660430897994877.jpg','Greywolf.media','Harsil','2020-01-24 06:23:54'),(1489,'http://www.uttarakhandtraveller.com/media/uploaded/inbound7505602729061113162.jpg','Greywolf.media','Harsil','2020-01-24 06:27:39'),(1490,'http://www.uttarakhandtraveller.com/media/uploaded/inbound2509595334251965642.jpg','Greywolf.media','Harsil','2020-01-24 06:28:15'),(1491,'http://www.uttarakhandtraveller.com/media/uploaded/inbound543741791695045245.jpg','Greywolf.media','Rishikesh','2020-01-24 06:29:29'),(1492,'http://www.uttarakhandtraveller.com/media/uploaded/TRIM_20200127_233625.mp4','OLIVE BLUE you tube channel','TEHRI GARHWAL, UTTARAKHAND','2020-01-27 18:43:14'),(1493,'http://www.uttarakhandtraveller.com/media/uploaded/IMG-20191229-WA0031.jpg','@tushar._.martolia','Gamshali village.joshimath UTTRAKHAND','2020-01-31 06:03:10'),(1494,'http://www.uttarakhandtraveller.com/media/uploaded/inbound8079355057281332189.jpg','Shekhar negi','Bhairav ghati gangotri dham','2020-01-31 16:54:13'),(1495,'http://www.uttarakhandtraveller.com/media/uploaded/IMG-20191230-WA0018.jpg','Insta- Gouravunpredictable','Munsiyari','2020-02-08 19:35:59'),(1496,'http://www.uttarakhandtraveller.com/media/uploaded/inbound8731709565347422863.jpg','@kvxclicks','Nainital','2020-02-09 23:34:24'),(1497,'http://www.uttarakhandtraveller.com/media/uploaded/inbound6991001335401669125.jpg','@kvxclicks','Kausani','2020-02-09 23:36:12'),(1498,'http://www.uttarakhandtraveller.com/media/uploaded/inbound3553546522741496293.jpg','@kvxclicks','Kausani','2020-02-09 23:37:59'),(1499,'http://www.uttarakhandtraveller.com/media/uploaded/IMG_20200209_132527.jpg','Prashant Patwal','Khairna','2020-02-14 13:57:32'),(1500,'http://www.uttarakhandtraveller.com/media/uploaded/IMG_20200130_103531.jpg','Prashant Patwal','Ranikhet','2020-02-14 13:59:59'),(1501,'http://www.uttarakhandtraveller.com/media/uploaded/IMG_20200130_103239.jpg','Prashant Patwal','Ranikhet','2020-02-14 14:00:47'),(1502,'http://www.uttarakhandtraveller.com/media/uploaded/inbound8055898504613570803.jpg','vishvdeep_saini','Chakrata','2020-02-17 08:05:39'),(1503,'http://www.uttarakhandtraveller.com/media/uploaded/inbound2926040121826078459.jpg','Rudraksh sah','Champawat','2020-02-19 03:21:58'),(1504,'http://www.uttarakhandtraveller.com/media/uploaded/inbound9100340602061176669.jpg','Siddharth Gusain ','Pauri garhwal ','2020-02-19 11:37:20'),(1505,'http://www.uttarakhandtraveller.com/media/uploaded/62C1403E-C26E-4A2D-A423-6D990A8BF262.jpeg','Vinay Bansal , @we_ne_bansal','Kedarnath, sangam','2020-02-19 11:44:53'),(1506,'http://www.uttarakhandtraveller.com/media/uploaded/9C2A8CB1-183D-44B8-B036-9BE16D04D2F0.jpeg','Vinay Bansal , @we_ne_bansal','Kedarnath, sangam','2020-02-19 11:44:53'),(1507,'http://www.uttarakhandtraveller.com/media/uploaded/798EBE0A-37CF-47E0-80ED-B6D8550B39B4.jpeg','Vinay Bansal , @we_ne_bansal','Kedarnath, sangam','2020-02-19 11:44:53'),(1508,'http://www.uttarakhandtraveller.com/media/uploaded/5B9D26DD-6028-4E72-85B0-D621F9ADAFAF.jpeg','Vinay Bansal , @we_ne_bansal','Kedarnath, sangam','2020-02-19 11:44:53'),(1509,'http://www.uttarakhandtraveller.com/media/uploaded/313F3AB6-4702-45F9-93D7-938270BD9FA2.jpeg','Vinay Bansal , @we_ne_bansal','Kedarnath, sangam','2020-02-19 11:44:53'),(1510,'http://www.uttarakhandtraveller.com/media/uploaded/B735CA57-FA7D-456F-B64C-5305DE52F373.jpeg','Vinay Bansal , @we_ne_bansal','Kedarnath, sangam','2020-02-19 11:44:53'),(1511,'http://www.uttarakhandtraveller.com/media/uploaded/83B4DBDC-1CF0-4811-89B4-8A1117C378E2.jpeg','Vinay Bansal , @we_ne_bansal','Kedarnath, sangam','2020-02-19 11:44:53'),(1512,'http://www.uttarakhandtraveller.com/media/uploaded/75681015-4731-45A5-AD7D-8C89A272AF13.jpeg','Vinay Bansal , @we_ne_bansal','Kedarnath, sangam','2020-02-19 11:44:53'),(1513,'http://www.uttarakhandtraveller.com/media/uploaded/9BAC6830-5900-4AFE-A5D4-B9550F21EC4D.jpeg','Vinay Bansal , @we_ne_bansal','Kedarnath, sangam','2020-02-19 11:44:53'),(1514,'http://www.uttarakhandtraveller.com/media/uploaded/9C212A80-DEA7-426A-B9F4-DE01319E57F2.jpeg','Vinay Bansal , @we_ne_bansal','Kedarnath, sangam','2020-02-19 11:44:53'),(1515,'http://www.uttarakhandtraveller.com/media/uploaded/465CF99D-08BB-4A02-8D5A-9E637F6911D8.jpeg','Vinay Bansal , @we_ne_bansal','Kedarnath, sangam','2020-02-19 11:44:53'),(1516,'http://www.uttarakhandtraveller.com/media/uploaded/562A98BD-2F82-4638-A30E-58F53C28B8F5.jpeg','Vinay Bansal , @we_ne_bansal','Kedarnath, sangam','2020-02-19 11:44:53'),(1517,'http://www.uttarakhandtraveller.com/media/uploaded/inbound5234040572359718107.jpg','Me.sharmanomish','National highway 58 , devpRayag','2020-02-19 12:01:57'),(1518,'http://www.uttarakhandtraveller.com/media/uploaded/IMG_20191218_170954-01.jpeg','Piyush bhandari','Jharipani, Mussoorie','2020-02-20 03:26:00'),(1519,'http://www.uttarakhandtraveller.com/media/uploaded/inbound1934696401.jpg','rawatsantosh','Sitonsyun valley','2020-03-01 13:24:41'),(1520,'http://www.uttarakhandtraveller.com/media/uploaded/Munsyari Trip.jpg','vanshit_kirmoliya','Munsyari','2020-03-02 10:36:33'),(1521,'http://www.uttarakhandtraveller.com/media/uploaded/Munsyari Trip2.jpg','vanshit_kirmoliya','Munsyari, Uttarakhand','2020-03-02 10:39:00'),(1522,'http://www.uttarakhandtraveller.com/media/uploaded/inbound8691485462657404895.jpg','rritu340@','Simli Chamoli Uttarakhand','2020-03-02 14:20:23'),(1523,'http://www.uttarakhandtraveller.com/media/uploaded/inbound932196841637937609.jpg','rritu340@','Simli Chamoli','2020-03-02 14:22:05'),(1524,'http://www.uttarakhandtraveller.com/media/uploaded/20200303_001143.jpg','Krityansh Singh','Nanital,Uttrakhand','2020-03-02 18:46:30'),(1525,'http://www.uttarakhandtraveller.com/media/uploaded/inbound5328664385368413024.jpg','Manoj','Near dhanachuli ','2020-03-03 12:23:12'),(1526,'http://www.uttarakhandtraveller.com/media/uploaded/inbound5168791860615162801.jpg','Somil_jain_sj','Triveni ghat rishikesh','2020-03-06 02:27:06'),(1527,'http://www.uttarakhandtraveller.com/media/uploaded/inbound5868455822783663158.jpg','','Kotdwara','2020-03-08 05:25:15'),(1528,'http://www.uttarakhandtraveller.com/media/uploaded/IMG_20190625_121926.jpg','tanuj_bisht48','Vedni Bugal,Chamoli','2020-03-08 07:13:24'),(1529,'http://www.uttarakhandtraveller.com/media/uploaded/inbound2499171577222100137.jpg','rritu340@','Simli Chamoli Uttarakhand','2020-03-09 12:30:49'),(1530,'http://www.uttarakhandtraveller.com/media/uploaded/inbound8881004560276905941.jpg','rritu340','Simli Chamoli','2020-03-09 12:37:31'),(1531,'http://www.uttarakhandtraveller.com/media/uploaded/inbound4145610803446788498.jpg','Rohit','Almora','2020-03-09 19:17:16'),(1532,'http://www.uttarakhandtraveller.com/media/uploaded/IMG_20200310_004356_476.jpg','Rohit rawat','Almora','2020-03-09 19:17:25'),(1533,'http://www.uttarakhandtraveller.com/media/uploaded/20180819_163856.jpg','@ayushjoshi8075','1st pic - Mussoorie, Uttarakhand 2nd- Surkanda Devi Temple, Mussoorie','2020-03-12 13:39:15'),(1534,'http://www.uttarakhandtraveller.com/media/uploaded/PSX_20191111_213648 (2).jpg','@ayushjoshi8075','1st pic - Mussoorie, Uttarakhand 2nd- Surkanda Devi Temple, Mussoorie','2020-03-12 13:39:15'),(1535,'http://www.uttarakhandtraveller.com/media/uploaded/inbound5950585799248161817.jpg','Rudraksh sah','Lansdowne','2020-03-13 14:32:20'),(1536,'http://www.uttarakhandtraveller.com/media/uploaded/inbound2435738995973277818.jpg','अंकित कैन्तुरा, insta handle dagdya_ankyt','Valley Of Flowers National park ','2020-04-10 08:40:30'),(1537,'http://www.uttarakhandtraveller.com/media/uploaded/Kedarkantha Trek.jpg','pal_lovetotravel','KEDARKANTHA trek and HAR KI DUN trek','2020-04-10 11:32:27'),(1538,'http://www.uttarakhandtraveller.com/media/uploaded/On the way to HAR KI DUN VALLEY.jpg','pal_lovetotravel','KEDARKANTHA trek and HAR KI DUN trek','2020-04-10 11:32:27'),(1539,'http://www.uttarakhandtraveller.com/media/uploaded/IMG_20200412_103712.jpg','Abhishek Goyal','Tehri Lake, New Tehri','2020-04-12 05:11:41'),(1540,'http://www.uttarakhandtraveller.com/media/uploaded/IMG_20190105_220219_287.jpg','Abhishek Goyal','Tehri Lake, New Tehri','2020-04-12 05:21:05'),(1541,'http://www.uttarakhandtraveller.com/media/uploaded/inbound2012259823028938868.jpg','Musafir','Har ki dun uttarkashi','2020-04-15 10:05:15'),(1542,'http://www.uttarakhandtraveller.com/media/uploaded/inbound3499262590289727128.jpg','Krishna chalal','Chal valley dharcula pithoragarh','2020-04-16 04:10:41'),(1543,'http://www.uttarakhandtraveller.com/media/uploaded/inbound9177540966467908543.jpg','Krishna chalal','Kamti track darma vellay dharcula pithoragarh.','2020-04-16 04:12:12'),(1544,'http://www.uttarakhandtraveller.com/media/uploaded/inbound2209663716476764153.jpg','Krishna chalal','Nama track darma vellay dharcula pithoragarh','2020-04-16 04:13:12'),(1545,'http://www.uttarakhandtraveller.com/media/uploaded/inbound1895458808555299157.jpg','Krishna chalal','Chal valley darma vellay dharcula pithoragarh','2020-04-16 04:15:01'),(1546,'http://www.uttarakhandtraveller.com/media/uploaded/inbound4793893686387765163.jpg','Krishna chalal','Pithoragarh city','2020-04-16 04:20:23'),(1547,'http://www.uttarakhandtraveller.com/media/uploaded/inbound7622894502690817000.jpg','Krishna chalal','Chndak pithoragarh','2020-04-16 04:25:34'),(1548,'http://www.uttarakhandtraveller.com/media/uploaded/inbound3727548779497572420.jpg','Krishna chalal','Bhatkot pithoragarh','2020-04-16 04:26:40'),(1549,'http://www.uttarakhandtraveller.com/media/uploaded/inbound1632249320343464787.jpg','Krishna chalal','Indo china last mountain kamti nama dharcula pithoragarh','2020-04-16 04:37:54'),(1550,'http://www.uttarakhandtraveller.com/media/uploaded/inbound1258441947.jpg','Portfolio Makerz','Masoore ','2020-04-19 06:03:31'),(1551,'http://www.uttarakhandtraveller.com/media/uploaded/inbound1866298983.jpg','Portfolio Makerz','Masoore ','2020-04-19 06:04:20'),(1552,'http://www.uttarakhandtraveller.com/media/uploaded/inbound8965844157487127446.jpg','Jaideep Chauhan','Village Dewar, Rudraprayag','2020-04-19 07:18:58'),(1553,'http://www.uttarakhandtraveller.com/media/uploaded/inbound7106353339340585338.jpg','ArslanPhotography','KasarDevi Almora ','2020-04-23 15:54:17'),(1554,'http://www.uttarakhandtraveller.com/media/uploaded/inbound5681617091463755222.jpg','ArslanPhotography','Nanda Devi Peak ,KasarDevi Almora ','2020-04-24 16:22:45'),(1555,'http://www.uttarakhandtraveller.com/media/uploaded/inbound2692068557472001602.jpg','Arslan Khan','KasarDevi temple ,Almora ','2020-04-24 16:23:19'),(1556,'http://www.uttarakhandtraveller.com/media/uploaded/inbound2307931079581972339.jpg','Krishnakant Chaudhary','Auli, joshimath','2020-04-25 18:40:55'),(1557,'http://www.uttarakhandtraveller.com/media/uploaded/inbound2921979995037401893.jpg','Krishnakant Chaudhary','Bagnath temple, Bageshwar','2020-04-25 18:42:49'),(1558,'http://www.uttarakhandtraveller.com/media/uploaded/inbound6090909564613731524.jpg','amar','uttrakhnd rashlaan deeva','2020-04-27 03:47:42'),(1559,'http://www.uttarakhandtraveller.com/media/uploaded/inbound908989992.jpg','Jai shankar','Mana','2020-04-27 06:57:26'),(1560,'http://www.uttarakhandtraveller.com/media/uploaded/inbound317184704210676146.jpg','Subodh Lakhera ','CHAMBA  Tehri Garhwal','2020-04-28 16:18:21'),(1561,'http://www.uttarakhandtraveller.com/media/uploaded/inbound3243234456444045694.jpg','Subodh Lakhera ','CHAMBA, Tehri Garhwal ','2020-04-28 16:21:51'),(1562,'http://www.uttarakhandtraveller.com/media/uploaded/inbound8234320008794920846.jpg','abhishek bisht','tungnath','2020-04-29 05:31:24'),(1563,'http://www.uttarakhandtraveller.com/media/uploaded/inbound2939532103649975961.jpg','abadgentleman','tungnath ','2020-04-29 05:31:54'),(1564,'http://www.uttarakhandtraveller.com/media/uploaded/inbound509990660589827508.jpg','abadgentleman','tungnath','2020-04-29 05:32:27'),(1565,'http://www.uttarakhandtraveller.com/media/uploaded/inbound7200782085400148411.jpg','abadgentleman','tungnath','2020-04-29 05:32:54'),(1566,'http://www.uttarakhandtraveller.com/media/uploaded/inbound5146250985717432212.jpg','abadgentleman','tungnath','2020-04-29 05:33:24'),(1567,'http://www.uttarakhandtraveller.com/media/uploaded/IMG_20200429_115741.jpg','Nikhil Rautela','Mansa devi khurpatal','2020-04-29 06:32:05'),(1568,'http://www.uttarakhandtraveller.com/media/uploaded/inbound5509497983224853631.jpg','avict_rsl instagram ','Haldwani - bhimtal highway ','2020-04-29 14:09:39'),(1569,'http://www.uttarakhandtraveller.com/media/uploaded/inbound7266687402380499983.jpg','Subodh Lakhera ','CHAMBA,  Tehri Garhwal','2020-05-01 17:32:26'),(1570,'http://www.uttarakhandtraveller.com/media/uploaded/inbound6982217102477776154.jpg','Subodh Lakhera ','Chamba,  Tehri Garhwal ','2020-05-03 13:31:51'),(1571,'http://www.uttarakhandtraveller.com/media/uploaded/IMG_20190811_191100474_HDR~2.jpg','Varun Goswami (iamvarun.22(','Chilla Barage (Haridwar)','2020-05-05 19:35:26'),(1572,'http://www.uttarakhandtraveller.com/media/uploaded/IMG_20191007_203739.jpg','Anurag Upreti','Saniudyaar, Bageshwar','2020-05-12 05:49:47'),(1573,'http://www.uttarakhandtraveller.com/media/uploaded/Panchachuli Peaks-UK(Dec 2019).JPG','duggurautela','Munsiyari, Uttarakhand','2020-05-12 17:16:18'),(1574,'http://www.uttarakhandtraveller.com/media/uploaded/IMG_20191007_203739.jpg','Anurag Upreti','Saniudyaar, Bageshwar','2020-05-13 14:38:22'),(1575,'http://www.uttarakhandtraveller.com/media/uploaded/inbound2101066586649828581.jpg','ArslanKhan','Trishul Peak KasarDevi,Almora','2020-05-13 15:02:36'),(1576,'http://www.uttarakhandtraveller.com/media/uploaded/inbound4446672150921485995.jpg','Sanjay Upadhyay','Panchashuli hills from Berinag, Pithoragarh','2020-05-15 10:52:40'),(1577,'http://www.uttarakhandtraveller.com/media/uploaded/inbound1214047182815244123.jpg','Subhash Babuguna','Village Odali, Block Pabou, Pauri Garhwal, Uttarakhand','2020-05-16 10:04:34'),(1578,'http://www.uttarakhandtraveller.com/media/uploaded/inbound7627344728898052201.jpg','Sanjay Upadhyay','Rai Agar, Pithoragarh','2020-05-16 10:24:44'),(1579,'http://www.uttarakhandtraveller.com/media/uploaded/IMG_20200514_222351.jpg','Spa_rs_h','FRI Dehradun','2020-05-16 11:07:29'),(1580,'http://www.uttarakhandtraveller.com/media/uploaded/PicsArt_05-28-07.45.46.jpg','Backpackers786','Dol%20Ashram%20(Kalyanika%20Himalaya%20Dev%20Sthanam)','2020-05-28 02:31:59'),(1581,'http://www.uttarakhandtraveller.com/media/uploaded/inbound3981565400773979320.jpg','Deepak Kumar or Instagram I\'d- deepoms0506','Himachal Pradesh, Bilaspur','2020-05-28 07:37:07'),(1582,'http://www.uttarakhandtraveller.com/media/uploaded/IMG_20191124_222457-02.jpeg','Arslan Khan','Sunset of Trishul Peak ','2020-05-30 13:29:34'),(1583,'http://www.uttarakhandtraveller.com/media/uploaded/inbound8165383935357000757.jpg','Arslan Khan ','Nanda Devi Peak ,KasarDevi Almora','2020-05-30 13:52:38'),(1584,'http://www.uttarakhandtraveller.com/media/uploaded/26DD3389-DDC4-42C6-A34F-90803BEF2373.jpeg','_ahsival_','Pithoragarh, Uttarakhand ','2020-05-30 14:48:33'),(1585,'http://www.uttarakhandtraveller.com/media/uploaded/Photo_1590907890627.jpg','sheetal9wal','Ranibagh, Distt Nainital','2020-05-31 12:47:46'),(1586,'http://www.uttarakhandtraveller.com/media/uploaded/video_watermark1590929381562.mp4','sheetal9wal','Jalna Almora','2020-05-31 12:51:21'),(1587,'http://www.uttarakhandtraveller.com/media/uploaded/inbound2679295205160239804.jpg','Sanjay','From Rai Agar','2020-06-01 14:37:25'),(1588,'http://www.uttarakhandtraveller.com/media/uploaded/inbound5644624321918328570.jpg','ArslanPhotography','Nanda Devi Peak,Almora Uttarakhand India','2020-06-04 09:07:52'),(1589,'http://www.uttarakhandtraveller.com/media/uploaded/inbound6079994076924337546.jpg','Arslan Khan ','Mount Trishul ,Almora Uttarakhand ','2020-06-05 16:59:51'),(1590,'http://www.uttarakhandtraveller.com/media/uploaded/inbound233830670427957756.jpg','Insta Id:-Akashgusain1','View from Deeba Ma Pauri Garhwal','2020-06-06 04:17:37'),(1591,'http://www.uttarakhandtraveller.com/media/uploaded/inbound2614046140531307890.jpg','SOURAV BAGCHI','Kaushani, Bageshwar district','2020-06-06 06:52:37'),(1592,'http://www.uttarakhandtraveller.com/media/uploaded/inbound5190396733066251417.jpg','Sourav Bagchi','Kaushani,Bageshwar district','2020-06-06 06:56:47'),(1593,'http://www.uttarakhandtraveller.com/media/uploaded/inbound5995852055221724879.jpg','Arslan Khan ','Trishul Peak ,KasarDevi Almora Uttarakhand ','2020-06-09 07:17:47'),(1594,'http://www.uttarakhandtraveller.com/media/uploaded/IMG_20191007_164452-02.jpeg','Bhupendra Singh bhakuni','Almora city ','2020-06-09 14:45:59'),(1595,'http://www.uttarakhandtraveller.com/media/uploaded/LRM_EXPORT_53434661917311_20200318_191745815.jpeg','Ashutosh Dobriyal','Lansdowne Uttarakhand','2020-06-12 11:27:53'),(1596,'http://www.uttarakhandtraveller.com/media/uploaded/IMG_20190713_144626-01.jpg','Rajesh Bhandari','Dhanulti','2020-06-13 10:57:23'),(1597,'http://www.uttarakhandtraveller.com/media/uploaded/IMG_20191226_114533-01.jpg','Rajesh Bhandari (IG: hillwomb)','Harsil','2020-06-13 10:58:03'),(1598,'http://www.uttarakhandtraveller.com/media/uploaded/IMG_20181022_155501-01.jpg','Rajesh Bhandari (IG: hillwomb)','Devprayag','2020-06-13 10:58:51'),(1599,'http://www.uttarakhandtraveller.com/media/uploaded/IMG_20191007_140650-01.jpg','Rajesh Bhandari (IG: hillwomb)','Syunsi','2020-06-13 10:59:24'),(1600,'http://www.uttarakhandtraveller.com/media/uploaded/IMG_20191008_152056-01.jpg','Rajesh Bhandari (IG: hillwomb)','Jogimani','2020-06-13 11:00:08'),(1601,'http://www.uttarakhandtraveller.com/media/uploaded/IMG_20191110_140749-02.jpg','Rajesh Bhandari (IG: hillwomb)','Chakrata','2020-06-13 11:01:17'),(1602,'http://www.uttarakhandtraveller.com/media/uploaded/IMG_20191226_170347-01.jpg','Rajesh Bhandari (IG: hillwomb)','Bhaironghati','2020-06-13 11:01:56'),(1603,'http://www.uttarakhandtraveller.com/media/uploaded/LRM_EXPORT_9260093086882_20191129_172055537.jpeg','Rajesh Bhandari (IG: hillwomb)','Mori','2020-06-13 11:02:30'),(1604,'http://www.uttarakhandtraveller.com/media/uploaded/IMG20190920073634.jpg','Veer Mathad','Kedarnath temple','2020-06-14 18:59:17'),(1605,'http://www.uttarakhandtraveller.com/media/uploaded/IMG20190920100551.jpg','Veer Mathad','Kedarnath temple','2020-06-14 18:59:17'),(1606,'http://www.uttarakhandtraveller.com/media/uploaded/IMG20190920100749.jpg','Veer Mathad','Kedarnath temple','2020-06-14 18:59:17'),(1607,'http://www.uttarakhandtraveller.com/media/uploaded/IMG20190920101027.jpg','Veer Mathad','Kedarnath temple','2020-06-14 18:59:17'),(1608,'http://www.uttarakhandtraveller.com/media/uploaded/IMG20190920100829.jpg','Veer Mathad','Kedarnath temple','2020-06-14 18:59:17'),(1609,'http://www.uttarakhandtraveller.com/media/uploaded/IMG_20190919_130738.jpg','Veer Mathad','Kedarnath temple','2020-06-14 18:59:17'),(1610,'http://www.uttarakhandtraveller.com/media/uploaded/IMG20190920101039.jpg','Veer Mathad','Kedarnath temple','2020-06-14 18:59:17'),(1611,'http://www.uttarakhandtraveller.com/media/uploaded/IMG20190920101146.jpg','Veer Mathad','Kedarnath temple','2020-06-14 18:59:17'),(1612,'http://www.uttarakhandtraveller.com/media/uploaded/IMG20190920055758.jpg','Veer Mathad','Kedarnath temple','2020-06-14 19:14:40'),(1613,'http://www.uttarakhandtraveller.com/media/uploaded/IMG20190920071925.jpg','Veer Mathad','Kedarnath temple','2020-06-14 19:14:40'),(1614,'http://www.uttarakhandtraveller.com/media/uploaded/IMG_20190917_185610.jpg','Veer Mathad','Rishikesh','2020-06-14 19:17:02'),(1615,'http://www.uttarakhandtraveller.com/media/uploaded/inbound3053669751465225352.jpg','Ritik Rathi ritikr728insta','Badrinath temple','2020-06-18 09:23:52'),(1616,'http://www.uttarakhandtraveller.com/media/uploaded/Screenshot_20200619-214401-01.jpeg','सौरभ तिवारी ','पंतगों अल्मोड़ा ','2020-06-19 16:30:31'),(1617,'http://www.uttarakhandtraveller.com/media/uploaded/IMG_20190807_173328494_HDR.jpg','सौरभ तिवारी ','पंतगों अल्मोड़ा ','2020-06-19 16:32:26'),(1618,'http://www.uttarakhandtraveller.com/media/uploaded/Screenshot_20200619-215154~2.png','सौरभ तिवारी ','पंतगों अल्मोड़ा ','2020-06-19 16:34:58'),(1619,'http://www.uttarakhandtraveller.com/media/uploaded/IMG_20200617_120701.jpg','Girish Rana Giri','Lambgaon Syalgi Tehri Garhwal','2020-06-20 05:50:31'),(1620,'http://www.uttarakhandtraveller.com/media/uploaded/IMG_20200617_104724.jpg','Girish Rana Giri','Syalgi Lambgaon Tehri Garhwal','2020-06-20 05:51:18'),(1621,'http://www.uttarakhandtraveller.com/media/uploaded/inbound4385293241164309838.jpg','MissPranjali','Bageshwar','2020-06-23 09:57:50'),(1622,'http://www.uttarakhandtraveller.com/media/uploaded/inbound6878538579796785224.jpg','Ravi Singh mahar','Gaun- mau( chaumel) lohaghat champwat uttarakhnd','2020-06-25 17:05:19'),(1623,'http://www.uttarakhandtraveller.com/media/uploaded/IMG_20200625_082741_560.jpg','Govind kunwar','Nainital','2020-06-26 09:19:42'),(1624,'http://www.uttarakhandtraveller.com/media/uploaded/IMG_20200603_072048.jpg','Govind kunwar','Nainital','2020-06-26 09:23:01'),(1625,'http://www.uttarakhandtraveller.com/media/uploaded/inbound501091555660738477.jpg','Prakash bisht','Jalay Rudraprayag uttarakhand','2020-06-27 11:12:41'),(1626,'http://www.uttarakhandtraveller.com/media/uploaded/inbound7462596552152471959.jpg','PRAKASH','RUDRAPRAYAG JALAY UTTARAKHAND','2020-06-27 11:15:44'),(1627,'http://www.uttarakhandtraveller.com/media/uploaded/inbound5659182416849530317.jpg','Govind kunwar','Nainital','2020-06-28 10:08:35'),(1628,'http://www.uttarakhandtraveller.com/media/uploaded/inbound6280535696554012392.jpg','Rahul barmola','Gorson bugyal,Auli joshimath','2020-06-30 13:11:22'),(1629,'http://www.uttarakhandtraveller.com/media/uploaded/inbound8986369614100869934.jpg','Pawan Rana ','Chamoli ','2020-06-30 15:38:47'),(1630,'http://www.uttarakhandtraveller.com/media/uploaded/XiaoYing_Video_1590788610560.mp4','anshulkothiyal','Uttarkashi','2020-07-01 15:30:35'),(1631,'http://www.uttarakhandtraveller.com/media/uploaded/IMG_20181118_161153360-01.jpeg','Rohit patel','Champawat -Pithoragardh highway','2020-07-02 03:56:03'),(1632,'http://www.uttarakhandtraveller.com/media/uploaded/ezgif-6-f2341f32f33f.jpg','','none','2020-07-02 09:53:01'),(1633,'http://www.uttarakhandtraveller.com/media/uploaded/ezgif-6-d7374e12214c.jpg','','none','2020-07-02 09:53:01'),(1634,'http://www.uttarakhandtraveller.com/media/uploaded/ezgif-6-d928b20c1c2e.jpg','','none','2020-07-02 09:53:01'),(1635,'http://www.uttarakhandtraveller.com/media/uploaded/Men-Tshirts-2941591959573513-3.jpg','','none','2020-07-02 10:13:44'),(1636,'http://www.uttarakhandtraveller.com/media/uploaded/Men-Tshirts-2941591959573513-2.jpg','','none','2020-07-02 10:13:44'),(1637,'http://www.uttarakhandtraveller.com/media/uploaded/Men-Tshirts-2941591959573513-1.jpg','','none','2020-07-02 10:13:44'),(1638,'http://www.uttarakhandtraveller.com/media/uploaded/inbound4703690757984415556.jpg','Rahul barmola','Badrinath road, Joshimath chamoli','2020-07-02 12:58:26'),(1639,'http://www.uttarakhandtraveller.com/media/uploaded/PicsArt_07-04-04.32.47.jpg','Pawan kumar','Khairna Road','2020-07-05 05:51:36'),(1640,'http://www.uttarakhandtraveller.com/media/uploaded/inbound635428270874287446.jpg','Devesh Mungali','Gwalakot, Manan','2020-07-05 11:52:01'),(1641,'http://www.uttarakhandtraveller.com/media/uploaded/inbound6025519181796251663.jpg','Rahul barmola','Niti valley road, joshimath chamoli','2020-07-10 11:06:45'),(1642,'http://www.uttarakhandtraveller.com/media/uploaded/inbound4313858882045955089.jpg','sandeep pokhriyal','Mahasu devta mandir, hanol, uttrkashi','2020-07-11 09:19:51'),(1643,'http://www.uttarakhandtraveller.com/media/uploaded/inbound243896732.jpg','@ammyphotography30','Almora Uttarakhand','2020-07-12 03:50:08'),(1644,'http://www.uttarakhandtraveller.com/media/uploaded/IMG_20200715_071106.jpg','Utsav Benjwal','Rudranath chamoli','2020-07-15 16:21:38'),(1645,'http://www.uttarakhandtraveller.com/media/uploaded/inbound4674728981547381397.jpg','Sachin_dev02','Lohaghat Champawat','2020-07-18 05:32:00'),(1646,'http://www.uttarakhandtraveller.com/media/uploaded/inbound5948858388410337244.jpg','Sachin_dev02','Lohaghat Champawat','2020-07-18 05:32:46'),(1647,'http://www.uttarakhandtraveller.com/media/uploaded/inbound3670437569817469044.jpg','Sachin_dev07','Nainital','2020-07-18 05:33:22'),(1648,'http://www.uttarakhandtraveller.com/media/uploaded/inbound2453498847425714679.jpg','Sachin_dev02','Sipty Champawat','2020-07-18 05:34:58'),(1649,'http://www.uttarakhandtraveller.com/media/uploaded/inbound5758977537375554761.jpg','Sachin_dev02','Banasur kila (lohaghat)','2020-07-18 05:36:11'),(1650,'http://www.uttarakhandtraveller.com/media/uploaded/IMG-20200718-WA0007~2.jpg','Himanshu Chilkoti','Tanakpur','2020-07-18 16:32:29'),(1651,'http://www.uttarakhandtraveller.com/media/uploaded/Screenshot_2020-07-12-06-36-56-1.png','Suraj singh ',' पौङी गढ़वाल ','2020-07-20 03:56:28'),(1652,'http://www.uttarakhandtraveller.com/media/uploaded/20190706_134204.jpg','Digvijay Panwar','Bhadraj Temple Uttarakhand','2020-07-21 06:42:26'),(1653,'http://www.uttarakhandtraveller.com/media/uploaded/FB_IMG_15952958989089481.jpg','Suraj singh ','अर्धनारीश्वर धाम - मजरा महादेव पौङी गढवाल ','2020-07-21 11:21:47'),(1654,'http://www.uttarakhandtraveller.com/media/uploaded/20200721_192037.jpg','www.instagram.com/asd_25_c','Raisaad Shiv Mandir, Tehri ','2020-07-23 00:33:27'),(1655,'http://www.uttarakhandtraveller.com/media/uploaded/inbound7130894076478858385.jpg','Shubham bisht','Srikanth Mahadev trek','2020-07-23 03:06:12'),(1656,'http://www.uttarakhandtraveller.com/media/uploaded/inbound6749650744664933074.jpg','Shubham bisht','Jhinda top,Dharali','2020-07-23 03:11:37'),(1657,'http://www.uttarakhandtraveller.com/media/uploaded/inbound7488469105918106409.jpg','Dheer9rana','New tehri','2020-07-23 05:24:04'),(1658,'http://www.uttarakhandtraveller.com/media/uploaded/IMG-20200724-WA0015.jpg','Himanshu chilkoti','Tanakpur','2020-07-24 16:33:54'),(1659,'http://www.uttarakhandtraveller.com/media/uploaded/identification.jpg','shaylee.hettinger11@usaaxa.com','visionary','2020-07-24 22:47:26'),(1660,'http://www.uttarakhandtraveller.com/media/uploaded/inbound6924889768858423902.mp4','Deveshmakholia','Pithoragarh','2020-07-28 01:29:57'),(1661,'http://www.uttarakhandtraveller.com/media/uploaded/inbound7980643344496713339.mp4','Abhay Singh Bisht','Nainital','2020-07-31 10:49:57'),(1662,'http://www.uttarakhandtraveller.com/media/uploaded/IMG-20191108-WA0005.jpg','Pradeep Jadon','मसूरी','2020-08-02 04:49:59'),(1663,'http://www.uttarakhandtraveller.com/media/uploaded/IMG-20191108-WA0006.jpg','Pradeep Jadon','मसूरी','2020-08-02 04:49:59'),(1664,'http://www.uttarakhandtraveller.com/media/uploaded/IMG-20191108-WA0015.jpg','Pradeep Jadon','मसूरी','2020-08-02 04:49:59'),(1665,'http://www.uttarakhandtraveller.com/media/uploaded/IMG-20191108-WA0017.jpg','Pradeep Jadon','मसूरी','2020-08-02 04:49:59'),(1666,'http://www.uttarakhandtraveller.com/media/uploaded/IMG-20191108-WA0018 - Copy.jpg','Pradeep Jadon','मसूरी','2020-08-02 04:49:59'),(1667,'http://www.uttarakhandtraveller.com/media/uploaded/IMG-20191108-WA0019.jpg','Pradeep Jadon','मसूरी','2020-08-02 04:49:59'),(1668,'http://www.uttarakhandtraveller.com/media/uploaded/IMG-20191108-WA0020.jpg','Pradeep Jadon','मसूरी','2020-08-02 04:49:59'),(1669,'http://www.uttarakhandtraveller.com/media/uploaded/IMG-20191108-WA0022.jpg','Pradeep Jadon','मसूरी','2020-08-02 04:49:59'),(1670,'http://www.uttarakhandtraveller.com/media/uploaded/view from gun hill point 2.jpg','Pradeep Jadon','मसूरी','2020-08-02 04:49:59'),(1671,'http://www.uttarakhandtraveller.com/media/uploaded/view from gun hill point.jpg','Pradeep Jadon','मसूरी','2020-08-02 04:49:59'),(1672,'http://www.uttarakhandtraveller.com/media/uploaded/inbound4673330206889571588.jpg','Prakash8063','Dhari devi','2020-08-05 16:01:21'),(1673,'http://www.uttarakhandtraveller.com/media/uploaded/myid.png','lyda.kiehn7@xindex.org','Home Loan Account','2020-08-18 12:11:51'),(1674,'http://www.uttarakhandtraveller.com/media/uploaded/PicsArt_08-19-05.43.37.jpg','Yogesh bhandari, instagram-@yogi_bhandari','Gangotri temple watercolor painting by yogesh singh bhandari','2020-08-19 12:16:34'),(1675,'http://www.uttarakhandtraveller.com/media/uploaded/IMG20191225152324.jpg','Vaibhav Dhiman','Sattal','2020-08-20 12:42:52'),(1676,'http://www.uttarakhandtraveller.com/media/uploaded/20200820_062629.jpg','MR_PANWAR','Haridwar','2020-08-21 02:53:42'),(1677,'http://www.uttarakhandtraveller.com/media/uploaded/20200820_062946.jpg','MR_PANWAR','Chandi devi temple Haridwar ','2020-08-24 15:47:30'),(1678,'http://www.uttarakhandtraveller.com/media/uploaded/20200819_172221.jpg','MR_PANWAR','Chila range haridwar ','2020-08-24 15:50:58'),(1679,'http://www.uttarakhandtraveller.com/media/uploaded/filter.png','','a','2020-08-26 03:24:44'),(1680,'http://www.uttarakhandtraveller.com/media/uploaded/photo.jpg','jarrell.oconner@usaaxa.com','Awesome Plastic Gloves','2020-08-27 07:23:52'),(1681,'http://www.uttarakhandtraveller.com/media/uploaded/009.jpg','','chandigarh','2020-09-02 02:16:51'),(1682,'http://www.uttarakhandtraveller.com/media/uploaded/inbound8900438681313690623.jpg','Neerajbhatt299','Rudraprayag','2020-09-05 04:05:03'),(1683,'http://www.uttarakhandtraveller.com/media/uploaded/inbound6233695070304680891.jpg','neerajbhatt299','Kedarnath','2020-09-05 05:39:51'),(1684,'http://www.uttarakhandtraveller.com/media/uploaded/Beatles Aashram 3.jpg','kiwisonali2@gmail.com','Beatles Ashram','2020-09-08 04:06:33'),(1685,'http://www.uttarakhandtraveller.com/media/uploaded/Beatles Aashram 2.jpg','kiwisonali2','Beatles Aashram, Rishekesh','2020-09-08 04:07:38'),(1686,'http://www.uttarakhandtraveller.com/media/uploaded/Beatles Aashram 3.jpg','kiwisonali2','Beatles Aashram, Rishekesh','2020-09-08 04:07:38'),(1687,'http://www.uttarakhandtraveller.com/media/uploaded/Beatles Aashram 4.jpg','kiwisonali2','Beatles Aashram, Rishekesh','2020-09-08 04:07:38'),(1688,'http://www.uttarakhandtraveller.com/media/uploaded/Beatles Aashram 5.jpg','kiwisonali2','Beatles Aashram, Rishekesh','2020-09-08 04:07:38'),(1689,'http://www.uttarakhandtraveller.com/media/uploaded/Beatles Aashram 6.jpg','kiwisonali2','Beatles Aashram, Rishekesh','2020-09-08 04:07:38'),(1690,'http://www.uttarakhandtraveller.com/media/uploaded/Beatles Aashram 7.jpg','kiwisonali2','Beatles Aashram, Rishekesh','2020-09-08 04:07:38'),(1691,'http://www.uttarakhandtraveller.com/media/uploaded/Beatles Aashram 8.jpg','kiwisonali2','Beatles Aashram, Rishekesh','2020-09-08 04:07:38'),(1692,'http://www.uttarakhandtraveller.com/media/uploaded/Beatles Aashram 9.jpg','kiwisonali2','Beatles Aashram, Rishekesh','2020-09-08 04:07:38'),(1693,'http://www.uttarakhandtraveller.com/media/uploaded/Beatles Aashram 10.jpg','kiwisonali2','Beatles Aashram, Rishekesh','2020-09-08 04:07:38'),(1694,'http://www.uttarakhandtraveller.com/media/uploaded/Beatles Aashram 11.jpg','kiwisonali2','Beatles Aashram, Rishekesh','2020-09-08 04:07:38'),(1695,'http://www.uttarakhandtraveller.com/media/uploaded/Beatles Aashram 12.jpg','kiwisonali2','Beatles Aashram, Rishekesh','2020-09-08 04:07:38'),(1696,'http://www.uttarakhandtraveller.com/media/uploaded/Beatles Aashram 13.jpg','kiwisonali2','Beatles Aashram, Rishekesh','2020-09-08 04:07:38'),(1697,'http://www.uttarakhandtraveller.com/media/uploaded/Beatles Aashram1.jpg','kiwisonali2','Beatles Aashram, Rishekesh','2020-09-08 04:07:38'),(1698,'http://www.uttarakhandtraveller.com/media/uploaded/Lakshman jhula.jpg','kiwisonali2','Laxman Jhula','2020-09-08 04:08:29'),(1699,'http://www.uttarakhandtraveller.com/media/uploaded/inbound761791054738982258.jpg','neerajbhatt299','Kedar valley','2020-09-09 04:05:39'),(1700,'http://www.uttarakhandtraveller.com/media/uploaded/inbound6808515172569551425.jpg','neerajbhatt299','Rudraprayag','2020-09-09 04:26:44'),(1701,'http://www.uttarakhandtraveller.com/media/uploaded/id.jpeg','gerda_nader74@recodz.com','B2C','2020-09-12 04:27:30'),(1702,'http://www.uttarakhandtraveller.com/media/uploaded/inbound4458702731011637173.jpg','Virpal Singh ','Almora','2020-09-16 12:49:22'),(1703,'http://www.uttarakhandtraveller.com/media/uploaded/inbound685426144245676171.jpg','Virpal Singh','Almora','2020-09-16 12:56:38'),(1704,'http://www.uttarakhandtraveller.com/media/uploaded/IMG_20200826_225124.jpg','Sanjay Pilkhwal','Almora','2020-09-18 04:35:53'),(1705,'http://www.uttarakhandtraveller.com/media/uploaded/FB_IMG_16006985077166041.jpg','nannu_haha','Shardha Ghat , Tanakpur Uttarakhand','2020-09-21 14:35:45'),(1706,'http://www.uttarakhandtraveller.com/media/uploaded/inbound2321633468903343440.jpg','https://www.facebook.com/manoj.palliwal','Near by Gorikund, Kedaranath','2020-09-22 12:04:06'),(1707,'http://www.uttarakhandtraveller.com/media/uploaded/20200927_122312.jpg','MR_PANWAR','Surkanda Devi hike tehri Gadhwal ','2020-09-29 03:56:06'),(1708,'http://www.uttarakhandtraveller.com/media/uploaded/photo.jpeg','brielle44@ifastnet1.com','content-based','2020-09-29 07:22:23'),(1709,'http://www.uttarakhandtraveller.com/media/uploaded/FB_IMG_16016120217036793.jpg','@Nan Nu','King beetle tasting the sweetness of white Rose , On the way to Purnagiri holy trek , Tanakpur','2020-10-02 04:54:40'),(1710,'http://www.uttarakhandtraveller.com/media/uploaded/inbound7693057267900852938.jpg','Sufyan latif khan','Nainital 2 /10/2020','2020-10-03 15:52:22'),(1711,'http://www.uttarakhandtraveller.com/media/uploaded/inbound7693057267900852938.jpg','Sufyan latif khan','Nainital 2 /10/2020','2020-10-03 15:52:33'),(1712,'http://www.uttarakhandtraveller.com/media/uploaded/inbound2661217558919220669.jpg','Sufyan latif khan','Nainital','2020-10-03 15:53:14'),(1713,'http://www.uttarakhandtraveller.com/media/uploaded/IMG_20201007_122522_379.jpg','Dhruv Chaturvedi','Rudraprayag','2020-10-07 16:19:25'),(1714,'http://www.uttarakhandtraveller.com/media/uploaded/inbound2178799666860002452.jpg','Dhruv Chaturvedi','Rudraprayag','2020-10-07 16:27:00'),(1715,'http://www.uttarakhandtraveller.com/media/uploaded/IMG20201005074016.jpg','Dhruv Chaturvedi','Kedarnath','2020-10-07 16:32:20'),(1716,'http://www.uttarakhandtraveller.com/media/uploaded/74E61E78-2EAD-4433-A6EA-04CD5937D7C9.jpeg','kartikrajwar','Shri Kedarnath Dham ','2020-10-08 10:22:48'),(1717,'http://www.uttarakhandtraveller.com/media/uploaded/7C4621C0-AE22-4206-AF25-EF7752875DD0.jpeg','Kartik Rajwar','Kedarnath ','2020-10-08 10:24:16'),(1718,'http://www.uttarakhandtraveller.com/media/uploaded/id.jpg','jeff_krajcik@zebyinbox.com','red','2020-10-11 08:08:12'),(1719,'http://www.uttarakhandtraveller.com/media/uploaded/PicsArt_09-28-09.46.09.jpg','Deepak_pokhriyal','Pokhri gaun (durga pur) Pauri Garhwal , uttrakhand ','2020-10-13 01:32:01'),(1720,'http://www.uttarakhandtraveller.com/media/uploaded/8C6909AC-1A7D-45D6-8B14-2C52A3F7F221.jpeg','@kartikrajwar','SHRI KEDARNATH DHAM','2020-10-20 03:56:59'),(1721,'http://www.uttarakhandtraveller.com/media/uploaded/inbound2277838480874063216.jpg','Varun Goswami','Vinryavasni Temple, Rajaji Tiger Reserve, Pauri Garhwal','2020-10-20 16:15:01'),(1722,'http://www.uttarakhandtraveller.com/media/uploaded/inbound5974666796242664343.jpg','Sandeep gusain','Kedarnath','2020-10-23 09:35:37'),(1723,'http://www.uttarakhandtraveller.com/media/uploaded/_DSC0053-01.jpeg','snaps_hallway','Tehri Lake','2020-10-24 10:12:38'),(1724,'http://www.uttarakhandtraveller.com/media/uploaded/inbound2429508150729614274.jpg','mpradeepjadon','Near Lansdowne ','2020-10-25 18:28:44'),(1725,'http://www.uttarakhandtraveller.com/media/uploaded/inbound5727356830888867293.mp4','___parth.arora___','Kedarnath','2020-11-02 08:53:06'),(1726,'http://www.uttarakhandtraveller.com/media/uploaded/inbound3605187311375493952.jpg','___parth.arora___','Rudraprayag','2020-11-02 08:55:34'),(1727,'http://www.uttarakhandtraveller.com/media/uploaded/14063317-A2CB-49C2-B906-0120629B0FEA.jpeg','tushar_darmwal','Kedarnath','2020-11-09 16:05:08'),(1728,'http://www.uttarakhandtraveller.com/media/uploaded/54F52CCB-D5C3-43D0-A0FF-716CC9B5F241.jpeg','tushar_darmwal','Kedarnath','2020-11-09 16:05:08'),(1729,'http://www.uttarakhandtraveller.com/media/uploaded/IMG_4308.MOV','tushar_darmwal','Kedarnath trek','2020-11-09 16:07:52'),(1730,'http://www.uttarakhandtraveller.com/media/uploaded/5BE91991-FE00-40A6-9A9E-1F2B89E6CB43.jpeg','tushar_darmwal','Kedrnath','2020-11-09 16:10:53'),(1731,'http://www.uttarakhandtraveller.com/media/uploaded/E48F0B52-DEFA-45A0-B1B8-CED7E38D67DC.jpeg','tushar_darmwal','Kedrnath','2020-11-09 16:10:53'),(1732,'http://www.uttarakhandtraveller.com/media/uploaded/74F3E32A-C91C-4761-8B6D-8C5A92F3992C.jpeg','tushar_darmwal','Kedrnath','2020-11-09 16:10:53'),(1733,'http://www.uttarakhandtraveller.com/media/uploaded/FA8DA7EE-9DA8-47C9-8C13-68EB1DBB06DD.jpeg','tushar_darmwal','Kedrnath','2020-11-09 16:10:53'),(1734,'http://www.uttarakhandtraveller.com/media/uploaded/16399598-CAA9-4910-8AE3-76FCE1EABFB1.jpeg','tushar_darmwal','Kedrnath','2020-11-09 16:10:53'),(1735,'http://www.uttarakhandtraveller.com/media/uploaded/BF53DAAA-5361-4566-830A-551FA1001F5F.jpeg','tushar_darmwal','Kedrnath','2020-11-09 16:10:53'),(1736,'http://www.uttarakhandtraveller.com/media/uploaded/IMG_20201029_091157.jpg','@sandoria143','Tungnath mahadev','2020-11-10 09:06:46'),(1737,'http://www.uttarakhandtraveller.com/media/uploaded/IMG_20201027_152147.jpg','@sandoria143','Mana, the last Indian tea shop','2020-11-10 09:20:35'),(1738,'http://www.uttarakhandtraveller.com/media/uploaded/inbound7554684341740081460.mp4','Jay deep','Madmaheshwar','2020-11-17 17:56:29'),(1739,'http://www.uttarakhandtraveller.com/media/uploaded/inbound3878311632085431025.jpg','Jay deep','Madmaheshwar ','2020-11-18 09:00:25'),(1740,'http://www.uttarakhandtraveller.com/media/uploaded/logo.jpg','admin','aa','2020-12-07 16:28:24');
/*!40000 ALTER TABLE `photo_bank` ENABLE KEYS */;
UNLOCK TABLES;

--
-- Table structure for table `place`
--

DROP TABLE IF EXISTS `place`;
/*!40101 SET @saved_cs_client     = @@character_set_client */;
/*!40101 SET character_set_client = utf8 */;
CREATE TABLE `place` (
  `id` int(11) NOT NULL AUTO_INCREMENT,
  `district_id` int(11) NOT NULL,
  `name` varchar(100) NOT NULL,
  `description` text NOT NULL,
  `cr_date` datetime NOT NULL,
  `status` tinyint(1) DEFAULT '1',
  `destination` text NOT NULL,
  `pb` varchar(500) DEFAULT NULL,
  `lat` decimal(10,8) DEFAULT NULL,
  `lng` decimal(10,8) DEFAULT NULL,
  `slug` varchar(100) DEFAULT NULL,
  PRIMARY KEY (`id`),
  KEY `district_id` (`district_id`),
  CONSTRAINT `place_ibfk_1` FOREIGN KEY (`district_id`) REFERENCES `district` (`id`)
) ENGINE=InnoDB AUTO_INCREMENT=47 DEFAULT CHARSET=utf8;
/*!40101 SET character_set_client = @saved_cs_client */;

--
-- Dumping data for table `place`
--

LOCK TABLES `place` WRITE;
/*!40000 ALTER TABLE `place` DISABLE KEYS */;
INSERT INTO `place` VALUES (1,2,'Kausani','Kausani also known as Switzerland of India, is a hill station and village  Bageshwar district in the state of Uttarakhand. It is famous for its scenic splendour and its spectacular 300 km-wide panoramic view of Himalayan peaks like Trisul, Nanda Devi and Panchchuli. It has an average elevation of 1,890 m (6,200 ft) above mean Sea Level. Kausani lies atop a ridge amidst dense pine trees overlooking Someshwar valley on one side and Garur and Katyuri valley.  While in Kausani you may move to the various vintage-points in order to capture the spectacular sights of the snow-capped peaks of the Himalayas that are spread majestically across the 300 km range. The sunrise and the sunset are the special moments for the nature lovers and the photographers alike.','2017-12-25 00:00:00',1,'1. Anashakti Ashram(Gandhi Ashram) is a quiet and revered place where Mahatma Gandhi spent some days and wrote his commentary of Anashkti Yog.\r\n\r\n2. Tea gardens  which is 5 km on Bageshwar Road from Kausani.\r\n\r\n3. A fabulous collection of high quality woollen shawls, exquisitely designed by the local weavers, can be purchased from Kumaon Shawl Emporium.\r\n\r\n4. Baijnath group of temples (16.5 km on Bageshwar Road).\r\n\r\n5. Rudradhari Water fall and Pinakeshwar(Pinak) temple on 4-5km trek.','!1m18!1m12!1m3!1d96067.56525122139!2d79.63451266430562!3d29.811596797608996!2m3!1f0!2f0!3f0!3m2!1i1024!2i768!4f13.1!3m3!1m2!1s0x39a74e7fb73633e1%3A0x173a54291447af4f!2sKausani%2C+Uttarakhand+263639!5e0!3m2!1sen!2sin!4v1525674294392',29.84300000,79.60200000,'kausani'),(2,2,'Bageshwar','Bageshwar is a city and a municipal board in Bageshwar district in the state of Uttarakhand, India. It is located at a distance of 470 km from the National Capital New Delhi and 332 km from the State Capital Dehradun. Bageshwar is known for its scenic beauty, Glaciers, Rivers and Temples. It is also the administrative headquarters of Bageshwar district.\r\nSituated on the confluence of Sarju and Gomati rivers, Bageshwar is surrounded by the mountains of Bhileshwar and Nileshwar to its east and west and by the Suraj Kund in the north and Agni Kund in the south. The city is of great religious, historic and political significance. Bageshwar finds mention in various puranas, where, it has been associated with Lord Shiva. The Uttrayani fair held annually in Bageshwar used to be visited by approx 15,000 people in the early twentieth century, and was the largest fair of Kumaon division. The fair became the epicenter of the Coolie Begar Movement in January 1921. The city of Bageshwar gets its name from the Bagnath Temple. Hindi and Sanskrit are the official Languages however Kumaoni is spoken by a large number of people.\r\n\r\nsource - Wikipedia\r\n\r\nBEST TIME TO VISIT-\r\nThe best season to visit Bageshwar is the winters and the onset of summers. The favorable months to visit the place are from October to March. The climate remains pleasant during these months offering tourists the best holiday experience.\r\nUttrayani fair held in the mid of January from Makar Sankranti to next 10 days and considered as largest fair of Kumaon division.\r\nMahashivratri is  also a huge festival in Bageshwar','2018-03-18 14:53:01',1,'1. On the confluence of Saryu and Gomti river Bagnath Temple is situated. The city and Bagnath Temple find mention in the Manaskhand of Shiva Purana, where it is written that the temple and its surrounding city was built by Chandeesh, a servant of the Hindu deity Shiva.\r\n\r\n2. Surrounding by two peaks from where the whole city can be seen at a glance, they are Chandika and Nileshwar. \r\n\r\n3. Bageshwar is centre point from where you can pick upon enroute Munsiyari, another beautiful place or Pindari glacier. \r\n\r\n4. There are many beautiful and holy temples in Danpur region namely Shikhar Temple near Shama village which is about 50 KM from Bageshwar, Bhagwati Temple Badiyakot which is 70 KM from Bageshwar. \r\n\r\n5. Surmool , also known as Saudhara(100 waterfalls) is the considered origin of Saryu river is a decent place which is about 60 KM from Bageshwar with 6 KM trek from Song village.','!1m18!1m12!1m3!1d110743.96689800988!2d79.61081825436139!3d29.84266702183017!2m3!1f0!2f0!3f0!3m2!1i1024!2i768!4f13.1!3m3!1m2!1s0x39a735cfcd2fa28f%3A0xf8feb865d64cab3e!2sBageshwar%2C+Uttarakhand+263642!5e0!3m2!1sen!2sin!4v1525674707825',29.85000000,79.76600000,'bageshwar'),(3,1,'Ranikhet','Ranikhet is a hill station and cantonment town in Almora district. It is the home for the Military Hospital, Kumaon Regiment (KRC) and Naga Regiment and is maintained by the Indian Army.\r\n\r\nBEST TIME TO VISIT\r\nRanikhet has pleasant weather from March to October but those who want to experience snowfall should visit Ranikhet in winters place, So one can visit Ranikhet any time of the year as per there their preference.  The highest temperature during the summer that is about 22°C and the temperature in winter is between -3°C to  15°C.','2018-03-18 16:31:40',1,'1) Golf Course\r\nRanikhet Golf Course is one of the highest golf courses of Asia, located 5 kilometres from main Ranikhet City. \r\n\r\n2) Rani Jheel\r\nThere is another jewel added to the beauty of town \"Rani Jheel\". Located nearby Nar Singh Stadium, beneath the Veer Naari Awas it gives the visitors a chance to relax and enjoy the ride of Boats.\r\n\r\n3) Binsar Mahadev.... Binsar Mahadev Temple is situated amidst beautiful pine and deodar trees. Apart from the temple an ashram, Binsar Mahadev also has lovely cedar forest surroundings.','!1m18!1m12!1m3!1d1775452.2194697198!2d78.31644757441669!3d29.64203264993394!2m3!1f0!2f0!3f0!3m2!1i1024!2i768!4f13.1!3m3!1m2!1s0x39a0abd4273fb1dd%3A0x17d59cc393c2ccdc!2sRanikhet%2C+Uttarakhand!5e0!3m2!1sen!2sin!4v1525674760882',29.65000000,79.41600000,'ranikhet'),(4,10,'Deoria Tal','Deoria Tal is a beautiful lake also known as Devaria or Deoriya, standing at  2,438 meters (7,999 ft) above sea level from where you can see glorious view of white himalayas , reflections of Chaukhamba Range in the crystal clear water., camp stay and snow in winters. \r\nThere are no lodges at Deoria Tal so you can stay only in camps and need to pay fees to forest department for enter the area as well as for camping.\r\nThe charges for Camping and entering at Deoria Tal.\r\nEntry fees (valid for three days) for Indians is Rs 150 and for Foreigners is Rs 600.\r\nCamping fee for  tent starts from  Rs 50 for indians and Rs 100 for Foreigners.\r\nDeoria Tal has some reference in one of the great epics of Indian history  Mahabharat. It’s believed that deoriatal is same lake in which 4 of the Pandavas dies by drinking lake water without answering to the Yaksha’s questions. They were brought to life only when Yudhistir answers all of his questions.','2018-03-21 14:47:35',1,'1. Deoriatal has short trek of 2.3 km from Sari village. \r\n2. Sari village has stay at lodges. Deoriatal has camp stay. \r\n3. Sari village is 13 km from Ukhimath at  Ukhimath-tungnath road at Rudraprayag district.\r\n4. Ukhimath is 40 km from Rudraprayag district which is one of the Panch Prayag.\r\n5. Travellers enjoy the road journey as they get to see very good places on the way to Rudraprayag from Haridwar which is 160 km.','!1m18!1m12!1m3!1d219967.67043637903!2d79.01465927758721!3d30.52118470738008!2m3!1f0!2f0!3f0!3m2!1i1024!2i768!4f13.1!3m3!1m2!1s0x390833cd4ae2688f%3A0x2503c3a8bc1915d7!2sSari%2C+Uttarakhand!5e0!3m2!1sen!2sin!4v1525674831818',30.39300000,79.03000000,'deoria-tal'),(6,10,'Tungnath Temple','Tungnath temple is highest Shiva Temple in the world which is located at an altitude of 3,680 m (12,073 ft). The temple is one of the Panch Kedars. The famous Tungnath temple is thought to be over 1000 years old and, according to the scriptures, this temple is constructed by Pandavas after the Kurukshetra War.\r\nTungnath temple gate is closed in the winter season and normally open in April end or May stating.\r\nNearest petrol pump is 35 km from Chopta.','2018-04-04 06:04:23',1,'1. Tungnath temple is highest Shiva temple in world.\r\n2. Tungnath is also a well known trekking destination which has 4 km trek from Chopta(location is Baniyakund in google map)\r\n3. One can trek more 1km to reach Chandrashila (summit of Tungnath peak ) from tungnath.\r\n4. Chopta is 30 km from Ukhimath on Ukhimath Gopeshwar road at Rudraprayag district.\r\n5. Camping is also available in chopta under the clear night sky and breathtaking views of the Himalayas.\r\n6. Chopta  is 70 km from Rudraprayag district and 50 km from Chamoli District.','!1m18!1m12!1m3!1d27505.144981597397!2d79.19951163712258!3d30.48869978172282!2m3!1f0!2f0!3f0!3m2!1i1024!2i768!4f13.1!3m3!1m2!1s0x39083281518a6183%3A0xb8e3f312258d7a7b!2sChopta!5e0!3m2!1sen!2sin!4v1525674905607',30.48800000,79.21500000,'tungnath-temple'),(7,7,'Nainital','Nainital  is a popular hill station in the Indian state of Uttarakhand and headquarters of Nainital district in the Kumaon foothills of the outer Himalayas. Situated at an altitude of 2,084 metres (6,837 ft) above sea level, Nainital is set in a valley containing a mango-shaped lake, approximately two miles in circumference, and surrounded by mountains, of which the highest are Naina (2,615 m (8,579 ft)) on the north, Deopatha (2,438 m (7,999 ft)) on the west, and Ayarpatha (2,278 m (7,474 ft)) on the south. From the tops of the higher peaks, \"magnificent views can be obtained of the vast plain to the south, or of the mass of tangled ridges lying north, bound by the great snowy range which forms the central axis of the Himalayas.\r\n\r\nsource - Wikipedia','2018-04-04 17:39:11',1,'1. Beautiful Naina Devi Temple, its recommended to start your journey with a greeting to the temple. \r\n\r\n2. Right in front of the temple, Naini Lake is situated. Boating is enjoyed here along with beautiful fresh air to give an essence of the soothing nature of Nainital.\r\n\r\n3. Tibetan market, its good to walk. Its likely you might find something that attract your sight. Must try Sonam\'s momos.\r\n\r\n4. Snow view point through a rope way.  Famous Himalayan peaks mentioned in the description can been seen from this place. \r\n\r\n5. Khurpatal lake can be visited which a little distance. \r\n\r\n6. An hour way to Naukuchiyatal known for paragliding. \r\n\r\n7. Near Naukuchiyatal, there is Bhimtal, another lake if you\'re not tired of lakes.','!1m18!1m12!1m3!1d1786208.159033919!2d77.16181731958007!3d29.02623092614251!2m3!1f0!2f0!3f0!3m2!1i1024!2i768!4f13.1!3m3!1m2!1s0x39a0a1bc28fd9d61%3A0x7cae7ba916987db3!2sNainital%2C+Uttarakhand!5e0!3m2!1sen!2sin!4v1525675005991',29.39200000,79.45500000,'nainital'),(8,11,'Devprayag','Devprayag (Deva prayāga) is a town and a nagar panchayat (municipality) in Tehri Garhwal district in the state of Uttarakhand, India, and is one of the Panch Prayag (five confluences) of Alaknanda River where Alaknanda and Bhagirathi rivers meet and take the name Ganga or Ganges River.\r\nThe nearest railway stations is at Rishikesh. However, Rishikesh is a small railway station not connected by fast trains. Haridwar railway junction, 24 km farther from Rishikesh, has train connections to most of the major cities in India and is, therefore, the railhead for Devprayag.\r\nDevprayag lies on national highway NH58 that connects Delhi with Badrinath and Mana Pass in Uttarakhand near Indo-Tibet border. \r\n\r\nsource - Wikipedia','2018-04-05 12:53:42',1,'1. Devprayag is the place where river Alaknanda & Bhagirathi confluence, but according to mythology, there is another river that belongs to this confluence named Saraswati which originates from Mana Village in Badrinath and in Devprayag, the river comes from the feet of Shri Raghunath Ji in Raghunath Temple. Also according to mythology, the footprints of Lord Rama are purported to exist at \"Ram Kunda\".\r\n\r\n2. Devprayag is surrounded by 3 Godly peaks, named Giddhanchal Parvat, Dashrathanchal Parvat, and Narsinghancal Parvat. \r\n\r\n3. It is very crowded on the day of Mahashivratri. Many devotees arrives here to donate Gangajal on Linga. Dhaneshwar Mahadev is in route on old Badrinath Way, starts from Bah Bajar (A market in Devprayag).\r\n\r\n4. Devprayag has much natural beauty. Other than Sangam and Raghunath Ji Temple in Devprayag, one can visit sacred places like Mata Bhuvneshwari temple at nearby village Pundal followed by Dhaneshwar Mahadev temple, Danda Naggaraja (Lord of Snakes) temple and Chandrabadni temple.','!1m18!1m12!1m3!1d220812.39478088944!2d78.46040730664228!3d30.145878527382038!2m3!1f0!2f0!3f0!3m2!1i1024!2i768!4f13.1!3m3!1m2!1s0x3909090d5b91180d%3A0x5d7916d17f992317!2sDevaprayag%2C+Uttarakhand!5e0!3m2!1sen!2sin!4v1525675262950',30.15000000,78.61600000,'devprayag'),(9,3,'Gopeshwar','Gopeshwar is a small town holds a great mythological and religious value for the local Garhwalis. It is the administrative headquarters of the Chamoli district of Uttarakhand in India. Situated 1,300 m (4,600 ft) above sea level, it is famous for its weather (pleasant most of the year, but very cold in December and January) and its temples. It is the largest town in Chamoli district.\r\nAn ancient temple of Lord Shiva now known as Gopinath Mandir is a place where there is a sacred meeting of the Vaishnav and Shaivite faiths as, at this venerated temple, both deities are worshipped.\r\nGopeshwar is the place where the people of Garhwal truly found their voice during the now world-renowned Chipko Andolan in a unique bid to protect their traditional rights, and the Himalayan ecology and environment.\r\nAll India Radio has a local station in Gopeshwar which transmits various programs of mass interest.\r\n\r\nHOW TO REACH-\r\nBY ROAD\r\nGopeshwar is in between Kedarnath-Badrinath road situated 10 km from its district Chamoli. Chamoli is in Badrinath Highway can be reached by big cities of Uttarakhand and capital of  India. Chamoli is 215 km from Rishikesh.\r\n\r\nBY TRAIN\r\nNearest Railway Station is Rishikesh Railway station at a distance of 213 km. After that one has to us motorable road.\r\n\r\nBy AIR \r\nThe nearest airport is Jolly Grant Airport at a distance of 230 km. After that one has to us motorable road.','2018-04-08 15:23:02',1,'1. The ancient town of Gopeshwar is well-known for the magnificent Gopinath temple, a supreme example of the architectural ingenuity of the Katyuri kings.\r\n2. Gopeshwar is enclosed by four far-famed temples of Tungnath, Anasuya Hindu deity, Rudranath, and Badrinath.\r\n3. Besides the ancient temple of Lord Shiva, Vaitarini Kund, a group of temples without idols and Oak view are other places of interest.\r\n4. It is also famous for its weather (pleasant most of the year, but very cold in December and January)','!1m18!1m12!1m3!1d220225.2012218876!2d79.1791641275417!3d30.407209358026595!2m3!1f0!2f0!3f0!3m2!1i1024!2i768!4f13.1!3m3!1m2!1s0x3909d458db25f9b9%3A0x3c8e88f7178344d7!2sGopeshwar%2C+Uttarakhand+246401!5e0!3m2!1sen!2sin!4v1525675501448',30.25900000,79.21700000,'gopeshwar'),(10,3,'Karnaprayag','Karnaprayag is one of the Panch Prayag (five confluences) of Alaknanda River, situated at the confluence of the Alaknanda, and Pindar River.\r\nKarnaparyag is named after Karna a grand warrior mentioned in the Mahabharata. Karnaprayag is the place where Lord Krishna done the cremation of Karna.\r\nUma devi temple Temple is a famous attraction of the city dedicated to Goddess Parvati.It is believed that she gave darshan to a dimri pundit, and asked him to build a temple for her at the confluence of the  Pindar and the Alaknanda rivers. A grand procession is held every 12 years in which the idol of Goddess Uma is taken out in a grand procession to Dimmer village, believed to be her maternal place. The temple holds great importance for the local people.\r\nNauti Village 25 m from karnaprayag, the opening point of the greatest and longest Nanda Devi Raj Jat Yatra which is done once in 12 years is said to be the home of Goddess Nanda. The Yatra is considered as one of the longest pilgrimage tour covered by foot into the tiring path bestowing lively natural beauty which can leave anyone mesmerized.\r\nAn ancient temple of Adi Badri is a part of the sixteen tiny shrines nestled in the mountains. Adi Badri is believed to be the first temple which was constructed as a part of the Sapta Badri temples.','2018-04-08 18:32:15',1,'1. Karna Temple is resplendent with cultural heritage of the yore. He is believed to have worshipped the Sun God at this place to obtain the indestructible shield.\r\n\r\n2. Maa uma devi temple is dedicated to Goddess Parvati, the daughter of the Himalayas.\r\n\r\n3. Nauti Village is 25 km from Karnaprayag, the opening point of the greatest and longest Nanda Devi Raj Jat Yatra which is done once in 12 years is said to be the home of Goddess Nanda.\r\n\r\n4. Karnaprayag lies on national highway NH58 that connects Delhi with Badrinath and Mana Pass  near Indo-Tibet border.\r\n\r\n5. Roads from here also go to Almora, Nainital and Jim Corbett National Park.','!1m18!1m12!1m3!1d220556.9250908719!2d79.07836672748293!3d30.259826508869438!2m3!1f0!2f0!3f0!3m2!1i1024!2i768!4f13.1!3m3!1m2!1s0x3909daa3b6aadc6d%3A0x2a09c0c7989aa8b!2sKarnaprayag%2C+Uttarakhand!5e0!3m2!1sen!2sin!4v1525675581684',30.25900000,79.21700000,'karnaprayag'),(11,8,'Lansdowne','Lansdowne is a hill station situated on the Kotdwar - Pauri road at a height of 1,706 m in the Pauri-Garhwal district of Uttarakhand. The town is named after Lord Lansdowne the Viceroy of India who visited here in 1884. Earlier known as \'Kaludanda\' which means ‘Black Hill’ in Garhwali. The town has two churches made in the pre-independence era but only one St. James is running. The famous Garhwal Rifles of the Indian Army has its command office here.\r\nKaleshwar Mahadev Temple is almost a century old and situated near the main Lansdowne city. The religious center has earned its name after the Sage Kalun, who used to perform meditation here.\r\nHere you can watch rustic buildings, old taverns, and churches at Lansdowne.\r\n\r\nBEST TIME  TO VISIT-\r\nThe weather is pleasant and cooler in winters, Lansdowne can be visited throughout the year. It can get extremely cold in the winters with the temperatures dropping to 0°C. During summers, from March to May, the temperature ranges from 15°C to 30°C and during Vacations (May/June) may be a bit crowded and rooms are difficult to find. Lansdowne becomes even beautiful during the monsoons (July-September) as the flora and fauna look best during monsoon but if you are not comfortable this rain the avoid going in monsoon. \r\nSharadotsav Festival during the autumn is also a good time to visit Lansdowne.','2018-04-08 19:51:11',1,'1. Tip N Top\r\nTip N Top is the highest point in all of Lansdowne and one of the famous attraction located just 1. 5 kilometers away from the main city of Lansdowne in Pauri road. Tip N Top is a small hilltop viewpoint that is located at 1700 meters above the sea level and provides a breathtaking view of magnificent Shivalik Range.   \r\n\r\n2. Bhullatal Lake \r\nBhullatal Lake, an artificial manmade lake dedicated to the Garhwali youth of The Garhwal Rifles who helped in the construction of the lake, located at just 1 km from the Lansdowne\r\n\r\n3. Kaleshwar Mahadev Temple\r\nKaleshwar Mahadev Temple was constructed for Lord Shiva is the center of attraction and is a major point of devotion for the people here in Lansdowne and Garhwal regiment. \r\n\r\n4. Bhim Pakora \r\nBhim Pakora is a famous spot where two sacred rocks are perfectly balanced in the way that you can move above the rock with a single finger but never falls down even after using both hands. These rocks are in the shape of pakora (An Indian dish).\r\n.\r\n5. Tarkeshwar Mahadev Temple \r\nTarkeshwar Mahadev Temple is an ancient temple at a distance of 37 km from Lansdowne for meditated and worshiped Lord Shiva \r\n\r\n6. Darwan Singh Museum\r\nDarwan Singh Museum is a historical defense museum named after Victoria Cross holder Darwan Singh Negi, located near the parade ground in Lansdowne.','!1m18!1m12!1m3!1d221486.4579063428!2d78.5398327773184!3d29.843332511292864!2m3!1f0!2f0!3f0!3m2!1i1024!2i768!4f13.1!3m3!1m2!1s0x390982b9e5122989%3A0x2798532cabd61501!2sLansdowne%2C+Uttarakhand+246155!5e0!3m2!1sen!2sin!4v1525675646611',29.83700000,78.68100000,'lansdowne'),(12,8,'Pauri','Pauri is a town and a municipal board in Pauri Garhwal district located 1,814 meters above sea level on the northern slopes of kandoliya hills. Pauri provides a panoramic view of the snow-covered Himalayan peaks of Nanda Devi, Trisul, Gangotri Group, Thalaiya-Sagar, Nilkantha, Bandar Poonch, Swargarohini, Kedarnath, Kharcha Kund, Satopanth, Chaukhamba, Ghori Parbat, Haathi Parvat, Sumeru, etc.\r\nTourist attractions of the place consist of both natural as well as cultural endowments. \r\nAmongst the top places to visit in the town of Pauri are the Danda Nagaraja temple, the Kandoliya temple,  Khirsu Village, Kyunkaleshwar Mahadev Temple, Chaukhamba Viewpoint and Ramganga Dam.\r\n\r\nBEST TIME TO VISIT-\r\nThe best time to visit Pauri is from March-June and September-October, keep light woolens is the best idea. Monsoons can be avoided as this is the time of heavy rainfall and the chances of landslides increases. Winters are quite cold and freezing with minimum temperature falls at 0°C, but one can view snowfalls during winters. \r\nMaha Shivarathri festival celebration during February - March are very attractive','2018-04-09 05:20:17',1,'1. Kandoliya temple, located 2 km from Pauri town amidst the picture perfect surrounding is dedicated to Kandoliya Devta. The presiding deity of the temple is Lord Shiva and also houses idols of Bhumi Devta.\r\n2. Chaukhamba Viewpoint is a mesmerizing place which offers to its visitors captivating panoramas of beautiful Idwal valley. Situated 4 km from Pauri, one can witness the spellbinding glaciers.\r\n3. Khirsu is located 15 km away from the Pauri city. This small, tourist village has Apple orchards and huge gardens which remains filled with flowers and fruits in Spring. The region is known for offering a spectacular view of the Himalayas.\r\n4. Tara Kund is the highest tourist spot in Pauri which is 44 km from Pauri is situated at an elevation of around 2250 m above the sea level. It is also very popular for its Teej festival.\r\n5. Nag Dev is a small temple located 4 km from Pauri in the Pine and Rhododendron forest region which is around 1 km trek from the main road. The temple belongs to the nag devta (the snake god).','!1m18!1m12!1m3!1d441636.9712899414!2d78.49416002695811!3d30.143157038158105!2m3!1f0!2f0!3f0!3m2!1i1024!2i768!4f13.1!3m3!1m2!1s0x3909a476b13ca115%3A0xa30049354e9659ca!2sPauri%2C+Uttarakhand+246001!5e0!3m2!1sen!2sin!4v1525675735724',30.14800000,78.77600000,'pauri'),(13,5,'Mussoorie','Mussoorie popularly known as The Queen of the Hills is picturesque town located in Dehradun district at about 2000 m above the sea level.  This hill station is in the foothills of the Garhwal Himalayan range with its green hills and varied flora and fauna, is a fascinating hill. Commanding snow ranges to the northeast and glittering views of the Doon Valley and Shiwalik ranges in the south, the town was once said to present a \'fairyland\' atmosphere to tourists.\r\nAmongst the top places to visit in the Mussoorie are Kempty falls, Company Garden, Cloud End, Gun Hill, Mall road, Lal Tibba,  Happy Valley etc\r\n\r\nHOW TO REACH\r\nBy Road- Mussoorie is well connected with big cities by road. one can reach Dehradun through big cities after that transports are easily available for 35 km distanced Mussoorie. \r\nBy Air- The nearest airport is Jolly Grant, 54 km from Mussoorie. Indian Airlines and private carriers offer five flights per week from Delhi to Dehradun\'s Jolly Grant Airport.\r\nBy Train- Dehradun Railway station is Nearest Railway Station at a distance of 34 km.','2018-04-09 06:45:05',1,'1. Kempty Falls \r\nThe Kempty Falls is one of the most popular tourist spot 15 km (9.3 mi) from Mussoorie. The waterfalls at a height of over 40 ft from the midst of rock and is a scenic sight even from a distance.\r\n\r\n2. Company Garden\r\nCompany Garden is also known as \"Municipal Garden\" or \"Company Bagh is a colourful garden located at 3 km from Mall road. There is also an artificial lake with a small artificial waterfall.\r\n\r\n3.  Happy Valley \r\nHappy Valley has a small Tibetan temple a couple kilometres from the Library end of the Mall. This was the first Tibetan temple built in India by the Tibetan refugees at 1960.\r\n\r\n4. Lal Tibba\r\nLal Tibba is a scenic 5 km uphill walk from Picture Palace to the highest point in Mussoorie. Passes through Landour Bazaar. The old lighthouse is the nice thing to see there.\r\n\r\n5. Gun Hil\r\nGun Hill is a hilltop located at 6800 feet above sea level and 400 feet above the Mall road of Mussoorie in the distance of 1.7 km from Mall road.  It is the second highest point of Mussoorie after Lal Tibba. Gun Hill is a popular tourist destination undoubtedly offers a 360-degree picturesque view of Doon valley, Mussoorie two and Garhwal Himalaya Range.\r\n\r\n6. Mussoorie Lake is a newly developed picnic spot 6 km (3.5 mi) on Mussoorie-Dehradun road having a facility of pedal boats. It offers a view of Doon Valley and nearby villages.','!1m18!1m12!1m3!1d880471.8020838611!2d77.516137210206!3d30.454722131015682!2m3!1f0!2f0!3f0!3m2!1i1024!2i768!4f13.1!3m3!1m2!1s0x3908d0cfa61cda5b%3A0x197fd47d980e85b1!2sMussoorie%2C+Uttarakhand!5e0!3m2!1sen!2sin!4v1525675793841',30.45600000,78.07800000,'mussoorie'),(14,5,'Rishikesh','Rishikesh is a city in Dehradun district of Uttarakhand Located in the foothills of the Himalayas in northern India also known as the \'Gateway to the Garhwal Himalayas and \'Yoga Capital of the World\'. It is 25 km north of the city Haridwar and 43 km Dehradun. \r\nRishikesh has numerous yoga centres that attract tourists. It is believed that meditation in Rishikesh brings one closer to attainment of moksha, as does a dip in the holy river that flows through it.\r\n\r\nBEST TIME TO VISIT\r\nThe climate here is the continental type but its location in the foothills gives it a pleasant weather throughout the year. One can visit Rishikesh any time of the year, however, the best time to visit Rishikesh for River Rafting is from late September - October to mid-November, and then the best time to visit Rishikesh is from early March - April to the first week of May. \r\nIn July there is a festival in Rishikesh called Savan where thousands of people flock to Rishikesh. Major roads are blocked and hotels are crowded. It is better to avoid travelling to Rishikesh during that time.\r\n\r\nHOW TO REACH-\r\nBy Train\r\nNearest Railway Station is Rishikesh Railway Station which has limited Trains so it is advisable to take Train to Haridwar. Haridwar is well connected with big cities and Haridawar is just 20 km from Rishikesh with easy assessability of transport.\r\nBy Road\r\nBus and taxis are easily Available from Delhi and other big cities of the state. Delhi is 230 km from Rishikesh which take 6-7 hr by Buses.\r\nBy Air\r\nJolly Grant Airport is the nearest airport, which is located 15 km away from the city centre. Air India, Jet Airways, Jet Konnect and Spice Jet have regular flights to Dehradun.','2018-04-09 11:53:21',1,'1. Rishikesh is the starting point for travelling to the four Chota Char Dham pilgrimage places — Badrinath, Kedarnath, Gangotri, and Yamunotri.\r\n2. Laxman Jhula built in 1939, Laxman Jhula is a 450-ft long iron bridge suspended over the Ganges River near Swarga Ashram.\r\n3. Neelkantha Mahadev Temple around 22 km away from Ram Jhula is one of the most important shrines dedicated to Lord Shiva.\r\n4. Rafting at Rishikesh is popular all over the country and the turbulent waves of river Ganges make it a popular adventure activity at Rishikesh. \r\n5. Some other adventures sports tourists can try at Rishikesh are bungee jumping, camping, cliff Jumping,  kayaking, mountain biking, rock climbing, rappelling, and zip lining.\r\n6. Trayambakeshwar Temple is 13 stories high Hindu temple with different deities throughout perched along the banks of the Ganges River at Lakshman Jhula Bridge is open to the public.','!1m18!1m12!1m3!1d883770.2052111207!2d77.71030539169313!3d30.087674107694653!2m3!1f0!2f0!3f0!3m2!1i1024!2i768!4f13.1!3m3!1m2!1s0x39093e67cf93f111%3A0xcc78804a6f941bfe!2sRishikesh%2C+Uttarakhand!5e0!3m2!1sen!2sin!4v1525675870164',30.10700000,78.30200000,'rishikesh'),(15,4,'Tanakpur','Tanakpur is a town in Champawat district of  Uttarakhand located on riverside of Sarda River with an average elevation of 255 metres (837 feet) and touched to Nepal border. It is in the foothills of Himalayas in the northern part of India as the gateway for Purnagiri Temple (around 30 km from here) as well as the \'Gateway to the Kumoun Himalayas\'.\r\nTanakpur was a major trade mart of the Kumaon division in British India. \r\nThe town was formed in 1880 to replace the Brahmdeo mart in Nepal, that was washed away by floods.\r\nTanakpur is linked by direct bus service with Lucknow, Delhi, Agra, Dehradun, Kanpur and other Districts.\r\nThe nearest airport to Tanakpur is Pantnagar Airport situated 98 km away in the Nainital district.','2018-04-09 17:43:07',1,'1. Tanakpur is famous for Devi Purnagiri temple which is situated 21 km from Tanakpur.Tunyas is 17 km and from there 3 km trek leads to Purnagiri Temple.\r\n2.  Shyamlatal is a natural lake located in a beautiful tiny village at 30 kms from Tanakpur town. Shyamlatal Lake covers an area of more than 1.5 sq km area and has a  a famous Swami Vivekananda Ashram.\r\n3. Sharda Ghat is also Famous As Ma Purnagiri Ghat And Is Located Near Tanakpur Bus Stand. Many people bathe to cleanse themselves before visiting the revered Maa Purnagiri Temple.\r\n4. Panchmukhi Mahadev Temple is a famous Temple dedicated to Lord Shiva in his panchmukhi or five faced form.Large Numbers Of Devotees Arrive for aarti at 7:30 Am and 7:30 Pm on all days.','!1m18!1m12!1m3!1d892753.9111595586!2d79.54129445802342!3d29.066688563887595!2m3!1f0!2f0!3f0!3m2!1i1024!2i768!4f13.1!3m3!1m2!1s0x39a10016579c8a65%3A0xed0a59e3283e0db6!2sNational+Highway-125%2C+Tanakpur%2C+Uttarakhand+262309!5e0!3m2!1sen!2sin!4v1525675938436',29.07400000,80.10900000,'tanakpur'),(16,12,'Udham Singh Nagar','Udham Singh Nagar is a  district of Uttarakhand located at outer foothills of the Kumaon himalayas. It was separated from Nanital district as a industrial district in oct 1995. \r\nthis district is named after Shaheed-i-Azam Sardar Udham Singh, who was an Indian revolutionary and freedom fighter best known for assassinating Michael O\' Dwyer in revenge for the Jallianwala Bagh massacre in Amritsar in 1919.\r\nIt has beautiful scenery surrounded by Kumaon Himalayas on one side and Nepal on the other.\r\nThis place represent singleness among the people different cultures, religions and life styles under one place.\r\nPantnagar university, IIM Kashipur are prominent educational institute.\r\ndistrict is well connected with road, train and by Air. Air port is in Pantnagar.','2018-04-10 06:35:38',1,'1.  Nanakmatta is high religious significance especially for Sikhs. It is believed that the first Sikh Guru visited here to meditate. Nanak Matta Dam is also a popular attractions of the town.\r\n2. Rudrapur was established in the 16th century by King Rudra Chand now serve as district headquarters of Udham Singh Nagar.\r\n3. Atariya temple is important temple here established in 200 B.C located in Rudrapur. It\'s 10 days fair during chaitra navratri in March is famous.\r\n4. Drona Sagar Lake is a beautiful lake located at 3 km from kashipur bus stand. THis lake is related to famous teacher of Pandavas and kauravas of Mahabharat.\r\n5. Pantnagar where G.B.Pant University of Agriculture & Technology is situated, the first agriculture university of India established in 1960 is located 5 km from Rudrapur.','!1m18!1m12!1m3!1d28574249.074703358!2d61.46729535479623!3d29.044584213620027!2m3!1f0!2f0!3f0!3m2!1i1024!2i768!4f13.1!3m3!1m2!1s0x39a0a42fb9305a55%3A0xfe838c83a67e3cff!2sUdham+Singh+Nagar%2C+Uttarakhand!5e0!3m2!1sen!2sin!4v1525676013057',28.97400000,79.39600000,'udham-singh-nagar'),(17,12,'Rudrapur','Rudrapur city is located in the Udam Singh Nagar district which is popular because of commerce hub in recent years but It also has 500 year old rich history. This city  is established by King Rudra Chand in 16th century.\r\nRudrapur is the fifth most populous city of Uttarakhand.\r\nEasy to reach:-\r\nBy Air\r\nNearest airport: Pantnagar Airport \r\nBy Rail\r\nRudrapur City Railway Station is connected from big cities like Delhi, Gorakhpur, Lucknow and Haridwar.\r\nBy Road\r\nConnected to all major cities of Bihar by State transport buses. Private buses available from Delhi.','2018-04-10 08:39:26',1,'1. Atariya Temple is situated 2 km from the bus stand of Rudrapur is considered as one of the famous tourist attractions which established in 200 B.C located in Rudrapur. It\'s 10 days fair during chaitra navratri in March is famous.\r\n2. Nanakmatta is situated 54 km from Rudrapur is high religious significance especially for Sikhs. It is believed that the first Sikh Guru visited here to meditate. Nanak Matta Dam is also a popular attractions of the town.\r\n3. Bhind gauri sarovar is a lake with a beautiful park in kashipur approx 60 km from Rudrapur.\r\n4. Moteshwar Mahadev is an ancient temple dedicated to Lord Shiva located at Ujjanak in the Kashipur 57 km from Rudrapur.\r\n5. Haripura jalashay is a dam  on Bhakra River located 15 km from Rudrapur where boating is also available.','!1m18!1m12!1m3!1d893432.521451405!2d78.83525063477082!3d28.988236663221375!2m3!1f0!2f0!3f0!3m2!1i1024!2i768!4f13.1!3m3!1m2!1s0x39a07f9567c1f745%3A0xdffe5c8738783baf!2sRudrapur%2C+Uttarakhand!5e0!3m2!1sen!2sin!4v1525676178810',28.97400000,79.39600000,'rudrapur'),(18,7,'Mukteshwar','Mukteshwar is a beautiful town of Nainital district in the Kumaon Hills at an altitude of 2286 m where  one can see beautiful view of Kumaon , Garhwal and nepal mountain range Muktesh is 51 km from Nainital, 72 km from Haldwani, and 343 km from Delhi.\r\nMukteshwar is popularised by Britishers  for establishment of the IVRI (Indian Vertinary Research Institute) in 1893 because of fruit orchards and coniferous forest. \r\nA 350 years old temple of lord Shiva is known as Mukteshwar Temple, so this place is named after that. Mukteshwar is another name of Lord Shiva, which literally means ‘One who offers Moksha’.\r\nRabindra Nath Tagore started writing Gitanjali from this place.\r\nMukteshwar weather is pleasant throughout the year but it\'s good to avoid it in rainy season because  heavy rain may cause road jam and landslide. Winter is so cold and freezing temperature is normal here so has snowfalls sometime during december and january. Light wooler is enough for summer but heavy wooler is must for winter.\r\nHOW TO REACH:-\r\nyou can easily book taxi from Haldwani which is 72 km from Mukteshwar. If you want to use bus or sharable taxi then first you have to go Bhowali from Haldwani then you can use  local transport to Mukteshwar from Bhowali.. Buses are easily available to Haldwani from Delhi(Anand Vihar Bus Terminal) and other big cities. Trains are also available for Haldwani. Nearest airport is Pantnagar Airport.','2018-04-12 18:19:11',1,'1. Mukteshwar temple is a 350 years old Temple of lord shiva  at the top of Mukteshwar. It is 400 meters from main Mukteswar square but you need to climb just few stairs.\r\n2. A amazing cliff of a mountain just behind the Mukteshwar temple known as Chauli Ki Jali whereas Chauli is \'Rock\' and Jali is \'Hole\' used for rock climbing and rappelling, with an excellent view of Kumaon Valley.\r\n3. Bhalu gaad waterfall is a beautiful waterfall with crystal clean water 14 km downhill from Mukteshwar after that there is a trek of 1.5 km into the forest to reach there.\r\n4. Breathtaking view of Himalayas which include fantastic view of Nanda Devi (Second highest peak of India).','!1m18!1m12!1m3!1d444628.2252596147!2d79.36986897589512!3d29.467995154106156!2m3!1f0!2f0!3f0!3m2!1i1024!2i768!4f13.1!3m3!1m2!1s0x39a0bbfdf924848f%3A0x72b5b5db99b0efdb!2sMukteshwar%2C+Uttarakhand!5e0!3m2!1sen!2sin!4v1525676237269',29.50900000,79.67600000,'mukteshwar'),(19,1,'Dwarahat','At the gap of 38 km. from Raniket and 77 km. from Almora , Dwarahat us an historical metropolis full of lovely temples with breathtaking sceneries in the kumaon mountains of almora. Dwarahat is an area of sprcial spiritual significance . it\'s far the home of 55 vintage historic temples . The small city appears beautiful in the course of specifically in the course of winters while it recieve blizzard . Dwarahat is well-known for its historic temples which were constructed specially via the katyuri kings .','2018-04-14 07:24:42',1,'1) Dunagiri temple\r\nDunagiri temple is located 14 kms some distance from Dwarahat. A temple is devoted to goddess Durga. it\'s far believed that when Hanuman Ji changed into sporting the mountain with \'Sanjiwani buti\' for Laxman, a bit of it fell right here and on the grounds that that day this region is referred to as \'Doonagiri\' (\'giri\' which means fell).        \r\n       \r\n2) Pandavkholi is situated at a distance of 15 km from Dunagiri. Pandavkholi is considered to be the secret exile of pandavas, from here we can see the beauty of himalayas view with excellent clarity.\r\n\r\n                                                                                                                                                                                                                                                   3) One of the famous temple is Mrityunjay temple dedicated to lord shiva and remain open for the devotees. \r\n    \r\n                                                                                                                                                                                                            4) Another temple is dedicated to lord vishnu and is named Badrinath temple . The temple is built beautifully and excellent example of temple architecture.','!1m18!1m12!1m3!1d221630.78091354502!2d79.28880222729286!3d29.778192311677444!2m3!1f0!2f0!3f0!3m2!1i1024!2i768!4f13.1!3m3!1m2!1s0x39a75456512df04d%3A0x95c973b58d05be02!2sDwarahat%2C+Uttarakhand+263653!5e0!3m2!1sen!2sin!4v1525676290158',29.78300000,79.43300000,'dwarahat'),(20,1,'Almora','Almora is a municipal board and a cantonment city in the Almora district inside the nation of Uttarakhand, India. it is the administrative headquarters of Almora district. Almora is positioned on a ridge on the southern edge of the Kumaon Hills of the Himalaya variety, at a distance of 365 km from the countrywide capital New Delhi and 415 km from the state capital Dehradun. Almora becomes founded in 1568, via King Kalyan Chand.\r\n\r\nBEST TIME TO VISIT\r\nThe best season is Spring and Autumn to travel Almora during the months of February - April, and September-November. One can visit Almora any time of the year. Monsoon is from July end to September staring which can be avoided. The maximum temperature during summer is 30°C and tourists usually visit Almora during summers. Please carry little warm clothes even in summer for the evening. Winter is quite cold and the minimum temperature is -1°C.\r\nNanda Devi Festival the most popular festival of Almora and is celebrated in the month of September. This festival is celebrated since the time of Chand Dynasty probably as early as the 13th century AD.','2018-04-14 07:59:51',1,'1) Katarmal Surya Temple \r\n Built in 9th-century  by Katarmalla, a Katyuri King,  Katarmal Surya temple, presenting the architectural style of the ancient artisans. This Hindu temple hold a beautiful view of Kosi  and it is perched at an elevation of 2,116 meters above sea level and is situated at a distance of 19 kms from Almora town. \r\n2) Govind Ballabh Pant Museum is also known as the State Museum and stands opposite Almora Bus Stand. It is the only museum of Almora and hence a popular tourist attraction. Built in 1980, the museum has been named after Govind Ballabh Pant (GB Pant) to honour his contribution in the development of Uttarakhand.                                                                                                                                                                       \r\n3)At a distance of 6 km from Almora Bus Stand, Deer Park is situated in Narayan Tiwari Dewai in Almora Town. Deer Park is one of the major attractions of Almora and it features tall pine trees which add to the rich natural beauty of the place. This park preserves a huge collection of deer, furious Himalayan bears and wild leopards, which can be seen wandering around freely in the park.  \r\n4) One of the famous temple is Nanda Devi, dedicated to the Hindu Goddess Durga. This holy shrine is located in the heart of Almora city. Many Hindu pilgrims religiously visit this temple as Nanda Devi is considered to be the \"Destroyer of Evil\" and the saviour of the denizens of Kumaon as well as other regions of Uttarakhand.','!1m18!1m12!1m3!1d444041.58914797986!2d79.37314092610352!3d29.60150840090164!2m3!1f0!2f0!3f0!3m2!1i1024!2i768!4f13.1!3m3!1m2!1s0x39a0b7328910d81f%3A0x9811d25dd87d8ed5!2sAlmora%2C+Uttarakhand!5e0!3m2!1sen!2sin!4v1525676347338',29.60100000,79.66300000,'almora'),(21,9,'Munsiyari','Munsiyari is a popular hill station in Pithoragarh district at 2,200 m (7,200 ft) above sea level in Kumaon Himalaya. Munsiyari is surrounded with snow covered peak attracting tourists, mountaineers, glacier enthusiasts, high altitude trekkers and nature lovers. It is situated on the banks of Goriganga river.\r\nMunsiyari is referring to a place with snow in local parlance.\r\nMunsiyari, the centre as well as the Gateway of Johar Region\r\n Munsiyari is popular with high altitude trekkers and adventure enthusiasts as this place are the base of Milam, Ralam and Namik Glaciers. Trekkers use this place as a base camp.\r\nMunsiyari was an important part of the ancient route for trade with Tibet which is ended after the 1962 war with China. Earlier Munsiyari was a restricted area in the Himalayan Inner Line because it is between the borders of India, China and Nepal. Restrictions have now eased, placing Munsiyari on the trekking map of the Kumaon Hills.\r\nIn the winter, you can be a part of the famous Makar Sankranti celebrations, which is organised in mid-January. Jaulajibi is a fair held every November where people from all over the world come to trade and participate.\r\nAmongst the top places to visit in the Munsiyari is Birthi falls, Maheshwari Kund, Madkot, Nanda Devi Temple, Panchachuli peak, Khaliya top, Thamri Kund etc.\r\n\r\nBEST TIME TO VISIT\r\nThe months March-June and mid-September-October are perfect for visiting Munsiyari and trek to the nearby mountains.\r\n\r\nHOW TO REACH\r\nBy Road- Munsiyari is connected with major cities of Uttarakhand State. can be reached by using local taxis. Buses are available from Haldwani and Tanakpur in morning. One can also use direct Bus from Delhi to Munsiyari through Anand Vihar Bus Stand during the afternoon. Since the journey from Delhi to Munsiyari is quite long, it is advisable to break your journey at various stops and finally change the bus from either Almora or Pithoragarh.\r\nBy Air- Pantnagar airport is the nearest airport to Munsiyari lying at a distance of 249 km. Naini Saini Airport in Pithoragarh at a distance of 213 km is the other option, however, the flight are not that frequent from this airport.\r\nBY RAIL- Kathgodam (275 km) and Tanakpur (286 km) are the two best options of the nearest railway head to reach Munsiyari via rail. These stations are well connected to many major cities via good rail network. Cabs and buses can be hired from outside the station till Munsiyari.','2018-04-14 15:06:32',1,'1. Birthi falls is an amazing waterfall of 126 m high which is 35 km from Munsiyari and has a short trek.\r\nOne of the best place in Kumaon.\r\n2. Nanda Devi Temple is just 1.5 km from the town of Munsiyari with short trek, this temple is located in a wide open meadow that provides an awe-inspiring view of the Panchachuli peaks.\r\n3. Maheshwari Kund is a beautiful lake around 10 km from Munsiyari which is high religious significance for Hindu.\r\n4.  Thumri Kund is a freshwater lake 7 km before Munsiyari there is a Hanuman temple from there it\' has 3 km up down trek.','!1m18!1m12!1m3!1d441962.79998969653!2d79.95669354378272!3d30.070281659964742!2m3!1f0!2f0!3f0!3m2!1i1024!2i768!4f13.1!3m3!1m2!1s0x39a6dc8d1ea9276d%3A0x5748adfabe56734!2sMunsyari%2C+Uttarakhand+262554!5e0!3m2!1sen!2sin!4v1525676415941',29.85000000,80.53300000,'munsiyari'),(22,13,'Uttarkashi','Uttarkashi, meaning Kashi of the north as the name reflects this place has similarities with city of kashi (Varanasi) both situated in the bank of river Ganga and has a temple dedicated to Shiva (Kashi Vishwanath Temple) in the center of the town.\r\nUttarkashi is district headquarter of Uttarkashi district situated at the bank of river Bhagirathi(Ganga) at an altitude of 1158 m above sea level.\r\nUttarkashi is quiet town and one can take walks along the banks of the river Bhagirathi.\r\n\r\nHow TO Reach:-\r\nYou can easily get regular buses and taxes from Rishikesh, Haridwar and Dehradun. Rishikesh is 143 km from Uttarkashi. Closest railway station is Rishikesh  Railway Station. Nearest Airport is Jolly Grant Airport which is 160 km from Uttarkashi.','2018-04-17 18:42:30',1,'1. Kashi Vishwanath temple\r\nIn the centre of Uttarkashi town, on the banks of the river Bhagirathi is located this beautiful temple dedicated to Lord Shiva.\r\n2. Gangotri\r\nA is a popular pilgrim place in India and one of among the four Char Dham pilgrimage areas.It is 98 km From Uttarkashi.\r\n3.Dayara Bugyal\r\nA beautiful Trekking destination for beginners has trek of 8 km from Barsu which is 38 km from Uttarkashi.','!1m18!1m12!1m3!1d878020.2891856143!2d77.86862591064154!3d30.724956924932656!2m3!1f0!2f0!3f0!3m2!1i1024!2i768!4f13.1!3m3!1m2!1s0x3908ed2ff38e31ef%3A0x7fdeebfe93c9add1!2sUttarkashi%2C+Uttarakhand!5e0!3m2!1sen!2sin!4v1525676519988',30.73000000,78.44100000,'uttarkashi'),(23,7,'Ramnagar','Ramnagar is a small city and municipal board inside the Nainital district of Uttarakhand, India. It\'s far positioned approximately sixty five kilometres from Nainital.\r\nRamnagar is placed on the foothills of the Himalayas on the bank of river Kosi. Kashipur located about 18 km faraway from this city. The town is famous for being the gateway to Corbett national Park and draws lot of traveler interest due to its geographical region. Its proximity to Nainital that is a well-known hill station of Northern India makes it even more famous. Ramnagar is the gateway to western Kumaon and Garhwal. it is also the graduation point of Kumaon Hills with the nearby city of Haldwani. Ramnagar is also well-known for global \"Litchi farming\". there is a Kosi Barrage in Ramnagar in which lot of migratory birds arrives in iciness.','2018-04-19 14:52:18',1,'1)  Corbett National park                                                                                                                                                      Corbett National Park is 10 km from Ramnagar. The park was Established in 1936 as the Hailey National Park, Corbett National Park is the oldest and one of the most sought after national parks in India. It is India\'s first sanctuary to come under Project Tiger. \r\n\r\n 2) Garjiya temple                                                                                                                                                   \r\nGarjiya Devi Temple is placed in the Garjiya village close to Ramnagar, Uttarakhand, India. It is a sacred Shakti shrine in which Garjiya Devi is the presiding deity. The temple is located over a massive rock inside the Kosi River and is one of the most famous temples of the Nainital district visited via lots of devotees at some point of Kartik Poornima.                                                                                                                     \r\n\r\n3) Shitavani                                                                                                                                                                      \r\nSeeta Bani Temple is dedicated to Devi Sita, consort of Lord Rama. it\'s miles believed that she entered into the lap of mom Earth here. each 12 months, a fair is held here during Ramanavami. it is placed at a distance of 20 km from Ramnagar.','!1m18!1m12!1m3!1d889873.8775130578!2d78.56341335853534!3d29.397513105807832!2m3!1f0!2f0!3f0!3m2!1i1024!2i768!4f13.1!3m3!1m2!1s0x390a139dca30a92d%3A0x61ad11a71c820859!2sRamnagar%2C+Uttarakhand+244715!5e0!3m2!1sen!2sin!4v1525676654243',29.25200000,79.38600000,'ramnagar'),(24,3,'Auli','Auli is a ski destination in Chamoli district in the Himalayan mountains of Uttarakhand,India. \r\nAuli, additionally referred to as Auli Bugyal,  which means \"meadow\"(in Garhwali), is located at an elevation of two,500 metres (8,two hundred feet) to three,050 metres (10,010 feet) above sea degree.After the creation of the state of Uttarakhand, formerly part of Uttar Pradesh, Auli turned into marketed as a traveller destination. Auli lies at the manner to the Hindu pilgrimage vacation spot of Badrinath. It\'s miles surrounded by using coniferous and very well forests, with a breathtaking view of the peaks of the Himalayas.','2018-05-16 13:36:35',1,'1. Synthetic Lake or manmade lake\r\nAcknowledged to be the arena’s highest guy-made lake, artificial Lake is placed close to the Clifftop club private lodge. The artificial lake turned into created to provide artificial snow for the skiing activities accomplished during the time of much less snowstorm. The snow made from this lake has proven to be very beneficial because it affords a very good and good sized floor for skiing. It has additionally accelerated the duration of the skiing length.\r\n\r\n2. Joshimath\r\nLinked via the ropeway to Auli, Joshimath is well-known for its mountaineering and trekking expeditions. It became installed as one of the essential institutions with the aid of Adi-Shankara. Tourists are drawn to visit this site because of its non secular importance, and for the adventure of the ropeway, which offers a beautiful view of Auli. The ropeway connecting Joshimath and Auli is called the longest ropeway of Asia, and it’s a major appeal for traffic\r\n\r\n3.Gurso Bugyal\r\nFor individuals who are seeking out an offbeat options for places to visit close to Auli. A brief however adventurous trek of 3km will land you at the mysterious Gurso Bugyal.  The trail passes thru the valleys between the mountains of Nanda Devi, Trishul and Dron.\r\nThe perspectives of those majestic mountains even as on foot along the nature trails is without a doubt majestic! During the spring season, the vicinity transforms into a huge green carpet below your feet and the clear blue sky over your head.\r\n\r\n4. Trishul top\r\nAt the height of 23, 490 ft, Trishul height is a popular ski slope. It\'s far one of the few places of India in which skiing is professionally practiced. The Nanda Devi countrywide Park is situated close to the peak, and it attracts humans in a big variety. On the foot of this hill is the well-known Roopkund Lake, which is also referred to as ‘mystery Lake’ for the skeletons of horses and human beings that have been observed within the lake. A totally famous skiing spot, Trishul top offers a super panoramic view from the top, and enthusiastic skiers find themselves traversing the slopes of this hill for the adventurous feeling it has to offer. Vacationers, who are not skiers, also experience the atmosphere and the view, together with looking the ski competitions taking location on the hill.','!1m18!1m12!1m3!1d24968.103155014025!2d79.54994807072748!3d30.53766447291755!2m3!1f0!2f0!3f0!3m2!1i1024!2i768!4f13.1!3m3!1m2!1s0x0%3A0xe6c8c0c3068a370f!2sAuli+Skiing!5e0!3m2!1sen!2sin!4v1526477622263',30.53700000,79.56500000,'auli'),(25,5,'Dehradun','Dehradun is the interim capital city of Uttarakhand situated at an altitude of 435 meters above the sea level. Dehradun is a gateway to some of the most popular hill stations like Mussoorie and pilgrimage spot of Haridwar and Rishikesh.\r\nDehradun is in the Doon Valley on the foothills of the  Himalayas between Ganga river and Yamuna river. This beautiful city has many tourist attraction places like Sahastradhara, Robber’s Cave, Malsi Deer Park, Tapkeshawar Temple etc.\r\nDehradun gets its name from two words, \'dera\' which means home and \'doon\' which means valley that lies between the Himalayas and the Shivaliks.\r\nDehradun is also famous for Indian Military Academy, Forest Research Institute and the number of elite boarding schools it has like the Doon School. In fact, Dehradun is also called as the ‘school capital of India’.The Famous Basmati rice is grown in abundance in this city and then exported to other parts of the country. Despite different businesses like schooling, agriculture, construction, etc, the city of Dehradun is still known for its calm and relaxing life where the weather is pleasant and the air is fresh.\r\n\r\nBEST TIME TO VISIT-\r\nDehradun is all year tourist destination where summer is the most visitors season in which the temperature is between 19°C to 38°C. Monsoon is from July to September is preferred for natural beauty where you will get to enjoy the lush green landscapes. During Winters from December to January, the temperature is cold around 3°C to 20°C. Winter and Autumn which is from October to February are the best time for couples to visit pleasant and cool weather in Dehradun.\r\n\r\nHOW TO REACH-\r\nDehra Dun is well linked by rail and road with Big Cities like Delhi, Bombay, Calcutta, Lucknow, and Varanasi.\r\nBy Road- Dehradun can easily be reached by the public and private vehicle as it is well connected with big cities. Dehradun is 270 km from the country capital Delhi.\r\nBy Train- Dehradun is connected by regular train services to cities Delhi, Lucknow, Allahabad, Mumbai, Kolkata, Ujjain, Chennai, and Varanasi. The Dehradun Railway Station is located 1-2 kilometers away from the city center.\r\nBy Air- Dehradun’s airport is the Jolly Grant Airport, which is located 20 km away from the city center. Air India, Jet Airways, Jet Konnect, and Spice Jet have regular flights to Dehradun.','2018-05-24 08:47:04',1,'1. Robber\'s Cave\r\nIn Dehradun suburbs, Robber\'s Cave is popularly called Guchhipani or Guchu Pani. It is surrounded by majestic hills and offers a glorious trek up the mountains.\r\nOne of the most excellent features of Robber\'s Cave is that it has a waterfall which is about 10m high. The water in the cave appears and then vanishes underground all of a sudden. The water appears again on the surface a few yards away. The cave has elegant interiors. \r\nIt is also said that the cave got its name from the British after they found out that robbers kept stolen belongings in the cave. Shops too are present around the cave where one can enjoy delicious snacks alongside the scenic beauty.\r\n\r\n2.Sahastradhara \r\nSahastradhara actually signifies \'thousand-overlay spring\'. It is a well known fascination, renowned for its happy magnificence and helpful incentive since its water contains Sulfur. While the place can be gone to whenever amid the year, you would love the enchanting excellence of the waterfall amid the blustery season when the stream proposes the presence of a spouting downpour. Sahastradhara is a standout amongst the most mainstream traveler goals in Uttarakhand and is set in the pleasant town of Dehradun. \r\nThe place displays genuine grand excellence, where water dribbles from limestone stalactites, influencing the water To sulfur rich and accordingly it is otherwise called Sulfur Springs. The water is new and sweet, and the region is a distribution center of the dazzling magnificence of holes, waterfalls and steppe cultivating by local people. Sahastradhara is arranged at around 11 km from the city of Dehradun, close to the Robber\'s Cave. The temperature of water here is a little lower than its environment. Its pleasant excellence draws in a great deal of explorers from faraway spots. One can even appreciate a shocking perspective of the environment while getting a charge out of a fun ropeway ride here. These ropeways give breezy outings to these lovely peaks.\r\n\r\n3.Mindrolling Monastery\r\nOne of the six noteworthy religious communities of the Nyingma School in Tibet, the Mindrolling Monastery was set up in 1676 by Rigzin Terdak Lingpa which was re-set up in Dehradun by Khochhen Rinpoche alongside a gathering of priests in 1965. The religious community isn\'t just a vacation spot yet, in addition, a goal where every day very nearly several people achieve the most profound sense of being. Being an engineering magnum opus with a few areas, the religious community is no not as much as a ponder to take a gander at. Various wonderful greenery enclosures, expansive regions, and a stupa are altogether arranged inside the edge of the religious community. The Ngagyur Nyingma College is likewise present inside the premises offering propelled Buddhist examinations to priests who can pass on the learning to the up and coming ages. \r\nThe religious community is an unnatural marvel attributable to its patio nurseries, college complex and the tallest Stupa in Asia encompassed by greenery. It additionally has various place of worship rooms, Tibetan artistic expressions, and wall paintings. Nonetheless, what grabs the eye of each visitor is the nearness of the tall statue of Lord Buddha. Arranged amidst the quiet lower regions of the Himalayas, the Mindrolling Monastery is one of the biggest Buddhist focuses in India which draws in a huge number of guests from everywhere throughout the nation and in addition abroad. This excellent place should be gone by on the off chance that you are arranging a trek to Dehradun.\r\n\r\n4.Lacchiwalla \r\nA popular picnic destination, Lacchiwalla is famous for its lush greenery unspoiled by human activity. It is located at a small drive away from Dehradun. You can stay over at picturesque cottages and hotels.','!1m18!1m12!1m3!1d77936.46603683328!2d77.98088207069046!3d30.312910101241513!2m3!1f0!2f0!3f0!3m2!1i1024!2i768!4f13.1!3m3!1m2!1s0x390929c356c888af%3A0x4c3562c032518799!2sDehradun%2C+Uttarakhand!5e0!3m2!1sen!2sin!4v1527151413222',30.32500000,77.87700000,'dehradun'),(26,6,'Haridwar','Haridwar, literally \'Gateway to God\' which is a Theerth Nagari where people from all over India visit for pilgrimage and to take a holy dip into the holy river Ganges. Here river Ganges enters in plain areas of north India after flowing 253 kms from its origin Gaumukh (Gangotri Glacier).\r\n Haridwar is also one of the four places where Kumbh Mela happens after rotation of every twelve Years and Ardh Kumbh after every six years.\r\nHaridwar is well known as great source of Ayurvedic medicines and herbal remedies.','2018-05-26 11:36:29',1,'1. Kumbh Mela\r\n    Haridwar is one of four sites where drops of Amrit, the elixir of immortality, accidentally spilled over from the pitcher while being carried by the celestial bird Garuda. This is manifested in the Kumbha Mela, which is celebrated every 12 years in Haridwar.\r\n2. Ganga Aarti\r\n   Ganga Aarti Means Prayer for the River Ganges. Everyday hundreds of people come Haridwar to see Gange aarti. The golden hues of floral diyas reflected in the river Ganges present the most enchanting sight.\r\n3. Mansa Devi Temple\r\n  This place is in Located on Bilwa Parvat one of the five pilgrimage in Haridwar.You can have beautiful view of Haridwar and Ganga river from Mansa Devi mandir. People visit Mansa Devi temple in seek of fulfillment of wishes. Well you can pray the Goddess to fulfill wishes of your near and dear.','!1m18!1m12!1m3!1d1769950.2297014517!2d76.99531074425674!3d29.952575767127044!2m3!1f0!2f0!3f0!3m2!1i1024!2i768!4f13.1!3m3!1m2!1s0x3909470eb8ee57c9%3A0x4e449176a640f5f3!2sHaridwar%2C+Uttarakhand!5e0!3m2!1sen!2sin!4v1527334476515',29.96600000,78.16600000,'haridwar'),(27,5,'Chakrata','Chakrata in Uttarakhand is a beautiful slope station, encompassed by the stunning Himalayan range. Cuddled in the Dehradun locale, this curious and beguiling slope withdraw is best known for its peacefulness and hypnotizing sees around. \r\n\r\nChakrata isn\'t an exceptionally well known occasion goal and is up to this point from any touristy bedlam or commotions. It is a tiny slope town that offers a couple of nearby attractions and some energizing exercises. The scope of most entrancing activities in Chakrata incorporates some touring and a touch of investigation and enterprise also.','2018-05-27 04:59:58',1,'1. Tigerfall\r\nThe Tiger Fall is named as it has mouth from where it falls as similar to tiger, it is some what 20 km further to Chakrata. There are 2 ways to approach it one pay some amount per person and they will let you take your vehicle till 500 Mts or half a Km you need to track your way down and up which is considerably steep. there is another way from the entry point which is about 1.5 km of mountainous track.\r\n\r\n2. Lakhamandal Temple\r\nThis temple is popular among the Shakti Cult, who believe that a visit to this temple shrine will end their misfortunes. Lakhamandal gets its name from the two words: lakha (Lakh) meaning \"many\" and mandals meaning \"temples\" or \"lingam\". It is 35 km. from Chakrata on the Mussoorie-Yamnotri road, past Kempty Falls. It is built in North Indian Architectural style, which is common in the hilly regions of Garhwal, Jaunsar and Himachal. The Yamuna River flows alongside Lakhamandal village where the temple is situated.\r\n\r\n3.Deoban Forest\r\nIt is around 13 km from Chakrata and a must visit place. It has one PWD rest house from where you can see snow capped mountains including Nanda devi. It has lot flora and fauna and birds for nature enthusiast.\r\n\r\n4.Kanasar\r\nKanasar is arranged at a separation of 27 kms close Chakrata and 114 kms from Dehradun on Chakrata-Tiuni engine capable street, encompassed by high pinnacles and thick rain backwoods the place is perfect for voyagers. A timberland Rest House in the pleasant surroundings is accessible for convenience. Kanasar is an alluring spot encompassed by thick green woods. Green glades draws in heaps of traveler and makes it a best outing spot close chakrata. A little sanctuary is the focal point of confidence and dedication for local people. Kanasar is notable for its exceptionally old deodar trees in the woodland. A tree of boundary 6.35 meters is known to be Asia\'s greatest deodar tree. Kanasar has few woods sleeping quarters with partitioned toilets, magnificent outdoors area with choice for trekking.','!1m18!1m12!1m3!1d13722.147890468466!2d77.85798302645354!3d30.70330130635637!2m3!1f0!2f0!3f0!3m2!1i1024!2i768!4f13.1!3m3!1m2!1s0x390f4a6c1ae9b81f%3A0x9bbdb9d6b27b0eb4!2sChakrata%2C+Uttarakhand+248123!5e0!3m2!1sen!2sin!4v1527397254757',30.70300000,77.85700000,'chakrata'),(28,4,'Lohaghat','Lohaghat is a peaceful and beautiful hill station Champawat district.Lohaghat is situated on the banks of Lohawati River  Located at an altitude of 1706 metres. The town  is surrounded by pine and oak forests which make it more beautiful.\r\nBagwal fight carnival is also popular which takes place at Devidhura (In Maa Baarahi temple) on auspicious day of Raksha Bandhan day. Devidhura is 45 km from Lohaghat.\r\nIt is a place of mythological importance, and dedicated to Hindu God, Lord Shiva. P. Barron on his visit had said,\"Why go to Kashmir, if there is heaven in the world, so its in Lohaghat\". This place has a historic importance as well. There are also remains of the fort of mythological demon king Banasur, who was killed by Lord Krishna.\r\nApart from being a favourite destination for tourists, this place is famous for its celebration of Holi and Janamashtmi.The Khadi bazaar of the town is an added attraction, and the scenic Galchaura.','2018-05-27 05:43:43',1,'1. Abbott Mount\r\n  Situated on top of a hill it offers a breathtaking view of the 300 kms Himalayan range.there are 100 yrs old cottage but very well maintained.\r\n2. Mayawati Ashram\r\n  10 Kms from Lohaghat place is known for great Hindu saint SWAMI VIVEKANAND who visited Mayawati Ashram  During his visit to Almora in 1898, Swami Vivekanand decided to shift the publication office of \'Prabuddh Bharat\' from Madras to here.\r\n 3. Banasur ka kila\r\n    Located 20 km from Champawat on the way to Lohaghat, you have to trek approx 2km from the main road.As per mythology, lord Krishna defeated Banasur here.','!1m18!1m12!1m3!1d889793.683902406!2d79.52546937787196!3d29.406676255587126!2m3!1f0!2f0!3f0!3m2!1i1024!2i768!4f13.1!3m3!1m2!1s0x39a0e01bcefa0a4d%3A0xb4f8dfae2a3677!2sLohaghat%2C+Uttarakhand+262524!5e0!3m2!1sen!2sin!4v1527399710129',29.40700000,79.52500000,'lohaghat'),(29,9,'Pithoragarh','Pithoragarh is the easternmost district of Uttarakhand, neighbouring Tibet in the north and Nepal in the east. A place of exquisite natural beauty and serenity, Pithoragarh is popularly known as the \'Little Kashmir\'. This captivating town with fascinating forests around it is located at an impressive height of 1,645 m and is nestled in a small valley. Pithoragarh town is a historical landmark. It was a major center of power during the regime of the Chand Kings in Kumaon.\r\n\r\nFrom here, pilgrims take their journey to the holy shrines, Kailash and Mansarovar.This valley also nestles the snow-crested peaks Nanda Devi East (7,434 m) and West (7,817 m). Below these mighty peaks lie the alpine valleys and glaciers like Milam, Ralam, Namik and Sundardunga.\r\n\r\nsource : uttarakhandtourism.gov.in','2018-05-30 02:13:18',1,'1. Askot Musk Deer Sanctuary\r\nAskot Musk Deer Sanctuary is located 54 km from Pithoragarh near Askot in Uttarakhand state of India. This sanctuary has been set up primarily with the object of conserving the musk deer (Moschus leucogaster) and its habitat. Intensive efforts have been initiated to conserve this rare species. Other mammals found in this sanctuary include the Bengal tiger,[1] Indian leopard, Himalayan jungle cat, civet, barking deer, serow, goral and Himalayan brown bear. Many species of high altitude birds are also found in this sanctuary.\r\n\r\n2.Dhwaj Temple\r\nDhwaj Temple in Pithoragarh locale of Uttarakhand is arranged at a separation of 10 kms from the primary Pithoragarh town.Devotees and sightseers are likewise required to trek 4km in the midst of the thick woods inorder to reach the temple, which is arranged on a slope and offers mesmerizingview of the Himalayan pinnacles.\r\n\r\n3. Kapileshwar Mahadev\r\nA cave temple of Lord Shiva located just outside Pithoragarh city. Here you can have a glance of the Sor Valley and wide range of Himalayas\r\n\r\n4. Thal Kedar\r\nA religious altar devoted to Lord Shiva arranged at a stature of 8300ft. It is a temple situated on the Kumaon slopes in the Soar Valley. The place is an outstanding religious altar and is thronged by travelers. Consistently individuals throng this place to get rid of their sins. It is a hallowed land and taking a plunge on its blessed waters is accepted to cure every one of your wrongdoings. The picturesque magnificence of the place alongside ethereal perspective of the Kumaon Himalayas makes it a significant one of a kind enterprise. Arranged at separation of 16km from Pithoragarh, this place as a rule includes trekking through the captivating Soar Valley.','!1m18!1m12!1m3!1d55511.26650977378!2d80.19588167760251!3d29.590481254559194!2m3!1f0!2f0!3f0!3m2!1i1024!2i768!4f13.1!3m3!1m2!1s0x39a125c00088dd51%3A0x2b781d30a1523c63!2sPithoragarh%2C+Uttarakhand!5e0!3m2!1sen!2sin!4v1527646186238',29.59000000,80.19600000,'pithoragarh'),(30,2,'Kanda','Kanda is a village and tehsil in Bageshwar district. It is almost 24 km from Bageshwar town on Bageshwar - Munisyari (Pithoragarh) road. It is known for its rich history as Kanda was ruled by the Katyuri Kings from the 7th to the 13th century.Upon the disintegration of the Katyuris in 13th century, Kanda came under the rule of Mankoti kings of Gangoli. In the 16th century, the Chand king, Balo Kalyan Chand, invaded Mankot, the seat of Mankoti kings, and annexed Gangoli to his kingdom, the Kumaon Kingdom. Kanda is known for its rich scenic beauty, rural tourism, Kalishan temple, and town center typified by its cluster of markets, which are main attractions for the town\'s developing tourism industry.\r\n\r\nsrc - Wikipedia','2018-05-30 08:41:51',1,'1. Kalika Mandir or Kalishan\r\nLocated at about 5 km downside of Kanda Taxi stand, place called Kanda padav has a huge and highly deemed temple of Kalika. A fair can be visited in Shivratri in there. \r\n\r\n2. Kamedi Devi Temple \r\n15 km ahead of Kanda is another highly esteemed temple of devotees namely Kamedi Devi.  \r\n\r\n3. Bhadrakali Temple\r\nAlmost 15 km downside of Kanda Padav , a very recommended caved temple which has a little fountain is found, namely, Bhadrakali near the village Saniudyar. \r\n\r\n4. Center route of many destinations like Chaukori, Patal Bhuvneshwar, Haat Kalika, Munsiyari , Pithoragarh, Thal etc...\r\n\r\n5. R.O.S.E. (Rural Opportunity for Social Elevation) is a small help group in Kanda established in collaboration with Jeevan Paying Guest Unit (JPGU), Sunargaon. Kanda is a hilly province comprising of 30 villages having population of over 20,000 people. More than 50% population in Kanda is living below poverty line. As most of people of Uttarakhand, in Kanda also the locals are dependent on agriculture, animals and nature for their sustenance.\r\nsrc : https://rosekanda.wordpress.com/2015/09/01/rose-kanda-a-success-story-on-eco-tourism/','!1m18!1m12!1m3!1d110781.16994556853!2d79.7558621005252!3d29.809099287157732!2m3!1f0!2f0!3f0!3m2!1i1024!2i768!4f13.1!3m3!1m2!1s0x39a734ede4ac2245%3A0x217c345939e72d50!2sKanda%2C+Uttarakhand+263619!5e0!3m2!1sen!2sin!4v1527669649534',29.80900000,79.75600000,'kanda'),(31,3,'Joshimath','Joshimath is a beautiful town in Chamoli district of Uttarakhand which also known as Jyotirmath. It is one of the four math or cardinal institutions established by Adi Guru Sri Sankaracharya in the 8th century. \r\nJoshimath is a religious hub with gateways to Badrinath and Hemkund Sahib.\r\nAnother religious site is Narasimha Temple where Lord Badrinath is brought and worshipped in winters till he is taken back.\r\nIt is also a base point for many Himalayan treks like Pangarchulla, Valley of Flowers, and Kuari Pass.\r\nThere is a 1200 years old tree called Kalpvriksh under which Shankaracharya was enlightened after years of meditation.\r\nAuli is 14 Kms up from here which is great skiing place of India.\r\n\r\nHOW TO REACH-\r\nBY Road- Joshimath is well connected by road with major destinations of Uttarakhand Rishikesh, Pauri, Rudraprayag, Karnaprayag, Ukhimath, Srinagar, Chamoli etc. Buses to Rishikesh and Srinagar are available from ISBT Kashmiri Gate\r\nBy Air- Jolly Grant Airport is the nearest Airport to Joshimath situated at a distance of 272kms. Jolly Grant Airport is well connected to Delhi with daily flights.\r\nBy Rail- The nearest railway station to Joshimath is Rishikesh. Rishikesh railway station is situated 250kms before Joshimath on NH58.','2018-05-30 09:11:01',1,'1. Auli\r\n    Auli is a famous destination for skiing in India which also provide popular tourist attraction due to its proximity to the breathtaking Himalayas. \r\n\r\n2. Ropeway\r\n  Ropeway operates from Joshimath to Auli which is the longest ropeway of Asia after Gulmarg. Ropeway provides a wonderful view of the Himalayas.\r\n\r\n3. Shankaracharya Math\r\n   This is the math established by Adi Shankaracharya in North India. The Math has temples of Badrinarayan and Rajrajeshwari Devi. It has a sacred cave where Adi Shankaracharya supposedly undertook tapasya.\r\n\r\n4. Tapovan Joshimath\r\n   Tapovan has situated 10 km from Joshimath. It has natural hot water springs. It has a nice view of river Dhauliganga.\r\n\r\n5. Narsinh Temple\r\nThis is an ancient temple of Lord Vishnu in Narsingh Avtar and main temple of Joshimath. When Badrinath temple remains closed during winter every year, one idol of Lord Badri is brought to Narsinh temple and worshipped for six months.','!1m18!1m12!1m3!1d219892.94413138533!2d79.42316992386804!3d30.55418437876558!2m3!1f0!2f0!3f0!3m2!1i1024!2i768!4f13.1!3m3!1m2!1s0x39a79cad49e7760f%3A0x9897a724d1bf7174!2sJoshimath%2C+Uttarakhand+246443!5e0!3m2!1sen!2sin!4v1527667570002',30.56700000,79.56700000,'joshimath'),(32,9,'Chaukori','Chaukori is a village situated in the Berinag tehsil of Pithoragarh district. However, it is too far from Pithoragarh town and closer to Bageshwar(43 Km). As per its name Chaukori, it is a plane destination residing on top of hills cover a wide of Himalayan view that can be glanced upon from the backside of the KMVN Tourist Rest House as known as viewpoint of the place as Panchachuli peaks become clearly visible in clear weather from here. It has a bunch of Rest Houses and mornings are usually lovely in the place.','2018-05-30 16:10:41',1,'1. Musk Deer Sanctuary\r\nMusk deer Park, Mahruri, a short distance of 5-10 KM from Chaukori towards Bageshwar district. \r\n\r\n2. Sangar Temple \r\nJust about 20 odd Km towards Liti road in Bageshwar district, Sangar is a favorite and highly devoted Nauling temple. It\'s located in the heart of small mountains surrounded by it, not much walking and a plain place to sit makes a decent destination to visit. \r\n\r\n3.Kamedi Devi \r\nKamedi devi is almost 10 KM from Chaukori in Bageshwar district is another temple , good for religious ones.\r\n\r\n4. Liti-Gogina \r\nGogina is the gateway for Namik glacier trek, situated in height. Liti-Gogina as also be visited on more than 20 KM to Liti road. \r\n\r\n5. Kotgadi Temple (Pankhu)\r\nA short distance of about 25km (approx) takes to Kotgadi Temple known for making wishes true.','!1m18!1m12!1m3!1d55374.22473570357!2d79.99762412791938!3d29.83862428195768!2m3!1f0!2f0!3f0!3m2!1i1024!2i768!4f13.1!3m3!1m2!1s0x39a72ba2c9b0ccb1%3A0xe7d5bba20ac40b9f!2sChaukori%2C+Uttarakhand+262531!5e0!3m2!1sen!2sin!4v1527696573691',29.83900000,79.99800000,'chaukori'),(33,3,'Badrinath','Badrinath is a Hindu holy town and a nagar panchayat in Chamoli district in the state of Uttarakhand, India. Badrinath is the most important of the four sites in India\'s Char Dham pilgrimage and gets its name from the temple of Badrinath.\r\nThe town is located at Garhwal hills between Nar and Narayan mountain range at the banks of Alaknanda River at an elevation of 3,133 m (10,279 ft) above the mean sea level. It is one of the most visited pilgrimage centres of India, having recorded 1,060,000 visits. The Neelkanth Peak provides a splendid backdrop to Badrinath\r\nBadrinath is also Important part of panch- badri and one of the char dham of Uttarakhand.\r\n\r\nHOW TO REACH\r\nOne can reach there only through road via NH58 from Rishikesh to Badrinath which is 301 kms. Regular bus service  is available.\r\nNearest Airport is Jolly Grant Airport\r\nNearest Railway Station is Rishikesh station','2018-05-31 05:43:36',1,'1. Badrinath Temple\r\n    The Badrinath temple is the main attraction in the town.According to legend Shankar discovered a black stone image of Lord Badrinarayan made of Saligram stone in the Alaknanda River. He originally enshrined it in a cave near the Tapt Kund hot springs. In the sixteenth century, the King of Garhwal moved the murti to the present temple.\r\n2. Tapt Kund\r\n   Tapt kund is one of the main attractions of badrinath dham.It is a fresh spring of heated water. Tapt Kund is thought to be adobe of Lord Agni. . Visitors have to take a dip in Tapt Kund before entering the Badrinath Temple. The temperature of the water of Tapt Kund is 45° Celsius. It also has beneficial medicinal properties.\r\n3. Mana:\r\n    Mana is situated 3 kms from Badrinath.Mana is very close to Tibet border and it is one of the last villages of India. Mana is inhabited by Indo-Mongolian tribes often called as bhotias. Mana is also famous for Vyas Gufa which is a cave where god Vyas lived.\r\n4. Bheem Pul\r\n  A natural stone bridge over the Saraswati River opposite to Vyas Gufa.Bheem Pul is a beautiful place with mythological importance. This is the place where Bheem threw a big massif rock to make a path joining two mountains so that Draupadi could walk easily on it. Saraswati River is coming out  between the mountain with immense force to merge with the water of Alanknanda River.','!1m18!1m12!1m3!1d438933.64015768364!2d79.21381824028177!3d30.74175224868416!2m3!1f0!2f0!3f0!3m2!1i1024!2i768!4f13.1!3m3!1m2!1s0x39a78e9f973108e7%3A0xf05a8b5e0c71473!2sBadrinath%2C+Uttarakhand+246422!5e0!3m2!1sen!2sin!4v1527745321352',30.74200000,79.49300000,'badrinath'),(34,10,'Rudraprayag','A holy town and district located at the confluence of rivers Alaknanda and Mandakini which is one of the five sacred confluences in Garhwal Uttarakhand.\r\nLegends believe that Lord Narad Muni worshipped here to please Lord Shiva in order to teach him the mysteries of music. Lord Shiva was pleased with him and appeared in his Rudra avatar and thought his music in the Rudranath temple. We can see pictures of Lord Narad with a Rudra garland around his neck and singing praises of Lord Shiva. So the place came to be known as Rudraprayag.\r\n\r\nBEST TIME TO VISIT-\r\nBest time to visit Main Rudraprayag is October to March( other visiting places in Rudraprayag district has different best time). Summer is from April to June with the maximum temperature of around 36 °C and has maximum no of the visitor.\r\nMonsoon have heavy rainfall so we recommend avoiding monsoon but if you preferer greenish natural beauty then monsoon and the post-monsoon period is the best time for you\r\nWinter is extremely cool with a minimum temperature of 0°C and most of the tourist spots in Rudraprayag are even cooler then main Rudraprayag but those tourist spots treat you with snowfall in winters and look marvelous.','2018-05-31 18:48:26',1,'1. Deoria Tal\r\nDeoria Tal is a beautiful lake also known as Devaria or Deoriya, standing at 2,438 meters (7,999 ft) above sea level from where you can see the glorious view of white Himalayas, reflections of Chaukhamba Range in the crystal clear water., camp stay and snow in winters.\r\n\r\n2. Tungnath Temple\r\nTungnath temple is highest Shiva Temple in the world which is located at an altitude of 3,680 m (12,073 ft). The temple is one of the Panch Kedars. The famous Tungnath temple is thought to be over 1000 years old and, according to the scriptures, this temple is constructed by Pandavas after the Kurukshetra War.\r\n\r\n3. Koteshwar Temple\r\nThe temple is dedicated to Lord Shiva. It is a cave temple on the banks of the river Alaknanda. Several naturally formed idols can be found in the temple. It is believed that Lord Shiva meditated in these caves found in the temple.\r\n4. Chopta\r\nA nice hill-station for as the base for the Tungnath-Chandrashila trek with the view of Snow covered Himalayan range.\r\n\r\n5. Kedarnath \r\nOne Of The Holiest Pilgrim Places Which Located An Altitude Of 3584 Meters In The Himalayan Peaks. Approximately It Is 86 Km Far From Rudraprayag\r\n\r\n6. Trijuginarayan \r\nOne Of The Finest Destinies In Rudraprayag. The Location Is Exactly 12 km Away From Son Prayag. Epics Stated That Lord Shiva And The Parvati’s Marriage Are Held Over Here In This Place. The Everlasting Flame Held For The Marriage Is Still Burns Here.','!1m18!1m12!1m3!1d13781.218132864407!2d78.9709603826004!3d30.2853909587228!2m3!1f0!2f0!3f0!3m2!1i1024!2i768!4f13.1!3m3!1m2!1s0x3909b7aea36f26f1%3A0x9eb43bf27ef18d47!2sRudraprayag%2C+Uttarakhand+246171!5e0!3m2!1sen!2sin!4v1527792418836',30.28500000,78.97100000,'rudraprayag'),(35,11,'Tehri Garhwal','Tehri Garhwal is one of the largest districts in the hill state of Uttarakhand.\r\nThe name Tehri has been derived from Trihari, signifying a place that washes away the three types of sins – sins born out of Mansa, Vacha and Karmana or thought, word and deed, respectively. Garh in Hindi means fort.\r\nAsia’s largest rock filled dam. Development of the Tehri Dam on the confluence of Bhagirathi and Bhilangana rivers completely submerged the old town of Tehri which was 16 ks from New Tehri, and the population was moved to the town of New Tehri.\r\nHowever, a majority of tourists are oblivious to the fact that Tehri has a fascinating history of kingdoms, protests, sacrifices resulting in the submergence of old Tehri and the rise of New Tehri. To relive the history of Tehri and promote tourism & Clean Ganga campaign, Government of Uttarakhand is organising the 4th “Tehri Lake Festival\" at Koti Colony, Tehri Lake, New Tehri from 25th -27th May 2018.','2018-06-01 07:04:01',1,'1. Tehri Dam\r\nTehri Dam, an engineering marvel and one of the world’s largest hydroelectric project is the pride of Tehri. The dam harnesses water of two important Himalayan rivers- Bhagirathi and Bhilangana. The ruins of Old Tehri lies under water today and New Tehri is a modern town spread over an altitude from 1550-1950 mts above sea level overlooking the gigantic lake and Tehri Dam.\r\n\r\n2. Surkhanda Devi Temple\r\nSurkhanda Devi Temple is about 8 km from Dhanolti at an altitude of 2903 m. The temple is located a highest peak in the locality making a perfect view point ringed by dense forests in a sanctified spot. For reaching the temple, one has to walk 2 km from the motor road at Kaddulkhal.\r\n\r\n3. Devprayag\r\nDevprayag (Deva prayāga) is a town and a nagar panchayat (municipality) in Tehri Garhwal district in the state of Uttarakhand, India, and is one of the Panch Prayag (five confluences) of Alaknanda River where Alaknanda and Bhagirathi rivers meet and take the name Ganga or Ganges River.\r\n\r\n4. Chamba\r\nChamba is a pristine town and hill station tucked in Tehri Garhwal district of Uttarakhand,It is situated at a junction of roads connecting Mussoorie and Rishikesh with the Tehri Dam reservoir and New Tehri.','!1m18!1m12!1m3!1d880358.756091757!2d77.92094021380655!3d30.46723100997542!2m3!1f0!2f0!3f0!3m2!1i1024!2i768!4f13.1!3m3!1m2!1s0x390902a634b77a61%3A0xe2a8b1297b15a187!2sTehri+Garhwal%2C+Uttarakhand!5e0!3m2!1sen!2sin!4v1527836531132',30.46700000,77.92100000,'tehri-garhwal'),(36,11,'Kirti Nagar','A small but beautiful town 4 kms from Srinagar town  located at the banks of Alaknanda river.\r\nKirtinagar was founded by Garhwal Raja Kirti Shah by the Alaknanda River in response to the destruction by flood of nearby Old Srinagar in 1894.','2018-06-01 14:31:26',1,'1. An ascent Lord Shiva Temple is located at Devprayag road near Kirtinagar. \r\n\r\n2. Kirti nagar provide beautiful view of himalaya and pleasant climate. People can take holy bath in Alaknanda river.\r\n\r\n3.Kirti nagar has good connectivity with major tourist spots in the state from here such as Devprayag, Rishikesh, Mussoorie etc','!1m18!1m12!1m3!1d220655.3014618668!2d78.60823995725556!3d30.21599344846224!2m3!1f0!2f0!3f0!3m2!1i1024!2i768!4f13.1!3m3!1m2!1s0x3909a5fd5d4bad91%3A0xc4be76b9f82551b0!2sKirtinagar%2C+Uttarakhand+249161!5e0!3m2!1sen!2sin!4v1527863387012',30.21600000,78.60800000,'kirti-nagar'),(37,13,'Gangotri','Gangotri is a popular pilgrim place in India and one of among the four Char Dham pilgrimage areas has important values in Hindu religion situated at the bank of Bhagirathi river.\r\nThe present Gangotri Temple was built by a Gorkha General Amar Singh Thapa in the early 18th century in the early years of the 18th century. This temple stands at an altitude of 3042m and emits a highly pious aura. Religious rituals are in full swing in the Gangotri temple with the Arti ceremony performed by the pujaris of the Semwal family.\r\nThe mystical hill station of Gangotri is famous for the Shivalinga, which lies submerged in river Gangotri, during summer and visible only when winter comes. The temple is open from last week of April to second week of November. Snowfall can be enjoyed during winters, especially from end of November till mid of March.\r\nAs per legends, the Goddess Ganga transformed herself into a river to dissolve the sins of King Bhagirath’s forefathers, following his penance. In order to reduce the impact of her fall, Lord Shiva gathered Ganga into his matted locks and has ever since been associated with Goddess Ganga.\r\n\r\nSource :-http://uttarakhandtourism.gov.in/gangotri','2018-06-02 13:43:35',1,'1. Gangotri Temple\r\n    The highest temple of Goddess Ganga and one of the four dhams of Uttarakhand state. Gangotri is situated at an altitude of 3,048mts above sea level. Gangotri offers scenic splendors of rugged terrains, gushing water of Bhagirathi River and snow clad peaks. The place holds great importance amongst Hindus. Gangotri remains opened from May and get closed on the day of Diwali festival.\r\n\r\n2. Underwater Shivling \r\n     A Shivling made from natural rock is submerged under water and can be seen in winters when the water recedes. It is said to be the place Lord Shiva sat on while he tied Ganga in his matted hair. Dividing it into 7 streams, Shiva saved earth from the massive force of Devi Ganga.\r\n\r\n3. Gaumukh and Tapovan \r\n    To witness the holy birth of River Ganges at Gaumukh, one can take up a picturesque and exciting trek surrounded with peaks and soaring peaks. One can further trek to Tapovan which is about 4 km from Gaumukh. Tapovan has meadows, beautiful flowers, streams and incredible views of surrounding Himalayan Peaks such as Shivling and Bhagirathi. Tapovan is also a base camp initiating a number of mountaineering tours.\r\n\r\n4. Bhairon Ghati:\r\n    Near the confluence of Jat Ganga and Bhagirathi River lies a scenic Bhairon Ghati. It is located 10kms from Gangotri. The temple of Bhairav Nath is surrounded by dense forest. Bhairon Temple can be reached after traveling by road from Lanka to Bhaironghati andby crossing the Jahanvi River on foot.','!1m18!1m12!1m3!1d218887.36762615596!2d78.80071518248117!3d30.995167104741395!2m3!1f0!2f0!3f0!3m2!1i1024!2i768!4f13.1!3m3!1m2!1s0x390871907388bf55%3A0x67172e0036db57db!2sGangotri%2C+Uttarakhand+249135!5e0!3m2!1sen!2sin!4v1527946867266',30.99500000,78.80100000,'gangotri'),(38,7,'Bhowali','Bhowali is a mostly green town like a village at a height of 1704 meters above sea level. Bhowali is situated in the Nainital district of Uttarakhand. Bhowali is a gateway to many places in the Kumaon division like Almora and Bageshwar for people coming from the Haldwani route.\r\nBhowali is well connected to neighboring hill stations, like Nainital, Bhimtal, Mukteshwar, Ranikhet, Binsar and Almora. Many Lakes are close to Bhowali hill station like Bhimtal, Sat Tal, Naukuchiyatal, Nal Damyanti Tal, Sukha Tal, and Khurpa Tal.\r\nBhowali is popular for good quality natural products like peaches, strawberries, plums, apples, and apricots that are traded to other places.\r\n\r\nBEST TIME TO VISIT\r\nBest time to visit Bhowali for pleasant weather is March-April and September-October. Summer is from May to July with the maximum temperature of 31°C but cool air makes it refreshing. Please carry little warm clothes even in summer for the evening. July end to September staring is the monsoon season so you may avoid this time. The winters are cold and freezing Take heavy warm clothes with you. One can visit Bhimtal throughout the year so choose according to your preference.','2018-06-03 12:46:28',1,'1. Kainchi Dham\r\nKainchi Dham is a Hindu Temple situated 8.3 km from Bhowali. Beautiful Temple with the living place (cottage) of guru ji.Big celebrities including Larry Page, Mark Zuckerberg, and Steve Jobs have visited this place. It\'s a place who wants to experience silence (deep meditative awareness) and enjoy the running water of river. Overall scenic view of the beautiful river and mountains covered with clouds and a peaceful atmosphere.\r\n\r\n2. Golu Devta temple\r\nLocated 3.1 km from Bhowali. Golu Devta is a Legendary Mythological God of the Kumaon Region of Uttarakhand. Thought to be an incarnation of Lord Shiva, Golu Devta is worshipped all over this region and is regarded as the ‘ Dispenser of Justice’ by the Devotees.','!1m18!1m12!1m3!1d13906.429672525972!2d79.51283318226135!3d29.381782014049836!2m3!1f0!2f0!3f0!3m2!1i1024!2i768!4f13.1!3m3!1m2!1s0x39a0a286a67a1199%3A0x7fa680ccabfde1c4!2sBhowali%2C+Sukha%2C+Uttarakhand!5e0!3m2!1sen!2sin!4v1528029923513',29.38200000,79.51300000,'bhowali'),(39,3,'Gairsain','Gairsain is a town in Chamoli district of Uttarakhand situated at An Elevation Of 1,650 Meters Above Sea Level in the eastern edge of the vast Dudhatoli range, almost at the center of Uttarakhand. It is easily accessible from both Garhwal and Kumaon regions. It is being considered as the future capital of Uttarakhand. You should also know that the construction area in Gairsain is quite larger than that in Dehradun.\r\nAccording to tradition, the name Gairsain is derived from the Garhwali words; Gair (गैर) meaning \'at some depth\' and Sain (सैण) meaning \'plains\', referring to the flat land at some depth in otherwise hilly terrain. An adjoining village is named Gair (गैड़) and some attribute the name Gairsain as the deep plain area at the foot of Gair Village. This, however, is incorrect word formation in Garhwali language (sublanguage). However, in Kumaoni Language it is a correct word formation and means deep plain, to be precise it is a large area in Rift Valley.\r\n\r\nBEST TIME TO VISIT-\r\nThe best season to visit Gairsain is the winters and the onset of summers. The favorable months to visit the place are from October to March. The climate remains pleasant during these months offering tourists the best holiday experience.','2018-06-04 13:07:23',1,'1. Many popular tourist places that can be reached through Gairsain like Chaukhutiya, Ranikhet, Karnaprayag, Kausani, and Dwarahat.\r\n\r\n2. Gairsain is termed as the site of the source of the Ramganga River and the Doodhatoli Parwat from where the Ramganga River actually originates.\r\n\r\n3. Gairsain provides beautiful experience of village life where one can witness the life of localites living with culture and customs. The town is peaceful, surrounded by hills and remote area where one can take a nature walk. Gairsain also has popular temples.','!1m18!1m12!1m3!1d13813.698115289722!2d79.27828788251246!3d30.053363460063217!2m3!1f0!2f0!3f0!3m2!1i1024!2i768!4f13.1!3m3!1m2!1s0x3909e72d98ad3561%3A0xbba1ec465fb4b46e!2sGairsain%2C+Khadun+Laga+Gawali%2C+Uttarakhand+246428!5e0!3m2!1sen!2sin!4v1528117563287',30.05300000,79.27800000,'gairsain'),(40,7,'Bhimtal','Bhimtal is a lake town situated 22 km from its district Nainital at an altitude of 1370 meters above sea level. Bhimtal has become a mini district headquarters since most of the district administration offices have been shifted to the newly constructed Vikas Bhawan, the building complex for district administrative offices.\r\nThe town of Bhimtal is mainly popular among tourists because of the lake which has an island in its center.\r\nYou can also travel to the nearby tourist locations like Almora, Pangot, Ranikhet, and Mukteshwar during your trip to Bhimtal.\r\nBhimtal is a historical place named after Bhima of major Sanskrit epics of ancient India Mahabharata. An old Shiva temple in the bank of Bhimtal lake is believed to be built by Bhima during the period of Pandavas banishment (vanvas) known as Bhimeshwara Mahadev Temple.  However, the present temple was built in the 17th century, by Baz Bahadur (1638–78 AD), a King of the Chand dynasty, and the Raja of Kumaon.\r\n\r\nBhimtal is considered to be older than nearby Nainital as the city of Nainital is just 150–160 years old whereas Bhimtal might have been part of the ancient silk route which connects Kathgodam to Nepal and Tibet which still being in use, later Bhimtal came under British rule after the Anglo-Nepalese War (1814–16). They declared Nainital as Summer capital of the region. \r\nFishing- Bhimtal Fishing in the peaceful surrounding and lazing around with hurry can make your day. For trying your hand on fishing, the fishing rods are available from Bhimtal at Rs 50 per rod.\r\n\r\nBEST TIME TO VISIT:-\r\nMost pleasant weather in Bhimtal is from February to April and September to November. A large number of North Indian Tourists prefer visiting Bhimtal during summers Vacation. \r\n\r\nHOW TO REACH\r\nThe town is 22 km from Nainital and 11km from Bhowali. The local bus stand and taxi stand is situated near the dam. Bhimtal is 21 km from Kathgodam which is the nearest railway station.\r\nThe nearest airport is Pantnagar at a distance of 35 km.','2018-06-05 05:34:20',1,'1. Bhimtal Lake\r\n    A large beautiful lake in the centre of green mountains is the main Attraction of Bhimtal which has a island in middle  where one can visit to see aquarium. Tourist can spend peaceful time near the lake. Boating is also available in Bhimtal lake for Rs. 250.\r\n\r\n2. Bhimeshwara Mahadev Temple\r\n    The temple is situated at the shore of Bhimtal lake is believed to be built by Bhima during the period of Pandavas banishment (vanvas)\r\n\r\n3. Bhimtal Island Aquarium\r\n    A beautiful Aquarian created by Nainital Lake Development Authority in the center island of Bhimtal lake. The aquarium is average but few good collections of aquatic life. Entry cost of the aquarium is Rs.60.\r\n\r\n4. Nal Damyanti Tal:\r\n    About 2 km from Bhimtal is Nal Damyanti Tal, a small natural lake. It is believed that the palace of the famous king Nala drowned in this lake. It is a very sacred place for the dwellers of the region.\r\n\r\n5. Hidimba Parvat:\r\n    About 5 km from Bhimtal is a hill known as Hidimba Parvat. It gets its name from demon Hidimba of Mahabharata. Vankhandi Maharaj, a monk, and environmentalist lives on the hill now, and has created a sanctuary for the wild animals around the hill. The area is known as Vankhandi Ashram.\r\n\r\n6. Naukuchiatal Lake\r\n    Naukuchiatal literally means nine corner lake which is situated 5 km from Bhimtal at an elevation of 1,220mts above sea level.','!1m18!1m12!1m3!1d445149.37410751486!2d79.27338463862249!3d29.348922706985924!2m3!1f0!2f0!3f0!3m2!1i1024!2i768!4f13.1!3m3!1m2!1s0x39a098214690ff0d%3A0x3adc3244429741dc!2sBhimtal%2C+Uttarakhand+263136!5e0!3m2!1sen!2sin!4v1528176766559',29.34900000,79.27300000,'bhimtal'),(41,8,'Srinagar','Srinagar is the Largest town of Garhwal hills in Pauri Garhwal district of Uttarakhand at an average elevation of 560 meters (1,837 feet) above the sea level on the left bank of Alaknanda river. \r\nThis historical town served as the capital of Garhwal kingdom till the advent of the British. King Ajay Pal founded the Garhwal kingdom in mid 14th century and took Srinagar as his capital city.\r\nAround Srinagar, there are lots of other tourist attractions. There are Kaleshwar Mahadev Temple, Bhim Pakora, Bhulla Lake, Danda Nagraja Temple, Durga Devi Temple, Jwalpa Devi Temple, Kandoliya Temple, Kalagarh Gate, Maletha, Baba Gorakhnath cave and many more\r\n\r\nBEST TIME TO VISIT\r\nThe most pleasant months to visit the Srinagar are between March-April and October to November.  It is located at a low elevation so you will witness extreme hot weather in summers with a maximum temperature of around 43°C.  July to September is the monsoon season so you may avoid this time. Winters are from November to February with the minimum temperature of 2°C. Srinagar looks beautiful in winter as well.','2018-06-06 13:06:34',1,'1. Kamaleshwar Temple:\r\nIt is again another ancient temple and one of the five Maheshwara Peeths in the Himalayas. The myth that floats here is that Ram came here to worship Lord Shiva with thousand flowers and when the flowers fell short he offered his eyes that\'s why he known as “Kamal Nayan” which means lotus eyed. Also, it is believed that childless couples beget child if they pray to the lord with lighted lamps on Vaikunth Chaturdashi.\r\n\r\n2.  Kilkileshwar Mahadev Temple\r\nAdi Guru Shankaracharya established this temple on the banks of spritely Alaknanda River. This temple is dedicated to lord Shiva.\r\n\r\n3.  Dhara Devi Temple \r\nDhara Devi temple is situated on Rudraprayag road about 17 kms from Srinagar. The temple is visited by many Pilgrims going for Badrinath also visit this holy place to worship Goddess Dhari.\r\n\r\n4. Kirtinagar\r\nA small but beautiful town 4 kms from Srinagar town located at the banks of Alaknanda river. Kirtinagar was founded by Garhwal Raja Kirti Shah by the Alaknanda River in response to the destruction by flood of nearby Old Srinagar in 1894.\r\n\r\n4.DevelGarh \r\nDevelgarh is situated at a distance of about 20kms form Srinagar. The places to visit here include Rajeshwari Temple, Gauri Devi Temple and Lakshmi Narayan Temple.\r\n\r\n5. Vishnu Mohini Temple\r\nA temple dedicated to Lord Vishnu and goddess Laxmi situated near the main market of Srinagar.','!1m18!1m12!1m3!1d882515.4468881777!2d78.22983329036076!3d30.22777972412146!2m3!1f0!2f0!3f0!3m2!1i1024!2i768!4f13.1!3m3!1m2!1s0x3909a58434d2979d%3A0x854f99d49c9387e7!2sSrinagar%2C+Uttarakhand!5e0!3m2!1sen!2sin!4v1528285837803',30.22800000,78.23000000,'srinagar'),(42,7,'Haldwani','Haldwani is known as the \"Gateway of Kumaon\" as it is located at the foothills of Kumaon Himalayas. Haldwani is the third most populous city in the Indian state of Uttarakhand.\r\nThe name Haldwani is driven from the Kumaoni word \"Halduvani\" (literally \"forest of Haldu\") where Haldu tree is Haldina cordifolia. The Haldu trees were found there in large quantity before to deforestation for agriculture and migration of people. The place was originally known as Halduvani until George William Trail took over as Commissioner of Kumaon and renamed it to Haldwani in 1834.\r\n\r\nBEST TIME TO VISIT-\r\nCloudy and pleasant month to visit is September which is the best month to visit Haldwani and the best time to visit is from September to November and February to March which has a pleasant temperature. Summer is hot and humid to visit. The winter season has a minimum temperature of 5°C.','2018-06-07 13:35:35',1,'1. Gaula Barrage\r\nThe Gaula Barrage is 7.3 kms from Haldwani. The Gaula Dam is a popular picnic spot for locals as well as tourists where one one can  enjoy scenic beauty. Families can enjoy day trips here. The barrage built on the 500 kms Guala river. The source of the Gaula river is the Sattal ( seven lakes ).\r\n\r\n2. Sitla Devi\r\nThe Sitla Devi Mandir is located at Ranibagh which is 10 kms from Haldwani. The temple dedicated to goddess Durga. You have to trek around 1 km from main road to reach the temple. The Sitla Devi Mandir is one of the oldest temple of the region and is also and ideal picnic spot. The temple is visited by a lots of locals and tourists.\r\n\r\n3. Haida khan Ashram\r\nThe Hedakhan Ashram is 33 kms from Haldwani. Haidekhan Ashram is dedicated to HaidaKhan Baba a disciple of Lord Shiva. River Gomti Ganga flows between two sides of Ashram. Baba ji built nine temple (Nov Durga) at the bank of same river. It is a quiet and beautiful place and one can go for meditation. \r\n\r\n4. Sanjay Van\r\nSanjay Van is around 23 kms from Haldwani, is a part of Tanda Range forest in Pantnagar.Sanjay Van is a lush green area where you can come to hear the birds, smell the grass, listen to the wind rustle among the trees. A Quiet and peaceful place with beautiful view of the nearby surroundings.\r\n\r\n5. Devbhoomi Adventure Land\r\nDevbhoomi Adventure Land is around 17 kms from Haldwani. There are lots of adventures activities for kids. A good place to spend your day with family.\r\n\r\n6. Chhoti Haldwani\r\nChhoti Haldwani is a small and beautiful village around 30 kms away from Kathgodam and 28kms from Haldwani. Places to see are Corbett Museum. The small village was home of the legendary Sir Jim Corbett. Beautiful sunset and sunrise. The museum displays the life and activities and belonging of Sir Jim Corbett.','!1m18!1m12!1m3!1d111434.90708101126!2d79.44812167351836!3d29.213527265073246!2m3!1f0!2f0!3f0!3m2!1i1024!2i768!4f13.1!3m3!1m2!1s0x39a09addbd0c86d1%3A0x6793e360cb3d930f!2sHaldwani%2C+Uttarakhand+263139!5e0!3m2!1sen!2sin!4v1528378430708',29.21400000,79.44800000,'haldwani'),(43,13,'Harsil','Harsil is a small beautiful hill station at the banks of Bhagirathi River at a distance of 24 km from Gangotri on the way to Gangotri located at an altitude of around 2620 meters above the sea level.\r\nThis beautiful village is surrounded by snowcapped mountains, dense deodar and coniferous forests.\r\nHarsil is the perfect destination if you are looking for serenity and solitude in the lap of nature.\r\nHarsil is inhabited by a small number of Jadhs, an ethnic group of the Bhutiyas whose language uncovers a close resemblance to Tibetan.\r\nHarsil valley is also famous for apple orchids. \r\n\r\nBEST TIME TO VISIT\r\nThe best time to visit Harsil will be the months between April and June and the months between September and November. Summers in Harsil are very moderate and winters in Harsil are cold.\r\n\r\nHOW TO REACH:-\r\nBY ROAD\r\nHarsil is well connected by motorable roads with major cities of Uttarakhand like Rishikesh, Dehradun, Tehri, Barkot, Uttarkashi etc so buses and taxis to Harsil. Harsil is situated on NH108 which connects Gangotri in Uttarkashi district. Buses to Rishikesh, Tehri and Uttarkashi are available from ISBT Kashmiri Gate, Delhi.\r\nBY AIR\r\nJolly Grant Airport is the nearest Airport to Harsil situated at a distance of 232kms. Jolly Grant Airport is well connected to Delhi with daily flights. Air India, Jet Airways, Jet Konnect and Spice Jet have regular flights to this Airport. After that one has to use motorable roads.\r\nBY TRAIN\r\nThe nearest railway station is Rishikesh Railway Station situated 215kms before Harsil on NH58. After that one has to use motorable roads.','2018-07-25 06:50:29',1,'Mukhba Village\r\nMukhba Village is of great religious significance for Hindus. During the winter season, the statue of the Hindu River Goddess Ganga is brought down to this village from its shrine located in Gangotri.\r\n\r\nSattal Harsil\r\nSattal is a mysterious combination of seven natural lakes located near the town of Harsil in the Uttarkashi district of Uttarakhand. A 3 km uphill trek from Dharali village will lead you to this majestic place.\r\n\r\nDharali \r\nDharali is a beautiful hamlet on the banks of Bhagirathi River at a distance of 6 km from Harsil. Dharali is famous for apple orchids and Rajma cultivation. There is a ropeway bridge over Bhagirathi River.','!1m18!1m12!1m3!1d13674.248518730363!2d78.7289177328901!3d31.03844705450448!2m3!1f0!2f0!3f0!3m2!1i1024!2i768!4f13.1!3m3!1m2!1s0x39087c1cc3e1761b%3A0x2802670114b374ab!2sHarsil%2C+Uttarakhand+249135!5e0!3m2!1sen!2sin!4v1532501336230',31.03800000,78.72900000,'harsil'),(44,10,'Chopta','Chopta is a small beautiful hill station of meadows and green forest  located at an elevation of 2,680 metres (8,790 ft) above sea level. \r\nChopta is the best place for camping and trekking lovers as it provides a base for trekking to Tungnath (HIghest Lord Shiva Temple in the world) and Chandrashila peak.\r\nChopta is considered as ‘Mini Switzerland’ of India.\r\nChopta offers views of the breathtaking Himalayan range including Trishul, Nanda Devi and Chaukhamba.\r\nChopta is part of Kedarnath wildlife sanctuary and surrounded by forests of pine, deodar and rhododendron and is rich in flora and fauna including rare species of birds and musk deer.\r\n\r\nBEST TIME TO VISIT\r\nChopta is an amazing destination to visit anytime throughout the year.  Best time to visit in Summers in April-June and in Winters is Oct-Dec. But if you want to visit the sacred Tungnath Temple then visit from April to November because Temple is closed in winters and if you want to visit for snow then visit in winters, Chopta is covered with layers of snow look beautiful like mini Switzerland.\r\n\r\nHOW TO REACH\r\nBY ROAD\r\nChopta is situated on the road connecting Guptkashi with Gopeshwar. Chopta can be reached by major cities of Uttarakhand like Rishikesh, Pauri, Uttarkashi, Rudraprayag, Gaurikund, Srinagar, Gopeshwar etc. Chopta is 205kms from Rishikesh and Buses to Rishikesh and Srinagar are available from ISBT Kashmiri Gate, New Delhi.\r\nBY TRAIN\r\nThe nearest railway station to Chopta is Rishikesh. Rishikesh railway station is situated 205kms before Chopta on NH58. After Rishikesh one have to use motorable roads.\r\nBY AIR\r\nJolly Grant Airport is the nearest Airport to Chopta situated at a distance of 224kms. After that one has to use motorable roads.','2018-08-01 06:37:17',1,'1. Tungnath Temple\r\nTungnath temple is highest Shiva Temple in the world which is located at an altitude of 3,680 m (12,073 ft). The temple is one of the Panch Kedars. The famous Tungnath temple is thought to be over 1000 years old and, according to the scriptures, this temple is constructed by Pandavas after the Kurukshetra War.\r\n\r\n2. Chandrashila Peak\r\nChandrashila is the summit of the Tungnath. It literally means \"Moon Rock\". It is located at a height of about 4,000 metres (13,000 ft) above sea level. This peak provides the 360-degree view of the Himalayas.\r\n\r\n3. Deoria Tal\r\nDeoria Tal is a beautiful lake also known as Devaria or Deoriya, standing at 2,438 meters (7,999 ft) above sea level from where you can see the glorious view of white Himalayas, reflections of Chaukhamba Range in the crystal clear water., camp stay and snow in winters.\r\n\r\n4. Ukhimath\r\nUkhimath (also written Okhimath) is a small town and a Hindu pilgrimage site in Rudraprayag district, Uttarakhand, India. It is situated at an elevation of 1311 meters and at a distance of 41 km from Rudraprayag. During the winters, the idols from Kedarnath temple, and Madhyamaheshwar are brought to Ukhimath and worshipped here for six months.','!1m18!1m12!1m3!1d13753.970197220864!2d79.18951017097676!3d30.478808200305235!2m3!1f0!2f0!3f0!3m2!1i1024!2i768!4f13.1!3m3!1m2!1s0x39083281518a6183%3A0xb8e3f312258d7a7b!2sChopta!5e0!3m2!1sen!2sin!4v1533105364813',30.47900000,79.19000000,'chopta'),(45,3,'Valley Of Flowers','Valley of Flowers is an Indian national park situated near Badrinath at Chamoli district of Uttarakhand.\r\nValley of flowers is famous for its outstanding natural beauty, endangered animals, and its meadows of alpine flowers. It is spread over an area of around 88 sq. Km. This fairyland located at the high altitudes of 11000 feet to 14000 feet above sea level in the conversion point of Himalayan ranges, Zanskar and Western and Eastern Himalayas, surrounded by snowy mountains.\r\nAs the snow starts melting by the end of May, the valley quickly welcome new blooming flowers. As a result, the valley is full of flowers in the mid-July. Almost 350 varieties of flowers of unique design and color can be found while exploring the Valley of Flowers National Park inner and deeper part of the valley.\r\nValley of Flowers is a part of Nanda Devi and Valley of Flowers National Parks which is listed under UNESCO World Heritage site.\r\n\r\nThousands of Nature Lovers, Mountaineers and Nature Photographers visit the Valley in a short span of four months every year. This place is home to various endangered animals, including the Asiatic black bear, snow leopard, musk deer, brown bear, red fox and blue sheep. One with a sharp eye can discover Himalayan monal pheasant and other high altitude birds.\r\n\r\nOPENING AND CLOSING DATES (every year)\r\nOpening Date - 1st June\r\nClosing Date - 4th Oct\r\n\r\nOPENING AND CLOSING TIME-\r\nValley of Flowers opens at 7.00 am every day\r\nValley of Flowers close at 5:00 pm but  last entry is allowed till 2.00 pm\r\nAdvisable to start your trek as early as possible so you can spend more time and come back at right time.\r\n\r\nENTRY FEES (valid for three days) \r\nIndians - Rs 150 ( 50 Rs for extra day)\r\nForeigners - Rs 600 (250 Rs for extra day)\r\n\r\nBEST TIME TO VISIT-\r\nValley of Flowers opens for only 4 months in a year because of heavy snow. \r\nOne can witness of most bloom flowers during Monsoon(rainy season) from mid-July to August staring. If rain is a problem for you then the middle of August is the best time for you after that Number of Flowers reduce with the passing days.  If you want to see lot of glaciers you should visit in June\r\n\r\nRECOMMENDATION-\r\n-There are no restaurants or tea shops after one leaves the base town of Ghangaria so take some light easy to carry eatables whenever you are out. Dry fruits would be suitable. \r\n-There are no toilets either. \r\n-Raincoats, umbrella or ponchos is must during the rainy season, no need to carry your own raincoats form the city. ponchos purchasable from local shops are better to cover you fully.\r\n-Use good quality walking shoes ( waterproof).\r\n-Children below 10 years will find the trekking from Govind Ghat to Ghangharia(10 km) very difficult on foot.\r\n\r\nHISTORY-\r\nIn 1931, Frank S. Smythe, Eric Shipton and R.L. Holdsworth, all British mountaineers, lost their way while returning from a successful expedition to Mt.Kamet. The group accidentally reach a valley, which is full of flowers. They were attracted to the beauty of the area and named it the \"Valley of Flowers\".\r\nThe valley visited by the climber Frank S. Smythe who wrote a book publicising the \"Valley of Flowers\"','2018-08-08 07:17:16',1,'BY ROAD-\r\nThe motorable road is available till Govindghat which is 275 km from Rishikesh on the way of Badrinath. One can easily reach Rishikesh via bus or train.\r\nThere is a 10 km trek from Govind Ghat to Ghangaria. Ghangaria is a base came for the valley of flowers. Budget hotels are available at around INR 1400-1500 per night at Ghangaria.\r\nStart your day early from Ghangaria to explore more valley of flowers. Now all of your hard work will finally pay off by the beauty of valley of flowers. Purchase tickets start exploring by covering the valley for more than 5 km.  After exploring come back to Ghangaria and stay for a night. Next day you can go back or explore more places like Hemkund  Sahib, Badrinath, Mana village etc.\r\n\r\nBY TRAIN\r\nNearest Railway Station is 275 km from Govind Ghat. After Rishikesh one have to follow the motorable road.\r\n\r\nBy AIR\r\nNearest Airport is Jolly Grant Airport, Dehradun which is 300 Km from Govind Ghat. After Jolly Grant Airport one have to follow the motorable road.','!1m18!1m12!1m3!1d109778.98615073069!2d79.5236340304359!3d30.701716568340178!2m3!1f0!2f0!3f0!3m2!1i1024!2i768!4f13.1!3m3!1m2!1s0x39a791153bd771ef%3A0x1f42050f9b6c125f!2sValley+of+Flowers+National+Park!5e0!3m2!1sen!2sin!4v1533712555044',30.70200000,79.52400000,'valley-flowers'),(46,10,'Kedarnath','to be updated','2018-09-16 12:22:02',0,'to be updated','!1m18!1m12!1m3!1d13717.711410551432!2d79.05818045782942!3d30.73448120618699!2m3!1f0!2f0!3f0!3m2!1i1024!2i768!4f13.1!3m3!1m2!1s0x39083ee051e628b1%3A0x167ce4efaf440f1e!2sKedarnath%2C+Uttarakhand+246445!5e0!3m2!1sen!2sin!4v153710042832',30.73400000,79.05800000,'kedarnath');
/*!40000 ALTER TABLE `place` ENABLE KEYS */;
UNLOCK TABLES;

--
-- Table structure for table `place_best_time`
--

DROP TABLE IF EXISTS `place_best_time`;
/*!40101 SET @saved_cs_client     = @@character_set_client */;
/*!40101 SET character_set_client = utf8 */;
CREATE TABLE `place_best_time` (
  `id` int(11) NOT NULL AUTO_INCREMENT,
  `place_id` int(11) DEFAULT NULL,
  `detail` text NOT NULL,
  `spot_id` int(11) DEFAULT NULL,
  `place_type_id` int(11) NOT NULL,
  `last_hit_on` datetime DEFAULT NULL,
  PRIMARY KEY (`id`),
  KEY `place_id` (`place_id`),
  KEY `fk_spot_id` (`spot_id`),
  KEY `fk_place_type_id` (`place_type_id`),
  CONSTRAINT `fk_place_type_id` FOREIGN KEY (`place_type_id`) REFERENCES `place_type` (`id`),
  CONSTRAINT `fk_spot_id` FOREIGN KEY (`spot_id`) REFERENCES `spot` (`id`),
  CONSTRAINT `place_best_time_ibfk_1` FOREIGN KEY (`place_id`) REFERENCES `place` (`id`)
) ENGINE=InnoDB AUTO_INCREMENT=47 DEFAULT CHARSET=utf8;
/*!40101 SET character_set_client = @saved_cs_client */;

--
-- Dumping data for table `place_best_time`
--

LOCK TABLES `place_best_time` WRITE;
/*!40000 ALTER TABLE `place_best_time` DISABLE KEYS */;
INSERT INTO `place_best_time` VALUES (1,44,'Chopta is an amazing destination to visit anytime throughout the year. Best time to visit in Summers in April-June and in Winters is Oct-Dec. But if you want to visit the sacred Tungnath Temple then visit from April to November because Temple is closed in winters and if you want to visit for snow then visit in winters, Chopta is covered with layers of snow look beautiful like mini Switzerland.',NULL,1,'2020-11-08 07:43:36'),(2,14,'The climate here is the continental type but its location in the foothills gives it a pleasant weather throughout the year. One can visit Rishikesh any time of the year, however, the best time to visit Rishikesh for River Rafting is from late September - October to mid-November, and then the best time to visit Rishikesh is from early March - April to the first week of May. \r\nIn July there is a festival in Rishikesh called Savan where thousands of people flock to Rishikesh. Major roads are blocked and hotels are crowded. It is better to avoid travelling to Rishikesh during that time.',NULL,1,'2020-11-07 17:08:50'),(3,45,'Valley of Flowers opens for only 4 months in a year because of heavy snow. \r\nOne can witness of most bloom flowers during Monsoon(rainy season) from mid-July to August staring. If rain is a problem for you then the middle of August is the best time for you after that Number of Flowers reduce with the passing days. If you want to see a lot of glaciers you should visit in June.',NULL,1,'2020-11-07 17:08:50'),(4,11,'The weather is pleasant and cooler in winters, Lansdowne can be visited throughout the year. It can get extremely cold in the winters with the temperatures dropping to 0°C. During summers, from March to May, the temperature ranges from 15°C to 30°C and during Vacations (May/June) may be a bit crowded and rooms are difficult to find. Lansdowne becomes even beautiful during the monsoons (July-September) as the flora and fauna look best during monsoon but if you are not comfortable this rain the avoid going in monsoon. \r\nSharadotsav Festival during the autumn is also a good time to visit Lansdowne.',NULL,1,'2020-11-07 17:08:50'),(5,43,'The best time to visit Harsil will be the months between April and June and the months between September and November. Summers in Harsil is very moderate and winters in Harsil are cold.',NULL,1,'2020-11-07 17:08:50'),(6,21,'The months March-June and mid-September-October are perfect for visiting Munsiyari and trek to the nearby mountains.',NULL,1,'2020-11-07 17:08:50'),(7,40,'Most pleasant weather in Bhimtal is from February to April and September to November. A large number of North Indian Tourists prefer visiting Bhimtal during summers Vacation.',NULL,1,'2020-11-07 17:08:50'),(8,NULL,'Chandrashila can be visited throughout the year. Best time to visit in Summers in April-June and in Winters is Oct-Dec. But if you want to visit the sacred Tungnath Temple then visit from April to November because Temple is closed in winters and if you want to visit for snow then visit in winters, Chandrashila is covered with layers of snow during Dec-March.',39,2,'2020-11-07 17:08:50'),(9,NULL,'The Weather of Naukuchiatal is pleasant and cooler. The temperatures in summers are between 25°C and 28°C from the month of March to end of June after that monsoon begins and remains till the mid of September. Winters are during October to February and the extreme cool temperatures go down to 0°C.\r\n\r\nNaukuchiatal can be visited throughout the year. March –June, and September - November are the best time for tourists to visit the region as the climate is comfortable and perfect for sightseeing and nature walks.',6,2,'2020-11-07 17:08:50'),(10,NULL,'Sattal has a pleasant and cooler climate. The temperatures in summers are between 27°C and 30°C from the month of March to end of June after that monsoon begins and remains till the mid of September. Winters are during December to February and the extreme cool temperatures go down to 2°C. It is a great time for trekkers.\r\n\r\nSattal can be visited throughout the year. March –June, and September - November are the best time for tourists to visit as the climate is comfortable and perfect for holidays, sightseeing and nature walk.\r\n\r\nNandadevi Fair is organized every year in the month of September.',7,2,'2020-11-07 17:08:50'),(11,NULL,'Shivpuri has a pleasant temperature throughout the year. March –June, and September - November are the best time for tourists to visit Shivpuri as the climate is comfortable. The maximum number of tourists visit Shivpuri in summer vacations during May. The highest temperature during summer is around 40°C.\r\nWinter in Shivpuri is the best time for the solo traveler and peace lover. The lowest temperature during winter is around 10°C. Monsoon is from mid-June to mid-September normally not preferred to travel Shivpuri because of heavy rainfall Ganga water level is above than normal.',34,2,'2020-09-23 15:51:19'),(12,NULL,'Summer gives a clear wide view of the falls and the maximum number of visitors travel in summer. Winter has snowfalls sometimes is during January and February. One can visit it throughout the year except for monsoon as the heavy rainfalls and landslides can affect your trip.',31,2,'2020-09-23 15:51:19'),(13,NULL,'The months March-June and mid-September-October are perfect for visiting Khaliya Top trek.\r\nBut If you want to go for snow and do skiing then winter is the best time, whereas spring (Feb-march) is the best time if you want to see the blossom of rhododendron flowers.',35,2,'2020-09-23 15:51:20'),(14,NULL,'April to June or Aug to Oct are the best time to visit but one can visit this beautiful place throughout the year.',38,2,'2020-09-23 15:51:20'),(15,NULL,'The months March-June and mid-September-October are perfect for visiting Tharmi Kund and one can also trek winter for the snowfall.',33,2,'2020-09-23 15:51:20'),(16,NULL,'Lachhiwala offers a scenic beauty and pleasant climate throughout the year. \r\nSummer and sometimes on weekend, this place gets overcrowded so those who are searching for peace the best time is winter.',30,2,'2020-09-23 15:51:20'),(17,12,'The best time to visit Pauri is from March-June and September-October, keep light woolens is the best idea. Monsoons can be avoided as this is the time of heavy rainfall and the chances of landslides increases. Winters are quite cold and freezing with minimum temperature falls at 0°C, but one can view snowfalls during winters. \r\nMaha Shivarathri festival celebration during February - March are very attractive',NULL,1,'2020-09-23 15:51:20'),(18,NULL,'Idea time for a bath in Sahastradhara is from April-July and it is also the time when Sahastradhara is crowded. Many travelers suggest visiting Sahastradhara during the rainy season and post-monsoon months to have the best beauty of flora and fauna. Waterfalls from cliffs and caves are also looking beautiful in monsoon. Winter has few visitors in Sahatradhara so it is peaceful during winters. Although Sahastradhara can be visited throughout the year so decide according to preference.',26,2,'2020-09-23 15:51:20'),(19,NULL,'The best time to visit the place is from March to October as summer is good to go into the water inside the cave and on the other hand monsoon, and post-monsoon are preferred to enjoy the greenish beauty. The place is a getaway from the heat of the sun.',27,2,'2020-09-23 15:51:21'),(20,25,'Dehradun is all year tourist destination where summer is the most visitors season in which the temperature is between 19°C to 38°C. Monsoon is from July to September is preferred for natural beauty where you will get to enjoy the lush green landscapes. During Winters from December to January, the temperature is cold around 3°C to 20°C. Winter and Autumn which is from October to February are the best time for couples to visit pleasant and cool weather in Dehradun.',NULL,1,'2020-09-23 15:51:21'),(21,NULL,'The best time to visit the Forest Research Institute is from March to June since the weather is pleasant and skies are mostly clear. The temperature ranges from 17° Celcius to 35° Celcius. If you visit FRI  in holidays then there will be very less crowd.',28,2,'2020-09-23 15:51:21'),(22,41,'The most pleasant months to visit the Srinagar are between March-April and October to November.  It is located at a low elevation so you will witness extreme hot weather in summers with a maximum temperature of around 43°C.  July to September is the monsoon season so you may avoid this time. Winters are from November to February with the minimum temperature of 2°C. Srinagar looks beautiful in winter as well.',NULL,1,'2020-09-23 15:51:21'),(23,NULL,'Bhulla Tal lake can be visited throughout the year. Best time to visit is from September to November and March to May. It can get extremely cold in the winters. Do visit best time of Lansdowne for details of temperature.',9,2,'2020-09-23 15:51:21'),(24,NULL,'Tip N top gives beautiful view during the monsoons (July-September) as the flora and fauna look best during monsoon but if you are not comfortable this rain then post monsoon is the best time to visit. although Tip N top can be visited throughout the year. For details of the temperature of this place please refer the best time  to  visit Lansdowne,',10,2,'2020-09-23 15:51:21'),(25,6,'Tungnath can be visited throughout the year. Best time to visit in Summers in April-June and in Winters is Oct-Dec. But if you want to visit the sacred Tungnath Temple then visit from April to November because Temple is closed in winters and if you want to visit for snow then visit in winters, Chandrashila is covered with layers of snow during Dec-March.',NULL,1,'2020-09-23 15:51:23'),(26,38,'Best time to visit Bhowali for pleasant weather is March-April and September-October. Summer is from May to July with the maximum temperature of 31°C but cool air makes it refreshing. Please carry little warm clothes even in summer for the evening. July end to September staring is the monsoon season so you may avoid this time. The winters are cold and freezing Take heavy warm clothes with you. One can visit Bhimtal throughout the year so choose according to your preference.',NULL,1,'2020-09-23 15:51:23'),(27,20,'The best season is Spring and Autumn to travel Almora during the months of February - April, and September-November. One can visit Almora any time of the year. Monsoon is from July end to September staring which can be avoided. The maximum temperature during summer is 30°C and tourists usually visit Almora during summers. Please carry little warm clothes even in summer for the evening. Winter is quite cold and the minimum temperature is -1°C.\r\nNanda Devi Festival the most popular festival of Almora and is celebrated in the month of September. This festival is celebrated since the time of Chand Dynasty probably as early as the 13th century AD.',NULL,1,'2020-09-23 15:51:23'),(28,3,'Ranikhet has pleasant weather from March to October but those who want to experience snowfall should visit Ranikhet in winters place, So one can visit Ranikhet any time of the year as per there their preference.  The highest temperature during the summer that is about 22°C and the temperature in winter is between -3°C to  15°C.',NULL,1,'2020-09-23 15:51:24'),(29,34,'Best time to visit Main Rudraprayag is October to March( other visiting places in Rudraprayag district has different best time). Summer is from April to June with the maximum temperature of around 36 °C and has maximum no of the visitor.\r\nMonsoon have heavy rainfall so we recommend avoiding monsoon but if you preferer greenish natural beauty then monsoon and the post-monsoon period is the best time for you\r\nWinter is extremely cool with a minimum temperature of 0°C and most of the tourist spots in Rudraprayag are even cooler then main Rudraprayag but those tourist spots treat you with snowfall in winters and look marvelous.',NULL,1,'2020-09-23 15:51:24'),(30,39,'The best season to visit Gairsain is the winters and the onset of summers. The favorable months to visit the place are from October to March. The climate remains pleasant during these months offering tourists the best holiday experience.',NULL,1,'2020-09-23 15:51:24'),(31,2,'The best season to visit Bageshwar is the winters and the onset of summers. The favorable months to visit the place are from October to March. The climate remains pleasant during these months offering tourists the best holiday experience.\r\nUttrayani fair held in the mid of January from Makar Sankranti to next 10 days and considered as largest fair of Kumaon division.\r\nMahashivratri is  also a huge festival in Bageshwar',NULL,1,'2020-06-17 22:46:35'),(32,42,'Cloudy and pleasant month to visit is September which is the best month to visit Haldwani and the best time to visit is from September to November and February to March which has a pleasant temperature. Summer is hot and humid to visit. The winter season has a minimum temperature of 5°C.',NULL,1,'2020-08-07 16:51:03'),(33,36,'The most pleasant months to visit the Kriti Nagar are between March-April and October to November.',NULL,1,'2020-06-17 15:35:11'),(34,22,'The best months to visit Uttarkashi is from April to November. Summer is extremely pleased with the temperature between 15°C to 30°C. If you want to enjoy the scenic hill town covered in the sheet of snow, then you must visit Uttarkashi in winter during the months of January and February. \r\nThe monsoon season in Uttarkashi is during the months of July, August, and September. These three months will experience a good amount of rainfall due to the south-west monsoon. Almost all festivals fall under this season, and this is a very good time to visit Uttarkashi.',NULL,1,'2020-08-07 17:06:59'),(35,37,'The best time to visit the holy city of Gangotri is from April to June and September to November.\r\nSummer is pleasant with the maximum temperature of 25°C.  Monsoon season may have heavy rain and cause landslides so better to avoid during July and August. Winter has heavy snowfall so most people avoid visiting Gangotri in the winter season.',NULL,1,'2020-08-13 12:08:42'),(36,33,'The best time to visit the holy town of Badrinath is from May-June and September-October. Summer has the most pleasant temperature with the average temperature of 18°C. Monsoon is from July to September starting and it is an avoidable season due to heavy and regular rainfall.  Winter season is from October to April and snowfall begins from the end of October and remains till the April start. It is not advisable to travel to this place during the winter season as the road are closed due to heavy rainfall and lack of network you may lose your contact others.',NULL,1,'2020-06-17 15:36:32'),(37,18,'Weather in Mukteshwar is pleasant all through the year, so the best time to visit Mukteshwar is any time of the year. However, there are some variations to it. \r\nJuly to Sept, monsoon showers heavily, hence greenery is experienced. \r\nNov to Feb, winter can be so cold or even in the last of Dec and Jan snowfall can be expected. \r\nPeople seem to prefer Mukteshwar in Summer and especially from March to June, visitors hit is at peak.',NULL,1,'2020-06-17 15:37:24'),(38,1,'Summer and especially March to June is the best time to visit Kausani as the temperature is not that hotter in there and view of snow capped peaks seem to appear very clear. \r\nWinter is usually very cold and testing. Rainy period is considered to be an off-season to have a visit.',NULL,1,'2020-08-08 18:20:43'),(39,29,'The weather during the summer season i.e. from April to June is neither very hot nor very cold but pleasant enough for sightseeing. Monsoon season experiences heavy rainfall during the months of July and August leading to landslides and slippery roads. It is advised to avoid travelling during this season. Winters in Pithoragarh are freezing cold with snow at higher altitude. The best season to enjoy the town is recommended to be summers.',NULL,1,'2020-08-08 18:27:53'),(40,46,'Best time to visit Kedarnath is May to June and Sept to October. \r\nKedarnath is cold throughout the year, in fact, in winters the temperature gets as low as sub-zeros. \r\n\r\nSummer time experiences huge visitors in-flow and its a pleasant time to visit nearby places as well.',NULL,1,'2020-06-17 15:41:16'),(41,7,'Nainital is an all year destination but the ideal time to visit is months of March to June and September- October. Summer is the peak time to visit Nainital and most of the people comes Nainital in summers because of vacations.\r\nWinter is extremely cold and if you want to see the snow then December end and January are the time to come here. Winter has the minimum temperature less than 0°C. Couples should visit Nainital in winters. 31st Dec Celebration in the best night to visit Nainital.\r\nIf you are traveling Nainital in Monsoon then Nainital welcomes you beautiful greenery.',NULL,1,'2020-08-13 12:07:55'),(42,13,'Peak season of Mussoorie is the summer season which is from April to June. Summer has the maximum temperature of 37°C. The most pleasant temperature in Mussoorie from September to November and give a beautiful greenish view of the post-monsoon season. This is not an advisable time to visit Mussoorie in monsoon as the place has regular rainfall nut if you are comfortable with rain than you must go during monsoon because of amazing natural beauty and have high chances of seeing a rainbow. The winters in Mussoorie experiences chilly weather and can expect snow in January. The temperature falls down to sub-zero degrees at night.',NULL,1,'2020-08-07 16:53:14'),(44,24,'Auli is a picturesque place and can be visited all season.\r\nSummer season - Most tourist comes Auli in Summer to get relief from the hot weather of cities and enjoy pleasant weather of Auli. The average temperature of Auli is around 15°C during this season.\r\nWinter season- from the month of November to February, there is snowfall, and  January- February has the ideal conditions for skiing in Auli. The temperature in Winters can fall as low a -5°C and does not rise above 10°C.\r\nMonsoon and Post-Monsoon - The Auli meadow has the best view in this season because the whole becomes dense green. If you are not comfortable with rain the avoid in monsoon and visit it in September-October. September witnesses the Mata Mruti ka Mela, which is celebrated in Badrinath.',NULL,1,'2020-06-16 01:00:34'),(45,31,'Joshimath is used as a base for many religious and tourist places as it comes in the route of Badrinath, Valley of flowers, Auli, Pangarchulla, Hemkund Sahib, and Kuari Pass. So the best time to visit Joshimath is depended on your destination. Although the best time to visit Joshimath is September-October because of it\'s pleasant weather at this time and all the destination are open at this time(Valley of flowers trek will be closed after the first week of October).\r\nSummer has Pleasent temperature and most of the tourist visit Joshimath during this time.\r\nIf you are going to Auli for skiing then the best time to visit in January and February.',NULL,1,'2020-07-30 02:00:22'),(46,35,'Tehri Garhwal has a pleasant temperate climate throughout the year. The maximum Tehri Garhwal temperature rises to about 36°C  and the minimum temperature falls to about -2°C. The best time to visit Tehri Garhwal is between March-June and Sept-Oct.',NULL,1,'2020-08-07 12:05:42');
/*!40000 ALTER TABLE `place_best_time` ENABLE KEYS */;
UNLOCK TABLES;

--
-- Table structure for table `place_image`
--

DROP TABLE IF EXISTS `place_image`;
/*!40101 SET @saved_cs_client     = @@character_set_client */;
/*!40101 SET character_set_client = utf8 */;
CREATE TABLE `place_image` (
  `id` int(11) NOT NULL AUTO_INCREMENT,
  `place_id` int(11) NOT NULL,
  `image_id` int(11) DEFAULT NULL,
  PRIMARY KEY (`id`),
  KEY `place_id` (`place_id`),
  KEY `image_id` (`image_id`),
  CONSTRAINT `place_image_ibfk_1` FOREIGN KEY (`place_id`) REFERENCES `place` (`id`),
  CONSTRAINT `place_image_ibfk_2` FOREIGN KEY (`image_id`) REFERENCES `image` (`id`)
) ENGINE=InnoDB AUTO_INCREMENT=114 DEFAULT CHARSET=utf8;
/*!40101 SET character_set_client = @saved_cs_client */;

--
-- Dumping data for table `place_image`
--

LOCK TABLES `place_image` WRITE;
/*!40000 ALTER TABLE `place_image` DISABLE KEYS */;
INSERT INTO `place_image` VALUES (1,1,1),(3,2,8),(4,2,7),(5,3,9),(6,3,10),(7,3,11),(13,4,17),(14,6,18),(15,7,22),(16,7,19),(17,7,20),(18,7,21),(19,8,24),(20,8,25),(21,8,23),(23,9,27),(24,9,28),(25,9,29),(26,10,32),(27,10,30),(28,10,31),(29,11,33),(30,11,34),(31,11,35),(32,12,36),(33,12,37),(34,12,38),(37,13,39),(38,14,43),(39,14,44),(40,14,45),(41,14,46),(42,14,47),(43,14,48),(44,15,49),(45,16,51),(46,17,52),(47,17,53),(48,17,54),(49,18,57),(50,18,58),(51,19,59),(52,19,60),(53,19,61),(54,20,64),(55,20,65),(56,20,62),(57,20,63),(58,18,66),(59,21,67),(60,22,68),(61,22,69),(62,23,72),(63,23,73),(64,23,70),(65,23,71),(66,24,74),(67,24,75),(68,25,76),(69,26,77),(70,26,78),(71,27,80),(72,27,81),(73,27,79),(74,28,82),(75,28,83),(76,29,84),(77,29,85),(78,30,86),(79,31,88),(80,31,89),(81,31,87),(82,32,91),(83,32,92),(84,33,93),(85,33,94),(86,33,95),(87,34,96),(88,34,97),(90,34,17),(91,35,99),(92,35,100),(93,36,104),(94,36,103),(95,37,105),(96,37,106),(97,38,107),(98,39,108),(99,39,109),(100,40,110),(101,41,112),(102,41,111),(103,42,113),(104,42,114),(105,43,209),(106,43,210),(107,44,224),(108,44,225),(109,44,226),(110,45,243),(111,45,245),(112,45,246),(113,46,255);
/*!40000 ALTER TABLE `place_image` ENABLE KEYS */;
UNLOCK TABLES;

--
-- Table structure for table `place_tag`
--

DROP TABLE IF EXISTS `place_tag`;
/*!40101 SET @saved_cs_client     = @@character_set_client */;
/*!40101 SET character_set_client = utf8 */;
CREATE TABLE `place_tag` (
  `id` int(11) NOT NULL AUTO_INCREMENT,
  `place_id` int(11) NOT NULL,
  `tag_id` int(11) DEFAULT NULL,
  PRIMARY KEY (`id`),
  KEY `place_id` (`place_id`),
  KEY `tag_id` (`tag_id`),
  CONSTRAINT `place_tag_ibfk_1` FOREIGN KEY (`place_id`) REFERENCES `place` (`id`),
  CONSTRAINT `place_tag_ibfk_2` FOREIGN KEY (`tag_id`) REFERENCES `tag` (`id`)
) ENGINE=InnoDB AUTO_INCREMENT=213 DEFAULT CHARSET=utf8;
/*!40101 SET character_set_client = @saved_cs_client */;

--
-- Dumping data for table `place_tag`
--

LOCK TABLES `place_tag` WRITE;
/*!40000 ALTER TABLE `place_tag` DISABLE KEYS */;
INSERT INTO `place_tag` VALUES (1,1,1),(2,1,2),(3,1,3),(4,1,4),(5,2,19),(6,2,4),(7,3,16),(8,3,20),(9,4,8),(15,4,25),(16,4,26),(17,4,13),(18,4,6),(19,4,7),(20,6,6),(21,6,8),(22,6,13),(23,6,26),(24,6,27),(25,6,28),(26,6,29),(27,6,30),(28,4,22),(29,7,22),(30,7,21),(31,7,31),(32,7,20),(33,7,23),(34,7,1),(35,7,2),(36,7,3),(37,2,5),(38,2,30),(39,8,32),(40,8,33),(41,8,12),(42,8,5),(43,8,30),(44,9,34),(45,9,6),(46,9,7),(47,9,12),(48,9,13),(49,9,27),(50,10,2),(51,10,34),(52,10,7),(53,10,8),(54,10,12),(55,10,13),(56,10,21),(57,11,35),(58,11,36),(59,11,5),(60,11,7),(61,11,22),(62,11,30),(63,12,32),(64,12,35),(65,12,5),(66,12,6),(67,12,7),(68,12,37),(69,13,35),(70,13,38),(71,13,39),(72,13,40),(73,13,21),(74,13,22),(75,14,5),(76,14,39),(77,14,40),(78,14,41),(79,14,42),(80,14,43),(81,15,44),(82,15,21),(83,15,61),(84,15,45),(85,16,44),(86,16,45),(87,16,47),(88,16,48),(89,16,49),(90,16,21),(91,17,48),(92,17,45),(93,17,21),(94,17,22),(95,17,47),(96,18,52),(97,18,21),(98,19,23),(99,19,53),(100,19,5),(101,20,16),(102,20,2),(103,20,54),(104,20,55),(105,21,2),(107,21,4),(108,19,16),(109,22,32),(110,22,33),(111,22,39),(112,22,56),(113,23,57),(114,23,21),(115,24,8),(116,24,12),(117,24,13),(118,25,38),(119,25,39),(120,25,41),(121,25,42),(122,25,39),(124,26,40),(125,26,56),(126,26,39),(127,26,35),(128,27,40),(129,27,59),(130,27,60),(131,27,5),(132,27,39),(133,28,20),(134,28,45),(135,28,44),(136,28,61),(137,28,21),(138,29,61),(139,29,3),(140,29,5),(141,29,62),(142,29,61),(143,30,17),(144,30,61),(145,30,4),(146,30,5),(147,30,63),(148,31,8),(149,31,2),(150,31,12),(151,31,13),(152,32,1),(153,32,2),(154,32,3),(155,32,4),(156,32,5),(157,32,54),(158,32,61),(159,32,63),(160,33,8),(161,33,64),(162,33,12),(163,33,13),(164,33,65),(165,34,66),(166,34,27),(167,34,28),(168,34,50),(169,34,29),(170,35,32),(171,35,6),(172,35,7),(173,36,40),(174,36,41),(175,36,67),(176,36,39),(177,37,9),(178,37,10),(179,37,41),(180,38,16),(181,38,21),(182,38,15),(186,40,16),(187,40,68),(188,40,21),(189,41,32),(190,41,40),(191,41,35),(192,41,7),(193,41,41),(194,42,20),(195,42,45),(196,42,68),(197,42,21),(198,42,69),(199,42,74),(200,39,76),(201,39,13),(202,25,40),(203,21,77),(204,43,33),(205,43,10),(206,43,79),(207,44,8),(208,44,27),(209,45,82),(210,45,13),(211,46,8),(212,46,5);
/*!40000 ALTER TABLE `place_tag` ENABLE KEYS */;
UNLOCK TABLES;

--
-- Table structure for table `place_type`
--

DROP TABLE IF EXISTS `place_type`;
/*!40101 SET @saved_cs_client     = @@character_set_client */;
/*!40101 SET character_set_client = utf8 */;
CREATE TABLE `place_type` (
  `id` int(11) NOT NULL AUTO_INCREMENT,
  `type` varchar(50) NOT NULL,
  `status` tinyint(1) NOT NULL DEFAULT '1',
  PRIMARY KEY (`id`)
) ENGINE=InnoDB AUTO_INCREMENT=3 DEFAULT CHARSET=utf8;
/*!40101 SET character_set_client = @saved_cs_client */;

--
-- Dumping data for table `place_type`
--

LOCK TABLES `place_type` WRITE;
/*!40000 ALTER TABLE `place_type` DISABLE KEYS */;
INSERT INTO `place_type` VALUES (1,'place',1),(2,'spot',1);
/*!40000 ALTER TABLE `place_type` ENABLE KEYS */;
UNLOCK TABLES;

--
-- Table structure for table `post`
--

DROP TABLE IF EXISTS `post`;
/*!40101 SET @saved_cs_client     = @@character_set_client */;
/*!40101 SET character_set_client = utf8 */;
CREATE TABLE `post` (
  `id` int(11) NOT NULL AUTO_INCREMENT,
  `blogger_id` int(11) NOT NULL,
  `image_url` varchar(150) DEFAULT NULL,
  `title` varchar(300) NOT NULL,
  `description` text NOT NULL,
  `cr_date` datetime NOT NULL,
  `status` tinyint(1) DEFAULT '1',
  `slug` varchar(300) DEFAULT NULL,
  `view` int(11) DEFAULT '0',
  `type_id` int(11) NOT NULL DEFAULT '4',
  PRIMARY KEY (`id`),
  KEY `blogger_id` (`blogger_id`),
  KEY `fk_type_id` (`type_id`),
  CONSTRAINT `fk_type_id` FOREIGN KEY (`type_id`) REFERENCES `post_type` (`id`),
  CONSTRAINT `post_ibfk_1` FOREIGN KEY (`blogger_id`) REFERENCES `blogger` (`id`)
) ENGINE=InnoDB AUTO_INCREMENT=21 DEFAULT CHARSET=utf8;
/*!40101 SET character_set_client = @saved_cs_client */;

--
-- Dumping data for table `post`
--

LOCK TABLES `post` WRITE;
/*!40000 ALTER TABLE `post` DISABLE KEYS */;
INSERT INTO `post` VALUES (1,4,'blog/None/kamleshwar.jpg','कमलेश्वर महादेव मन्दिर','देवभूमि गढ़वाल के अतिप्राचीनतम शिवालयों में से एक महत्वपूर्ण शिवालय है कमलेश्वर महादेव मन्दिर। इस मन्दिर पार्श्व भाग में गणेश एवं शंकराचार्य की मूर्तियां हैं। मुख्यमन्दिर के एक और कमरे में बने सरस्वती गंगा तथा अन्नपूर्णा की धातु मूर्तियां हैं। शिववाहन नन्दी कि एक विशाल कलात्मक पीतल की मूर्ति मुख्य मन्दिर से संलग्न एक छोटे से कमरे में स्थित है। मन्दिर में ही मदमहेश्वर महादेव का पीतल का मुखौटा भी स्थित है। प्रसिद्ध है कि कमलेश्वर महादेव मन्दिर कि रचना मूल रूप से शंकराचार्य ने कराई थी। तथा इसका जीर्णोद्धार उद्योगपति बिड़ला जी ने करवाया था।\nस्कन्दपुराण के केदारखण्ड के अनुसार त्रेतायुग में भगवान रामचन्द्र रावण का वध कर जब ब्रह्महत्या के पाप से कलंकित हुये तो गुरु वशिष्ट की आज्ञानुसार वे भगवान शिव की उपासना हेतु देवभूमि पर आये इस स्थान पर आकर उन्होने सहस्त्रकमलों से भगवान शिव की उपासना की जिससे इस स्थान का नाम कमलेश्वर महादेव पड़ गया।\nकमलेश्वर में मुख्यरूप से तीन उत्सव होते हैं\n१- अचला सप्तमी २- शिवरात्रि ३- बैकुन्ठ चतुर्दशी\nबैकुन्ठ चतुर्दशी (कार्तिक मास कि पूर्णिमा से पहला दिन) को यहां एक विशेष उत्सव होता है। इस समय संतान प्राप्ति की इच्छुक महिलायें यहां रात्रिभर प्रज्वलित दीपक हाथों में लेकर खड़ी रहकर भगवान शिव की स्तुति करती हैं। प्रात:काल में इस दीपक को अलकनन्दा में प्रवाहित करने के पश्चात शिव का पूजन किया जाता है। वैसे तो तीनों अवसरों पर श्रद्धालु भक्तो की अपार भीड़ यहां दर्शनार्थ व पूजा अर्चना हेतुअ यहां आती है। परन्तु बैकुन्ठ चतुर्दशी के अवसर पर यहां इतनी भीड़ होती है कि वर्तमान में इसने एक विशाल मेले का रूप ले लिया है। चार दिनों तक चलने वाले इस पर्व को अब धर्मिक-सांस्कृतिक विकास मेले का रुप देकर प्रशासन की ओर से आयोजित किया जाता है।','2017-07-01 05:37:31',1,'kamleshwar-mahadev-temple',388,4),(2,4,'blog/None/Kartik.jpg','Kartik Swami Temple','Kartik Swami temple is located near Kanak Chauri village on Rudraprayag – Pokhari route in the Rudraprayag district of Uttarakhand. A mild 3km trek from Kanak Chauri village takes you to the stunning beauty of Kartik Swami temple.\n\nKartik Swami temple is dedicated to the elder son of Lord Shiva, Kartikeya, who offered his bones as testimony of his devotion to his father. It is believed that the incident took place here. Lord Kartik Swami is also known as Kartik Murugan Swami in the southern part of India. \n\nA constant sound from hundreds of bell hung in the temple can be heard at a distance of about 800 meters from there. A flight of 80 stairs from the main road leads you to the Garbhagriha of the temple or the place where the idol is kept.\n\nSandhya Aarti or evening prayers, enchantment of mantras and Maha-bhandara or grand feast organised at the temple occasionally is a special attraction for devotees and tourists.','2017-07-01 05:48:39',1,'kartik-swami-temple',480,4),(3,2,'blog/None/hanumanchatti.png','Hanuman Chatti','Hanuman Chatti is situated at the joins of Hanuman Ganga and Yamuna river, 13 km prior to Yamnotri Dham. It is 2,400 mts of height from sea level. \nThere is a story of how this place got it’s name, Hanuman Chatti. In the Vana-parvan of Mahabharata there is a little bit different version of it.\nWhile five Pandavas and their wife Draupadi were in exile in the forest and wandering around Himalayas, a beautiful lovely lotus flower came into Draupadi’s hand. Delighted with the beauty and heavenly fragrance of the flower, Draupadi requested Bheema to bring her more of them.\nBheema, always willing to fulfil every wish of his wife, went out in search for flowers. He wandered through the forest for a long time and saw many beautiful flowers but he couldn’t find the flower he was searching for. Then he reached the place known as Hanuman Chatti today. There he saw an old monkey lying across his path blocking the way with his tail. Bheema approached and tried to scare the monkey. But all in vain. Monkey just told him that no human was allowed to go further on this path. Bheema was irritated with old monkey’s talk and requested him once again to move. After a long discussion, monkey said that he is very old and weak and can’t move. So he asked Bheema just to move his tail and place it by the side then he can go forward. Bheema grabed monkey’s tail and try to move it. He tried with both his strong hands but couldn’t move the tail even for an inch. He tried very hard but failed to move it.\nBheema and Hanuman\nAshamed and humiliated Bheema realized that he was not dealing with an ordinary monkey. Then he asked the old monkey to reveal his true identity. After seeing that Bheema’s pride was humbled he answered: “I am Hanuman, son of the Wind, your elder brother. ” Realizing that the old monkey was Hanuman, Lord of the monkeys, who just wanted to teach his younger brother a lesson, Bheema realized his mistake and begged him for forgiveness. Hanuman blessed him and instructed him how to reach Kubera’s garden where he will find a flower he was searching for.','2017-07-08 14:40:40',1,'hanuman-chatti',297,4),(4,2,'blog/None/satopanth.jpg','Satopanth Lake','The Satopanth lake trek takes you to an untouched lake just 22km from the holy town of Badrinath. \nSatopanth is a triangular lake with three corners spread within the circumference of about a kilometer. The lake is surrounded by snow covered peaks and is named after the Hindu gods Mahesh, Vishnu and Brahma. It is believed that the divine Trinity of Brahma, Vishnu and Mahesh had meditated here and each corner of the triangular lake is named after them.\n\nThe lake is considered to be of religious significance to the local people. There is a saint known as Moni Baba, who stopped talking several years ago. There is a common belief that he can live only on sun and air, if food is unavailable. Also some unique birds are found here, which pick up the pollutants of the lake and thus keep the lake clean. The local belief is that these birds are Gandharvas who guard the lake against evils.','2017-07-10 20:42:53',1,'satopanth-lake',1022,4),(5,3,'blog/None/Tadkeshwar.jpg','ताड़केश्वर महादेव मंदिर','जनपद पौड़ी गढ़वाल के रिखणीखाल विकासखण्ड से लगभग पच्चीस किलोमीटर बांज तथा बुरांश की जंगलों के बीच चखुलियाखांद से लगभग सात किलोमीटर उत्तर पूर्व में स्थित है ताड़केश्वर महादेव मंदिर।\nताड़केश्वर महादेव ताड़ के विशाल वृक्षों के बीच में स्थित एक ऐसा प्राचीन तथा पौराणिक मंदिर है कि जहां आने मात्र से ही मन को एक अजीब प्रकार का सुकून और राहत मिलती है। यहां पर प्रकृति ने ऐसा वातावरण तथा दृश्यावलि रची हुई हैं कि ऐसा इस जगह के अतिरिक्त और कहीं देखने को नही मिलता है। यहां विशाल ताड़ के वृक्ष तथा हर मौसम में लबालब भरे जलकुण्ड देखकर मन प्रफुल्लित हो जाता है।\n\nकहते हैं कि ताड़कासुर का वध करने के बाद भगवान शिव ने यहां विश्राम किया था जब माता पार्वती ने देखा कि भगवान शिव को सूर्य की गर्मी लग रही है तो माता पार्वती ने स्वयं देवदार के वृक्षों का रूप धरा और भगवान शिव को छाया प्रदान की। भगवान शिव मंदिर के प्रांगण में आज भी वे सात ताड़ के पेड़ विराजमान हैं। रामायण में भी ताड़केश्वर का वर्णन एक पवित्र तीर्थ के रूप् में मिलता है।','2017-07-12 18:21:43',1,'tadkeshwar-mahadev-temple',464,4),(6,3,'blog/None/golu.jpg','चितई गोलू मन्दिर','गोलू  देवता या भगवान गोलू उत्तराखंड राज्य के कुमाऊं क्षेत्र की प्रसिद्ध पौराणिक देवता हैं। अल्मोड़ा स्थित गोलू देवता का चितई मंदिर बिनसर वन्य जीवन अभयारण्य से चार किमी दूर और अल्मोड़ा से दस किमी दूर है। मूल रूप से गोलू देवता को गौर भैरव (शिव ) के अवतार के रूप में माना जाता है। देवता मंदिर उत्तराखण्ड में अल्मोड़ा के \'चेतई\' नामक स्थान पर स्थित है। ग्वल देवता (गोलू देव) उत्तराखंड राज्य के कुमायूँ के एक इतिहास देवता है। कहा जाता है कि ये चम्पावत के चंद राजा के पुत्र थे। इन्हें न्याय का प्रतीक माना जाता है। इनके बारे में यह मान्यता है कि जिसको कहीं पर भी न्याय नहीं मिले वो इनके दरबार में अर्जी लगाये तो उससे तुरन्त न्याय मिल जाता है।\r\n\r\nइतिहास\r\nगोलू देवता मंदिर का इतिहास बहुत पुराना है। इस मंदिर की स्थापना के विषय में विद्वानों में कई मतभेद हैं। गोलू देवता उत्तराखंड राज्य के कुमायूँ के एक इतिहास देवता है। कुमायूँ में अनेक स्थानों पर गोलू देवता के मन्दिर है, जहां लोग अपनी अर्जी लगा कर न्याय मांगते है।\r\nगोलू देवता को न्याय का देवता क्यों कहा जाता है इसके पीछे एक कहानी है ,ऐसा माना जाता है कि गोलू देवता ने अपनी माता को न्याय दिलवाया था। गोलू देवता चम्पावत के राजा झलराय के पुत्र थे। सात रानियों के होते हुए भी निसन्तान राजा बहुत दुखी रहते थे। पुत्र प्राप्ति की इच्छा रखते हुए उन्होंने भैरव देवता की आराधना करी।  पूजा से प्रसन्न हो कर उन्होंने भगवान ने आशीर्वाद दिया कि तुम किसी वीरांगना से आठवां विवाह करो तब में पुत्र रूप में तुम्हारे घर आऊंगा। इसके बाद राजा परेशान कि ऐसे वीरांगना कहाँ से लाऊँ। एक दिन राज शिकार के लिए गए थे तो उन्हें एक कन्या दिखाई दी जो दो लड़ते हुए सांडों को अलग कर रही थी। इस स्त्री से राजा ने विवाह का प्रस्ताव रखा तो वो बोली आप मेरे पिता से बात करिये। इस तरह से अद्भुत व्यक्तित्व की स्वामिनी कलिंगा से राजा का विवाह हो गया।        \r\n          धीरे धीरे कर के वो घडी भी आ गयी,जब कलिंगा के पुत्र होने वाला था। पर बाकि की रानियां कलिंगा से द्वेष रखने लगी थी तो उन्होंने चालाकी से कलिंगा को अपनी बातों में उलझा लिया कि कलिंगा के लिए कुछ दिन तक अपनी संतान को देखना ठीक नहीं है और उसकी आँखों ने पट्टी बांध दी। इसके बाद उन्होंने उसके पुत्र को सील बट्टे से बदल दिया और बच्चे को एक लोहे के बकसे में रखकर बहा दिया। बहते बहते ये बक्सा एक गोरीहाट पहुँच गया और वहां एक मछुआरे के जाल में फंस गया। उसने सोचा आज तो बड़ी मछली फँस गयी और जाल को ऊपर की तरफ खींचा। जाल खींचने पर उसके बक्सा मिला और बक्सा खोल के देखा तो उसके अंदर एक जीवित बच्चा। उनसे इस बालक को ले जा कर अपनी पत्नी को दे दिया। निसंतान दम्पति होने के कारण उन्होंने बच्चे को अपना लिया और गोरीहाट में मिलने के कारण इसका नाम गोरिल रख दिया। धीरे धीरे बालक अपनी बाललीला के साथ साथ चमत्कार भी दिखाने लगा और आस पास के लोग उसे चमत्कारी बालक मानने लगे।\r\n         एक दिन गोरिल ने बालहठ में आ कर घोड़े की मांग करी, अब मछुआरा असली का घोडा तो कहाँ से लाता, इसलिए उसने लकड़ी का एक घोडा बनवा दिया। अब गोरिल दूर दूर तक इस घोड़े में घूमने लगा और एक दिन घूमते घूमते अपने पिता की राजधानी धूमाकोट पहुँच गया और वहां के रानी जलाशय में उसे अपनी माताएं दिखाई दी। उसने उसने जलाशय में अपने घोड़े को पानी पिलाने की अनुमति मांगी। रानियां उसका उपहास करते हुए बोली लकड़ी का घोडा भी कहीं पानी पीता है तो वो बालक बोला जब एक स्त्री सिल बट्टे को जन्म दे सकती है तो लकडी का घोडा भी पानी पी सकता है। इस तरह से उसने अपने जन्म की पूरी कथा राजा को सुनाई और अपनी माता कलिंगा को न्याय दिलवाया। इसके बाद राजा ने उसे अपना राजपाट सौंप दिया और गोलू देवता अपने आस पास के लोगों को न्याय दिलाने लगे । इसी कारण चम्पावत में गोलू देवता का मंदिर स्थापित हुआ। ये मंदिर गोलू देवता का सबसे पौराणिक मंदिर है\r\n\r\nतमाम आधुनिकताओं के बावजूद स्थानीय लोगों का गोलू देवता पर आस्था बरकरार है।अदालत का खर्च वहन नहीं कर पाने वाले तथा अन्याय,क्लेश व विपदा से पीड़ित लोग इस मंदिर में अपनी पुकार लगाने व मनौती मांगने प्रतिदिन आते रहते हैं।\r\nमंदिर के अंदर और बाहर सैकड़ों की तादाद में लगे स्टांप और आवेदन पत्र इसकी गवाही देते हैं। गोलू देवता के दरबार में अधिकतर कानूनी मुकदमे, न्याय, व्यवसाय, स्वास्थ्य, मानसिक परेशानी, नौकरी, गलत अभियोग, जमीन जायदाद व मकान निर्माण से जुड़े विषयों पर अर्जियां लगाई जाती हैं। मनौती पूर्ण होने लोग मंदिर में अपनी सामर्थ्य के अनुसार घंटियां चढ़ाते हैं। आज भी समाज का एक बड़ा वर्ग उनके इस न्याय को स्वीकार करता है। इस मंदिर में सारे साल कभी भी आकर पूजा की जा सकती है।','2017-07-14 07:19:11',1,'chitai-golu-temple',348,4),(7,3,'blog/None/bagnath.jpg','बागनाथ मन्दिर','उत्तराखण्ड की भूमि सदा से ही देवी देवताओं की एंव ऋषि मुनियों की तपोस्थली रही है। \r\nइसीलिए कुमॉऊ देव भूमि के नाम से प्रसिद्व है। बागनाथ मंदिर श्रद्वालुओं की अगाध श्रद्वा का केन्द्र ही नहीं बल्कि 400 साल पुराने इतिहास का मूक साक्षी भी है। सरयू, गोमती व लुप्त सरस्वती नदियों के त्रिवेणी संगम पर वसी बागेश्वर नगरी को कुमॉऊ का काशी भी कहा जाता है। \r\nस्कंद पुराण में बागेश्वर नगर का विराट वर्णन भी है। बागनाथ मंदिर का निमार्ण राजा लक्ष्मी चन्द्र ने सन 1602 में कराया था कहा जाता है कि 400 वर्ष पहले इस जगह पर एक छोटा सा शिव मंदिर था। यहां पर उत्तरायणी मेला शिवरात्री पर्व तथा सावन के सोमवारों में श्रद्वालुओं का तांता लगा रहता है। बागेश्वर नगर प्राचीन काल से संस्कृति और व्यापार के लिए प्रसिद्व रहा है। प्रतिवर्ष माघमास के प्रथम दिवस में मकर संक्रान्ति को जब सूर्य उत्तरायण को बढ़ता है। तभी से इस त्रिवेणी घाट संगम पर महास्नान के साथ ही उत्तरायणी मेला आरम्भ होता है। भगवान शिव की तपोस्थली बताये जाने वाले बागेश्वर नगर के बारे में कहा गया है कि शिव की जटाओं से राजा भागीरथ जब गंगा को लेकर इस मार्ग से आ रहे थे तब ब्रह कपलिनी पत्थर के निकट मार्कण्डे ऋषि तपस्या में लीन थे तभी वहा पहुंचते ही गंगा रुक गयी। तथा ऊपरी क्षेत्रों में जल भराव होने लगा। तब राजा भगीरथ ने भगवान शिव का ध्यान कर उनसे मदद मांगी उस समय भगवान शिव के लिए भी दुविधा की स्थिति थी। \r\nतब शिवजी ने अपनी योजना के अनुसार खुद बाघ व मॉ पार्वती ने गाय का रुप धारण किया। तब आगे-आगे गाय यानी मॉ पार्वती व पीछे-पीछे बाघ यानी स्वम् भोले नाथ ने यह लीला कि और दौडऩे लगे तभी तपस्या में लीन मार्कण्डेय ऋषि के समीप पहुंचते ही शिव और पार्वती अपने असली रूप में उतर आये और मार्कण्डेय ऋषि के आश्रम के पास आकर गाय जोर-जोर से रम्माने लगी तथा बाघ गाय पर झपटने लगा तो यह देख कर मार्कण्डेय ऋषि अपनी तपस्या छोड़ कर गाय को बचाने दौड़ पड़े। भगवान शंकर जी शिव के व्याध्र स्वय धारण कर यहां भ्रमण करने से इस नगर का नाम व्याधेश्वर पड़ा तो समय के साथ आये परिर्वतनों से आज बागेश्वर बन गया । इस स्थल मेें सातवी से सोलहवी शताब्दी तक के प्रसार प्रतिमाएं व देव कुलिकाए आज भी मौजूद हैं। इस तरह की प्रतिमाओं में उमा महेश्वर मौजूद है इस तरह की प्रतिमाओं में उमा महेश्वर पार्वती महर्षि मंदिनी एक भुखी, त्रिमुखी व चतुर्भुखी शिवलिंग, गणेश, विष्णु, सूर्य सप्वमातृका एंव शाश्वतावतार भी प्रतिभाओं को दर्शनिय बनाकर वामनाथ जी के मंदिर को निर्माण को 13 वीं शताब्दी के आस-पास का बताया गया है। \r\nकहा जाता है कि जब शक्ति स्थल पर शिवलिंग रखा जाता था तो वह स्वंय ही सरयू नदी में चला जाता था। प्रत्येक शिव रात्रि के बागनाथ मंदिर का वार्षिकोत्सव भी मनाया जाता है ,और आगाध ऋद्धा का केन्द्र बागनाथ मंदिर एक स्मारक भी है, इस मंदिर ने दासता के प्रतिक अंग्रेजी  शासन उदय और कुली बेगार प्रथा के अन्त के साथ ही अंग्रेजों की गुलामी का अन्त होते भी देखा है। और बागनाथ मंदिर में जो भी ऋद्वालु सच्ची भावना से पूजा अर्चना करते है उनकी मनोकामना पुरी हो जाती है!\r\nशैलराज हिमालय की गोद में गोमती सरयू नदी के संगम पर स्थित बागेश्वर का बागनाथ मंदिर धर्म के साथ पुरातात्विक दृष्टि से भी महत्वपूर्ण है। नगर को मार्केंडेय ऋषि की तपोभूमि के नाम से जाना जाता है। भगवान शिव के बाघ रूप में यहां निवास करने से इसे व्याघ्रेश्वर नाम से जाना गया। जो बाद में बागेश्वर हो गया। बहुत पहले भगवान शिव के इसी रूप का प्रतीक एक देवालय यहां पर स्थापित था। जहां पर बाद में भव्य मंदिर बना। जो बागनाथ के नाम से जाना जाता है। \r\n\r\nनगर शैली के वर्तमान बागनाथ मंदिर को चंद्र वंशी राजा लक्ष्मी चंद ने सन 1602 में बनाया था। बाद में इसके अहाते में आकाश लिंग युक्ता लघु देवकुलियाएं बनाई गई। मंदिर के नजदीक बाणेश्वर मंदिर वास्तु कला की दृष्टि से बागनाथ मंदिर के समकालीन लगता है। मंदिर के समीप ही भैरवनाथ का मंदिर बना है। बाबा काल भैरव मंदिर में द्वारपाल रूप में निवास करते हैं। \r\n\r\nबागनाथ मंदिर में सातवीं से सोलहवीं सदी ईसवी तक की अनेक महत्वपूर्ण प्रतिमाएं हैं। इनमें उमा-महेश्वर, पार्वती, महिषासुर मर्दिनी, एक मुख एवं चतुमुर्खी शिव लिंग, त्रिमुखी शिव, गणेश, बिष्णु, सूर्य तथा सप्त मातृका और दशावतार पट आदि की प्रतिमांए हैं। जो इस बात की प्रमाणिकता सिद्ध करती हैं कि सातवीं सदी से कत्यूर काल में इस स्थान पर अत्यंत भव्य मंदिर रहा होगा। यहां पर मकर संक्रांति तथा शिवरात्रि पर भव्य मेला लगता है।','2017-07-21 11:01:21',1,'bagnath-temple',320,4),(8,1,'blog/None/FB_IMG_1528707352721.jpg','Pappu Karki - The voice we will remember','It has been more than 2 days now, we have still been trying to fake the bitter reality that took every Uttarakhandi music lover by immense gloom. While, scrolling down on the regular groups on facebook, I saw photos of accident, this was not so unusual as hilly roads are accident prone. But when I saw same photographs multiple time, I was forced by my intention to read the description and  it swept the floor off my feet.  \r\n I never saw Pappu Karki in person, although he was regular to sing in Uttarayani Kautik( A famous fest happens every year in town of Bageshwar, my hometown) and I visited the fest multiple times, I don\'t know why. Being a subscriber to his Youtube Channel and very curious about and follower of Uttarakhandi music, I followed his work in all possible media. And he was one of few young singers who focused more on traditional music/ folk music and still was more popular among youth. \r\n\r\nHis contribution to Kumauni and thus Uttarakhandi Music is unmeasurable and so is his popularity.\r\n   Started his career in 1998 with a Nyoli in Rama Casettes (Tape recorder) with Shri Krishna Singh Karki, following are two lines of that.\r\n         \" Hariya Ghasa kyale shukhala, hey suwa jetha ka ghamele,\r\n          oh aaja tak jyuna chhu me la, hey suwa toh tyara naamele. \"\r\n\r\nI found it as melodious as his songs of these days. His voice was always promising. But achievements were a fair distance of 12 years away from him, he got that when he sang \"Eja re chaita baikha mera munsiyara\".\r\n\r\n It was loved by thousands , this song was based upon the migration happened in Johar Valley(villages - Martoli and Milam). This song made many eyes glitter with its melodious and lost memories. After this song , Pappu evolved as most loved young folk singer, and in my view, he always made different songs but he kept the genuineness of the culture and did not do too much experiment with it to outroot its traditional favour, but he always added grace to it. Songs like \"Lali ho lali\", which touched all the pahadi lips and he maintained a strong cultural favor to it, too. As he said in one of the interviews, Chandani Enterprises helped him big time to produce his songs and he showed no hesitation to mention that. \r\n     Originally from village Heepa in Berinag block, district Pithoragrh, he was connected to whole kumaun and then to whole Uttarakhand. His song \"Uttarani Kautik Lagiro\" from \"Jhumkiyali\" album made him the favorite among Bageshwar people,  his explanation of Bageshwar in the song melts the heart of everyone who has visited Bageshwar.  His \"Basanti Chhyodi\" a choliya song rocked many marriages and still one of the favorites, a typical song with pahadi music pleasing to the ears.  And his \"Teri Rangyali Pichhodi kamu\" that he sang along with Meena Rana, descripting a typical traditional outfit and personality of Pahadi. One of my favorite lines is \"Dudhiya himala jaisi teri daant paatila, haye hasan mukhadi khil re kamu jee raye\" which means \"Your white teeth panel like those white himalaya is seen when your smile blooms on your face\".\r\n\r\n     His last song was a Jhora(Chanchari), released on june 7th, 2018 on his youtube channel. \"Hit Madhu Uttarani Kautik julo, sun Madhu Bagshware bajaar , ramdhani Kasike ulaa tero dagada, Ramdhani mera parivara\"\r\n\r\nHis achievements and awards. \r\n      Uttarakhand Idol by Uttarakhand Club - 2006\r\n      Sarvashrestha Navodit lok gayak award - Hillywood - 2009\r\n      YUCA - Young Uttarakhand Cine Awards - 2014\r\n\r\nThese show how much he had achieved just at the age of 34. \r\n\r\nIn the end,\r\n      If you have read all above , you might have realised why every Uttarakhandi has reasons to feel so doomed knowing Pappu da(big brother) will never ever come back again. And his loss will never recover, his voice will always live in our ears, lips and last but not the least in our hearts.\r\n    \r\nMyself.\r\n      I strongly felt to keep Pappu da in one of the pages in Uttarakhand Traveller and always let everyone know what his contribution to our culture was.  Everything I have written is my personal feeling and analysis I have collected based upon several sources. This is my first published article on Uttarakhand Traveller, I am still learning to express better through it. Being in team Uttarakhand Traveller, I thank Uttarakhand Traveller and all of its followers to give us opportunity to express ourselves.\r\n\r\nLinks to some of Pappu Da\'s songs:\r\nEja re chet Baishakha - https://www.youtube.com/watch?v=pUfSASuTdVI\r\n\r\nLali ho Lali - https://www.youtube.com/watch?v=SCzSFmosmaE\r\n\r\nUttarani Kautik - https://www.youtube.com/watch?v=z-JhbV1fNy0\r\n\r\nHeera Samdhini - https://www.youtube.com/watch?v=Yq4GkZAxWQw\r\n\r\nBasanti Chhyodi-https://www.youtube.com/watch?v=IoyWz5BrWHU\r\n\r\nMadhuli - https://www.youtube.com/watch?v=RTWDA3QiAT4\r\n\r\nTyar Rangili Pichhodi - https://www.youtube.com/watch?v=PXD_gXBWxRA\r\n\r\nKajal ko tikka - https://www.youtube.com/watch?v=wHcuZqPWl8o\r\n\r\nMashup DJ - https://www.youtube.com/watch?v=REmd1yU06ss','2018-06-11 08:57:27',1,'pappu-karki-voice-we-will-remember',1599,4),(9,1,'','Road Accidents in Uttarakhand - A continued disgrace.','A week ago , the month of June started with a black day in Uttarakhand\'s history as a bus which was 28 seated filled in with 30 more people to its capacity numbering 58 people, plunged into a 60-meter-deep gorge in Dhumakot tehsil of Pauri Garhwal district resulting in 48 deaths and 10 injured.  Before this an accident took away the life of a popular singer named Pappu Karki. On 5th may, 20 tourists visiting Kedarnath temple got just saved in a bus accident. on 11th November 2017, a bus driver driving the bus to Nainital from Kaladungi took a hint of nap costing himself and 5 other lives. This is what I have gathered, there are many more if I continue it detailing. \r\n\r\nAre they new that we hearing about them a lot these days?\r\n\r\nA government statistics report is uploaded in the images which show accidents from 2005 to 2016. It has been almost same over the years, starting from 1332 reported accidents causing 868 deaths toll and 1841 injured in 2005 and with 1591 reported accidents taking away 962 lives and causing 1736 injuries. We have seen different governments in all these years. Either all of them failed to understanding the problem or they have no way to address the problem with a solution.     \r\n\r\nWhat are possible solutions according to people? \r\nI was going through social media, fortunately some system aware people also give their time to social media. This is what I have found out in one of the comments. \r\n1. Road maintenance.\r\n2. Over Speed controlling.\r\n3. Vehicle fitness certificate every Month by Govt .\r\n4. Road out side security wall.\r\n5. Overloading .\r\n6. Caution board.\r\n7. Hill driving license test done by Transport officer.\r\n8. Road rules strictly followed by Police help.\r\n9. Awareness .\r\n10. Numbers of vehicle increase in heavy traffic road.\r\n11. Maximum Govt bus issued in long distance travelling.\r\n\r\nChief minister Trivendra Rawat announced 2 lacs each to families of who lost the lives and 50,000 rupees to the injured Dumakot accident because it took headlines in most of media houses and newspapers. What about all other people people dying in the accidents that don\'t get that much attraction.  I hope it alarmed government this time. \r\n\r\nAuthor\'s note:\r\nI felt like giving stats and addressing the accidents happening in Uttarakhand. This was not new but this only gets hiked up in media when something so huge takes place. However, this has been a severe problem in the state since long. ','2018-07-08 17:35:55',1,'road-accidents-in-uttarakhand-a-continued-disgrace',1564,4),(10,1,'','Gairsain be the capital of Uttarakhand?','Why Gairsain be capital of Uttarakhand? \r\n\r\nIs Dehradun not beautiful enough? Dehradun is resourceful in terms of education , healthcare and services. Then there should be no doubts that it is much better than a \'village like town\' like Gainsain, which has just 4 banks and just 1 ATM, No reliable hospital, nearest hospital is 2 hours far, in Srinagar. Condition of roads in Gairsain is very downside as compared to other parts of the state. I am supposing you have gotten a hint of your choice of Dehradun as the capital of Uttarakhand. \r\n\r\nWell, before confirming to a conclusion to your mind, give me a chance and follow this article. Before that question, answer yourself other questions , why Uttarakhand? What is special in Uttarakhand? Why did it separate from UttarPradesh? \r\n\r\nIt took more than a century, yes, right! More than a century to get Uttarakhand the recognition as a special state, because it is special. And in 1994, it became bloody , many protesters lost their lives in Khatima, Ramnagar, Mussoorie etc. and it was very firmly revolutionised that Government of India had to come up accepting people\'s demand of a separate state. The idea was to preserve the culture of Uttarakhand, not let cities like New Delhi and Lucknow overshadow the presence and existence of Uttarakhand.  And in 1994, it was decided by Uttarakhand Kranti Dal(Political party) that Gairsain will be the capital of the state. Later, it was confirmed by the polling done by Kaushik Community resulting 68% of the people in favor of accepting Gairsain as capital of Uttarakhand. Gairsain is in centre between of Kumaon and Garhwal, it is just 20 km from the border of Almora, in Chamoli district and most importantly it is in mountain. But due to lack of resources and essentials, Dehradun was made temporary capital of Uttarakhand then in 2000, yes, temporary.\r\n\r\nI have no problem with Dehradun, Dehradun is beautiful and its being beautiful has no relation to make it a capital. Because it was not Uttarakhand made for. I tell you why. \r\n\r\nAs per reports by Rajya Sabha television, in 2017.\r\nUttarakhand has 88 percent of the land in mountainous region and only 12 percent in the plane. And only 47 percent of population live in that 88 percent land. Rest 53 percent live in just 12 percent of area, and its increasing very rapidly. To me, Dehradun replaced that time of Delhi and Haldwani replaced Lucknow. Culture is still diminishing. Migration is the biggest problem and political party only take advantage of this problem. When I enter to Haldwani, I so feel like I am in Rampur(UP). It is so important that our capital should be in mountainous region and thus mountains get some attention too. And this way, the tribute is given to those martyrs who lost their lives in 1994 and before for this particular cause, yes, MARTYRS, even wikipedia considers them martyrs, you can read that. (https://en.wikipedia.org/wiki/Uttarakhand_movement)\r\n\r\nYou have to be careful about Uttarakhand and its your subject if you are from Uttarakhand or if you love Uttarakhand, you are also a stakeholder. 58% of the villages don\'t have roads access. In mountainous region, only 18% of the land is irrigable while in plane 95% of land is irrigable. \r\nThere are countries that are situated in hills and yet they are very developed. Having mountains is not a curse, its in fact, a bliss. \r\n\r\nI have a few statements by people who protested and had been part of the Uttarakhand movement and what they say about the Uttarakhand of now in their own words. \r\n\r\nMohan Joshi, Social activist say, \"Before Uttarakhand movement, we thought that development will take place, migration will stop and women who find survival tough in village conditions will have some facilities. While everything turned upside down in these 16 years. Those people who thought \r\nabout mountains and culture never got into power.\"\r\nsource - Rajyasabha tv \r\n\r\nUma Bhatt, Social activist says ,\" Education, health and employment, if these things had been delivered by government in better manner, then maybe, it might have slowed down the migration rate. In a way, I think that we lost the movement that we thought we wanted to make Uttarakhand for. Because it was for the mountainous culture we have,  that makes us special that we stood for, is diminishing\"\r\nsource - Rajyasabha tv\r\n\r\nAuthor\'s Note:\r\nEverything I have written other than the facts which have source mentioned and history written on papers, is my personal view, try not to take anything otherwise. Maybe, a patriot inside of me, wrote more than a writer in me there. \r\n\r\nAn encouraging song on the same: https://youtu.be/I1mjZOMpDZI','2018-07-11 17:57:32',1,'gairsain-be-the-capital-of-uttarakhand-',4399,4),(11,10,'','Devprayag - My long lost village','Normally now when people ask, I tell them I am from Dehradun...But my soul, I tell them belongs to my village. A village that has seen me grow and a village I have seen change…And I am as guilty of leading my village to demise as everybody else abandoning it is. I am sorry to have led you to the conclusion in the beginning itself, it must have been at the end…Nevertheless…\r\n\r\nI belong to a small village at the confluence of two rivers namely Bhagirathi and Alaknanda. Bhagirathi emerging from Gangotri and Alaknanda from Badrinath, bringing all the goodness of two shrines to Devprayag. From here both the rivers merge to become The Holy Ganga. It is very enthralling to watch two rivers, of different colours merge, forming a uniform source of life…Devprayag is one of the five prayags situated in Garhwal...These rivers have beautifully carved out paths for themselves. I think these rivers are a great metaphor for people living here…the people from the mountains are hardworking, persistent and they cut through difficulties just like these forever flowing rivers…\r\n\r\nDuring my young years, we would run along the streets of Bah Bazaar…speaking of which, Devprayag is divided into three parts one is Bah bazaar, the second one is Beech bazaar and the third one is Shanti Bazar, wherein lies the bus stand of Devprayag…Streets there are full of shops selling all kinds of shimmery things to lure tourists…tourists usually come mostly for praying at Shiva’s temple or the Raghunath Mandir while some come here seeking salvation on the banks of river Ganga. People say this river somehow helps in attaining peace of mind…The cool breeze, azure sky and quiet surroundings along with the turbulence of water is the very cause of liveliness of the people here…We used to sit at the Sangam looking at the stars, silently, contemplating nature and the magic it creates at times, leaving humans like us in awe…Another place that attracts attention in Devprayag is the Nakshatra Vedh Shala or the observatory. It hoards two telescopes with lots of books to support astronomical studies. Yet another speciality of this place is a sweet named singori. This sweet is enwrapped in a leaf which gives it a particular flavour which is not found anywhere else… very delicious indeed! \r\n\r\nThe streets there might be narrow, but there is enough space in everybody’s heart. Some people have migrated hither and thither but still, a large population lives there…waiting to meet wonderful people from all over the world. They who live here, have their share of stories to those who listen.','2018-07-21 07:11:44',1,'devprayag---my-long-lost-village',1467,1),(12,11,'','TUNGNATH - THE SNOW TREK','It\'s more than 2 years now and nothing much has changed as well. In this very month last year, an unplanned trip was made, with the hope to do the Tungnath and Chandrashila trek. The freezing cold January\'s of Uttarakhand when Chopta and Chandrashila experienced heavy snowfall, it was quite evident that a travel enthusiast like me would never miss such an opportunity and the thought that this will be my first winter trek made it more interesting. Tungnath is the highest Shiva temple in the world and is the highest of the five Panch Kedar temples located in the mountain range of Tungnath in Rudraprayag district in the Indian state of Uttarakhand. The Tungnath (Lord of the peaks) mountains form the Mandakini and Alaknanda river valleys. Located at an altitude of 3,680 m (12,073 ft), and just below the peak of Chandrashila, Tungnath temple is the highest Hindu shrine dedicated to Lord Shiva.\r\n\r\nAs I mentioned that it was an unplanned trip so there was no early morning travel, no equipment and no trekking shoes ( which I would soon be regretting while walking on snow). It was a road trip including a winter trek and for the love of driving, I was the only one driving all the way from Dehradun to Chopta. We started our journey from Dehradun at 2:30 pm. From Dehradun to Rishikesh it\'s a normal plain road. The real adventure lies when you start driving on mountain roads.  Beautiful mountain scenes and ample of greenery though one should be concentrated on the roads as well. After travelling for about 3-4 hours we reach Devprayag ( where the Alaknanda and  Bhagirathi  River meet to give the name Ganga). The Sangam of the two rivers is quite visible and you can park the car and take pictures. You would be driving along the river for almost your entire journey up to Rudraprayag.\r\n\r\nThe distance between Devprayag and Rudraprayag is approximately 70 km and takes about 2 hours to reach depending upon the traffic and landslides on the way. For those who love to drive, the roads are in good condition but driving in mountains is a challenge. After driving for 6 hours we finally reached Rudraprayag which was our first stop and last stop before Chopta. We found a budget hotel ( all 4 of us are students ) at Rudraprayag and had our dinner in nearby DHABA. The temperature at Rudraprayag was bone chilling. Next morning a good 90 km drive was waiting for us to reach Chopta.\r\nThe next morning at about 8 am we started the Day 2 of our journey driving from Rudraprayag to Chopta. On our way, we could easily see mountains covered with snow.\r\n\r\nWe took a halt on our way to Chopta. The place was all white. Everything was covered with snow, water was frozen and the temperature very low. We had Maggi and tea for our breakfast.\r\n\r\nThe road had a white blanket of frozen snow over it. And driving on it is a very difficult task.\r\n\r\nAfter 20 mins we were at the starting point of the Tungnath Trek. There are a few shops as well. A REALLY IMPORTANT ADVICE: If you ever think of doing a winter trek keep an ample amount of water with you.\r\nAll set to start our trek and there come the forest guy asking to register ourselves and pay an amount of 150 bucks. The path of the trek seemed to be like a white carpet. With snow melting from the trees and droplets pouring down. My first winter trek seemed to be lovely. I couldn\'t stop but just keep on clicking. The place was quiet and you could hear the chirping of birds.\r\n\r\nTo be frank, everyone labelled this a moderate trek, but when there\'s snow it\'s soo, not \"moderate\". The difficulty level is slightly high and as you scale up the amount of oxygen also gets reduced. It\'s a 6-7 km trek up to Tungnath Temple and 2 km more to Chadrashila Peak which is also one of the summits. Chopta is also known as Mini Switzerland and the reason being this.\r\n\r\nI started normally the view was also motivating me to reach the temple and finish what I started. But after one hour of trekking, I felt I was overweight with every rise the oxygen level got reduced. But with nature and my fellow trekkers motivating me, there was no looking back. Taking my own time I started walking slowly so reduce the exertion level. \r\n\r\nAfter reaching a certain height there were only a few fellow trekkers alongside me. They were helpful in sharing almonds which they said will give the required energy. Their group was from Pune and that says a lot about the trek. With every step, the temple seems close yet far. But the pictures seem to come out great.\r\n\r\nAfter all the hard work, driving about 200 km, trekking for 3 hours you are about to reach your destination and this destination turned out to be my motivation. Knowing that there were a few km to cover there was ample energy within me. I was curious to see what the view is from the Temple and I must say it was worth every breath, worth every time I thought that I can\'t reach the temple. But to all odds and to myself I DID it. \r\n\r\nI wished to trek up to Chadrashila peak as well, but there was the excess of snow and we weren\'t equipped well to trek up to the peak. I hope to do the Chadrashila peak trek again and that too during the bone-chilling temperature.\r\n\r\nThanks for stopping by :)','2018-07-23 18:27:24',1,'tungnath---the-snow-trek-',1073,1),(13,1,'','जो छूटा पहाड़ तो पाने को क्या जो हुआ','मैं अ्‍यटी छेत्र में काम करता हूँ। हज़ारो पहाड़ी युवाकों की तरह पेट पालने पहाड़ छोड़ आया और फिर दिल्ली का ही हो गया। तीन दिन पहले मै दोपहर में खाना खाने एक रेस्टोरेंट में गया,\r\nउसका मालिक कुछ दिन पहले मनसरोवर यात्रा करके आया था। मुझे उसने बोला \"भाई जी, स्वर्ग के दर्शन हो गए\"। मैं शांत अनजान बने उसके यात्रा के किस्से सुनता रहा फिर मैंने यूँही \r\nपूछ लिया कि \"यात्रा के दौरान उत्तराखंड में कहाँ कहाँ घूमे?\"  उसने कहा बागेश्वर, इससे पहले कि वह कोई और जगह का नाम लेता, मेरे मुंह से बेसब्री में निकला मेरा \"मेरा घर है वहां\"। \r\n\r\nवह दो क्षण चुप रहा। फिर बोला, \"तो यहां क्या कर रहे हो?\"\r\nमैं मुस्कुराया और बोला \"मुझे भी नहीं पता।\" फिर उसने बागेश्वर की बहुत तारीफ करी। मेरे जाने तक उसने तीन बार यही पूछा कि \"यहाँ क्यूँ हो फिर अगर बागेश्वर जैसी जगह से हो तो\"।\r\nवैसे तो इसके जवाब कई हो सकते हैं। पर उत्तराखंड में रहने की वजह भी तो कई हैं।\r\nएक कविता में बयां करता हूँ। \r\n\r\nजो छूटा पहाड़ तो पाने को क्या जो हुआ\r\nगर्मी में जो सरयू के ठंडे पानी में \"फटक\" ना मारी,\r\nकड़कड़ाती ठंड में जो \"घाम\" नहीं \"तापी\",\r\n\"सोंँन\" \"भादो\" की हरियाली जो ना देखी,\r\nरिमझिम \"दियो\" में \"डानु\" मा \"हौल\" ना देखी,\r\nदादी की \"दिगो लाली\" ना सुनी, \r\n\"घुघूती\" \"बासन\" ना सुनी, \r\nजो छूटा पहाड़ तो पाने को क्या जो हुआ।\r\n\r\nबैशाख जेठ में \"बल्द\" बाकारो के ग्वाला जो ना दौडे \r\nजो पटांगढ में अड्डू , गुल्ली डंडा ना खेला\r\nजो \"ह्यून\" के महिने मे बहुत सारा \"चूख\" ना पेला\r\nजो चौमास के महिने में रोपाई ना लगाई\r\nजो फागुन में \"बानर ना हकाई\" \r\nजो छूटा पहाड तो पाने को क्या जो हुआ।\r\n\r\nहिंदी में अनुवाद :\r\nफटक - कूद  \r\nघाम - धूप\r\n तापी - सेकना \r\nसोंँन भादो - बारिश के महीने \r\nदियो - बारिश \r\nहौल - कोहरा \r\nदिगो लाली - किसी को याद करने पर अपने आप ही निकल जाता है। \r\nघुघूती - कबूतर \r\nबासन - पंछी का चह चहाना','2018-07-23 19:20:39',1,'jo-chhuta-pahad-toh-pane-ko-kya-jo-hua',926,2),(14,12,'','Lets Rediscover Our Incredible Yoga Capital - RISHIKESH','Prince Charles describing ganga once said – “I am amazed by the experience of sitting on the bank of one of the ancients rivers of the world. It is the right time for us to rediscover our connection with nature.”\r\nLocated in the foothills of the Himalayas in northern India, RISHIKESH is known as the \'Gateway to the Garhwal Himalayas\' and \'Yoga Capital of the World\'.\r\nThis place serves as a source of meditation for saints since long so as to attain higher knowledge.\r\nRecently annual international yoga festival was held in this city in which chief guest was SHRI. NARENDRA MODI ji.\r\nRISHIKESH and HARIDWAR are first in india to be given title of \"twin national heritage cities\"\r\n\r\nThis place is defined by the name of lord visnu (lord of the senses). In skand purana the place has been called as kubjamraka as lord visnu appeared here under mango tree. The tree could not bear the weight of his hands and became curved hence got its name.\r\nOnce lord Shiva was angry with Agni and cursed him. lord Agni did penance here as atonement for his sins . Hence this place is also known as Agni Tirtha.\r\nother than these Rishikesh has appeared as a place for stay of various hindu gods.\r\nLord Rama did penance here for killing Ravana,and his younger brother,  Lakshmana crossed the river Ganges, at a point, where the \'Lakshman Jhula\' \r\nbridge stands today.\r\n\r\nAnother similar suspension bridge Ram Jhula is located nearby Sivananda Nagar.\r\nThe \'Kedarkhand\' of Skanda Purana, also mentions the existence of Indrakund at the point where lakhsman jhula bridge is present.\r\nAfter flowing through narrow himalayan valley ganges emerges from the mountains at rishikesh then debouches onto the gangetic plain at haridwar.\r\nThe sacred river ganga finds its symbolic and religious importance in rishikesh. All along its course hindu bathe in its waters venerating their ancestors and their gods by cupping the water in their hands,lifting it and letting it fall back into the river.They also offer flower and rose petals and float shallow clay dishes filled with oil and lit with wicks.\r\n\r\nThe most enticing religious procession is ganga Aarti at triveni ghat , an evening prayer performed at the banks of river ganga.\r\nAccompanied with eulogy and bhajan chanting, beating drums and bells it is a major highlight of the ghat attracting large numbers of devotees and visitors.\r\npeople lit oil diyas ,put them on flower filled leaf boats and release in the holy waters of the river. These illuminated lamps in the evening provide a beautiful view. Along with these beautiful hymns are recited in praise of the ganges which rejuvenate our mind and soul.\r\nIt is an old faith that meditation in rishikesh accomplish the same purpose of attaining moksha as does a dip in holy ganga.Over the years it has established itself as yoga capital of the world.\r\nI as a native of uttrakhand feel proud that notable personalities like swami vivekanand have studied here in an institution kailash ashram brahmavidyapitham, an institution dedicated to preserve and promote traditional vedantic studies.\r\nPrince chales of wales and duchess of cornwall visited rishikesh in 2013 and participated in ganga aarti.\r\n\r\nRiver rafting is undoubtedly one of the most enthralling experiences in rishikesh. there are four starting points for rafting in rishikesh.\r\n(1)kaudiyala  (2)shivpuri  (3)marine drive (4)brahmpuri\r\nThe 16 km stretch from shivpuri to lakshman jhula , rich with whirlpools on the ganges river is acclaimed as one of india’s most popular stretches for white water rafting . The adrenaline rush and the excitement experienced while riding and tumbling down the white waters of fast flowing rivers is simply unmatched by any other sport.\r\n\r\nAnother center of attraction in Rishikesh is Rajaji National Park. Named after late shri. C. Rajgopalachari, it is situated in an area between Rishikesh and Haridwar. The picturesque beauty and rich biodiversity of this park serve as its major attractions for both nature lovers as well as wildlife enthusiasts.The area is covered with diverse forest types ranging from semi evergreen to deciduous and from mixed broad leaved to teral grasslands and classified as indus-ganges monsoon forest types. It is home to avian species which are found in forested foothills and in an open grassland. Its location in transition zone between temperate western Himalaya and central Himalaya enhances the species diversity and consequently the viewing prospects.\r\n\r\nGreater scaup, White naped woodpeacker, Great hornbill, Northern goshawk, Snowy browed flycatcher, Green avadavat and reed bunting are some bird species found here.','2018-07-24 10:02:10',1,'lets-rediscover-our-incredible-yoga-capital---rishikesh',1110,1),(15,12,'','A glimpse of NEELKANTH MAHADEV temple','Positioned at the union of Madhumati and Pankaja rivers, Neelkantha Temple is placed between the picturesque hills of Uttaranchal.\r\n\r\nDedicated to Hindu Lord Shiva its establishment has a legend behind it. At this location, only Lord Shiva drank the poison that emanated from Sagar-Manthan. Consequently, his throat turned blue and from that time only he came to be known as Neelkanth.\r\n\r\nScenically situated at the height of 1330 meters, the temple is surrounded by 3 hills\r\n1. Manikoot    2. Vishnukoot    3. Brahmkoot\r\nAt the confluence of two perennial rivers Pankaja and Madhumati\r\n\r\nThe way to this temple gives breathtaking experience. Roads are steep and narrow. On one side river can be seen flowing which send chills down the spine.\r\n\r\nTemple’s architecture is vibrant and captivating. Above the entrance door sculpture of gods and demons can be seen which portrays mythological Samudra Manthan.\r\n\r\nThe temple complex posses one natural spring where devotees usually take a holy bath. The main shrine comprises a Shiva lingam. People offer coconut, flowers, milk, honey, fruits and water to the Lord. In return to their offerings they get \'Parshad\'.\r\n\r\nDuring Shivratri (Feb-Mar) and Shivratri of Shravan (July-Aug), the temple is crowded with voluminous pilgrims. The spiritual ambience of the temple creates a feeling of veneration in the hearts of the people.\r\n\r\nThanks for reading.','2018-07-26 16:41:40',1,'a-glimpse-of-neelkanth-mahadev-temple',1031,2),(18,10,'','All weather roads: Are they really a blessing to Uttarakhand?','$image$\r\nThe development of all-weather roads in Uttarakhand is a significant initiative by the Central government. This is to improve the existing conditions of major highways that connect the four shrines of Uttarakhand viz Gangotri, Yamunotri, Kedarnath and Badrinath. Earlier the roads had to be renovated every now and then to prevent any roadblocks and mishaps. Uttarakhand is infamous for various road accidents, landslides and poor conditions of the road. Hence the need of the hour was to build proper well connected and well-maintained roads.\r\nAlthough we all know, this is something that would support the Tourism sector that is the backbone of our state but what we cannot see because of this blindingly huge project is the other aspect, a more environment-friendly aspect. As mentioned in the project, it would cover 889 kilometres of highway. According to a report by a leading national daily, 356 kilometres of roads have been widened which have led to the chopping down of 25000 trees already. Until the end of the project, several more trees will be cut down. With decreasing levels of air quality, we are well aware of the road we have taken for development. Cutting down trees is also disturbing the animals and birds that dwell in those regions, hindering life at every facet. In addition to this, the mountains of our state are not stable mountains; they are still growing, hence increasing the risk of landslides which often strikes in the monsoons, in a way leading the vulnerable areas to demise…\r\nWith the increase in tourism, there comes an alarming situation of all kinds of pollution. Each one of us who throws all kinds of packaging material out of their car’s window; with the excuse of what difference would that make, has gradually turned our so-called Devbhumi to a breeding ground for various diseases. Even the places at high altitudes are not spared of this garbage. One of the major causes of this is well-developed roads that are now reaching remote areas. We, the people from the mountains, need to step in to protect our environment before it’s too late. \r\nAt the end of the day, the question that keeps bothering me is if sustainable development was just a theoretical term which will never be put to use. How long we will keep exploiting our environment in the name of development. And how long is it going to take us to finally realize the fate we have chosen for ourselves…','2018-07-31 16:35:59',1,'all-weather-roads-are-they-really-a-blessing-to-uttarakhand',552,4),(19,1,'blog/19/58858039_993241650880111_5895238528140312576_o_XmCEQ2C.jpg','Why Should you go to trek with us?','Young, energetic and educated guide or trek leader.\r\nUttarakhand Traveller comprises of people who are graduate of Delhi University, Bachelor of Technology and English Literature. We strong believe trekking and travelling in high altitude and mountains really give a lot of messages, we have been here because we wanted to be here, its more than a profession for us. \r\n  \r\nBudgeted travelling and trekking. \r\nSince we have been students and we understand how each of us really did save through a time just to go for a travel or trekking somewhere. We understand its not affordable for everyone to go for a fully fledged package as they are always costly, especially someone who travels twice or thrice a year. So, we have come to a conclusion and trying to do something non-traditional. We are a community that focuses on the minimum expenditure of the trekkers by not directly booking accommodation and transportation for them but rather help them get those two at the best rate as per their comfort, we have connections with hotels and cabbies for that. \r\n\r\nExperience the nature with locals.\r\nAll of us are local people, we understand what works and what does not in the mountains. We understand the culture and dialects of here. We share our knowledge and experience time to time while our engagement. It is also like a culture tour in the local regions while trekking. We believe life in mountains is worth knowing and while trekking we can easily connect to it. \r\n\r\nSkillful and professional mountaineers. \r\nWe are either certified tourist guide from recognised government institute or have done Basic Mountaineering Course from the same. We understand the conditions and situations in Alpine zone and glaciers. While trekking, we can judge the best how to proceed towards the destination. \r\n\r\nVery safe and secure endeavour. \r\nSafety is our first concern, we always try to understand how trekker is doing and make sure that he properly acclimatise and does go through dehydration, which is frequent in high altitude.','2019-05-08 01:52:20',1,'why-should-you-go-to-trek-with-us-',827,5),(20,1,'','How to choose a trek?','Choosing a trek for yourself to do this season can be tricky. \r\n$image$\r\n\r\nWell, I think it depends upon a lot of things and I try to put a few factors to help you decide that. \r\n\r\nFor the first timers. \r\nIf it\'s your first time on planning a trek in mountains, go easy. You can do difficult ones as well, but its step by step process if you really want to get into it. You should plan on going to a trek in the month of May or in September. While, in mountains weather is often unpredictable but during these two months the probability of it being expected is more than other months. Wisely choose an easy trek and the area you want to go. Don\'t study on all the treks too much, it really can be time consuming. To my knowledge, short treks like Deoriya Tal and Chopta - Tungnath are good one day treks. If you want a camping trek, you can go with Kedarkantha or Pindari Glacier. \r\n\r\nFor second and so on timers,\r\nIf you already have done trekking in the Himalayas then I insist go for a long or a slight offbeat trek. Why? Well, I believe after your first or previous experience, you must have enjoyed it and that\'s you are up to it again. You want to spend some more time in the trekking. So, plan a trek that has diversity in terms of trails, ranges you see and valleys. Milam Glacier trek, Adi Kailash trek and Namik Glacier trek are good examples of it.\r\n\r\nChallenging treks. \r\nIf you and your peers are fit and planning an adventurous trek, You can choose treks like Rupin pass and Roopkund trek. You will feel tremendous joy and challenges during these treks. \r\n\r\nHappy Trekking!!','2019-05-08 04:26:27',1,'how-to-choose-a-trek',738,5);
/*!40000 ALTER TABLE `post` ENABLE KEYS */;
UNLOCK TABLES;

--
-- Table structure for table `post_image`
--

DROP TABLE IF EXISTS `post_image`;
/*!40101 SET @saved_cs_client     = @@character_set_client */;
/*!40101 SET character_set_client = utf8 */;
CREATE TABLE `post_image` (
  `id` int(11) NOT NULL AUTO_INCREMENT,
  `post_id` int(11) NOT NULL,
  `image_id` int(11) NOT NULL,
  PRIMARY KEY (`id`),
  KEY `post_id` (`post_id`),
  KEY `image_id` (`image_id`),
  CONSTRAINT `post_image_ibfk_1` FOREIGN KEY (`post_id`) REFERENCES `post` (`id`),
  CONSTRAINT `post_image_ibfk_2` FOREIGN KEY (`image_id`) REFERENCES `image` (`id`)
) ENGINE=InnoDB AUTO_INCREMENT=43 DEFAULT CHARSET=utf8;
/*!40101 SET character_set_client = @saved_cs_client */;

--
-- Dumping data for table `post_image`
--

LOCK TABLES `post_image` WRITE;
/*!40000 ALTER TABLE `post_image` DISABLE KEYS */;
INSERT INTO `post_image` VALUES (2,9,138),(3,10,146),(8,11,173),(9,11,174),(10,11,175),(11,11,176),(12,12,190),(13,12,191),(14,12,192),(15,12,193),(16,12,194),(17,12,195),(18,12,196),(19,12,197),(20,12,198),(21,12,199),(22,12,200),(23,13,201),(24,13,202),(25,14,203),(26,14,204),(27,14,205),(28,14,206),(29,14,207),(30,14,208),(31,15,211),(32,15,212),(33,15,213),(34,15,214),(35,15,215),(36,15,216),(37,15,217),(41,18,221),(42,20,263);
/*!40000 ALTER TABLE `post_image` ENABLE KEYS */;
UNLOCK TABLES;

--
-- Table structure for table `post_notification`
--

DROP TABLE IF EXISTS `post_notification`;
/*!40101 SET @saved_cs_client     = @@character_set_client */;
/*!40101 SET character_set_client = utf8 */;
CREATE TABLE `post_notification` (
  `id` int(11) NOT NULL AUTO_INCREMENT,
  `notif_id` int(11) NOT NULL,
  `post_id` int(11) NOT NULL,
  `status` tinyint(4) NOT NULL DEFAULT '1',
  `cr_date` datetime NOT NULL,
  PRIMARY KEY (`id`),
  KEY `notif_id` (`notif_id`),
  KEY `post_id` (`post_id`),
  CONSTRAINT `post_notification_ibfk_1` FOREIGN KEY (`notif_id`) REFERENCES `post_notification_type` (`id`),
  CONSTRAINT `post_notification_ibfk_2` FOREIGN KEY (`post_id`) REFERENCES `post` (`id`)
) ENGINE=InnoDB AUTO_INCREMENT=12 DEFAULT CHARSET=utf8;
/*!40101 SET character_set_client = @saved_cs_client */;

--
-- Dumping data for table `post_notification`
--

LOCK TABLES `post_notification` WRITE;
/*!40000 ALTER TABLE `post_notification` DISABLE KEYS */;
INSERT INTO `post_notification` VALUES (1,5,11,0,'2018-07-29 21:11:57'),(2,5,10,0,'2018-07-29 21:12:52'),(3,3,4,0,'2018-07-30 02:36:41'),(4,4,12,1,'2018-07-23 04:44:04'),(5,4,14,1,'2018-07-28 04:44:28'),(6,3,8,0,'2018-07-30 05:22:31'),(7,3,7,0,'2018-07-30 05:24:32'),(8,1,18,0,'2018-07-31 16:54:29'),(9,2,18,0,'2018-08-01 02:07:50'),(10,2,18,0,'2018-08-02 03:14:22'),(11,4,13,0,'2018-08-07 10:20:57');
/*!40000 ALTER TABLE `post_notification` ENABLE KEYS */;
UNLOCK TABLES;

--
-- Table structure for table `post_notification_type`
--

DROP TABLE IF EXISTS `post_notification_type`;
/*!40101 SET @saved_cs_client     = @@character_set_client */;
/*!40101 SET character_set_client = utf8 */;
CREATE TABLE `post_notification_type` (
  `id` int(11) NOT NULL AUTO_INCREMENT,
  `ntype` varchar(100) NOT NULL,
  PRIMARY KEY (`id`)
) ENGINE=InnoDB AUTO_INCREMENT=7 DEFAULT CHARSET=utf8;
/*!40101 SET character_set_client = @saved_cs_client */;

--
-- Dumping data for table `post_notification_type`
--

LOCK TABLES `post_notification_type` WRITE;
/*!40000 ALTER TABLE `post_notification_type` DISABLE KEYS */;
INSERT INTO `post_notification_type` VALUES (1,'Post has been viewed'),(2,'Post has been approved'),(3,'Post has reached 100 views'),(4,'Post has reached 500 views'),(5,'Post has reached 1000 views'),(6,'Post has reached 5000 views');
/*!40000 ALTER TABLE `post_notification_type` ENABLE KEYS */;
UNLOCK TABLES;

--
-- Table structure for table `post_tag`
--

DROP TABLE IF EXISTS `post_tag`;
/*!40101 SET @saved_cs_client     = @@character_set_client */;
/*!40101 SET character_set_client = utf8 */;
CREATE TABLE `post_tag` (
  `id` int(11) NOT NULL AUTO_INCREMENT,
  `post_id` int(11) NOT NULL,
  `tag_id` int(11) DEFAULT NULL,
  PRIMARY KEY (`id`),
  KEY `post_id` (`post_id`),
  KEY `tag_id` (`tag_id`),
  CONSTRAINT `post_tag_ibfk_1` FOREIGN KEY (`post_id`) REFERENCES `post` (`id`),
  CONSTRAINT `post_tag_ibfk_2` FOREIGN KEY (`tag_id`) REFERENCES `tag` (`id`)
) ENGINE=InnoDB AUTO_INCREMENT=50 DEFAULT CHARSET=utf8;
/*!40101 SET character_set_client = @saved_cs_client */;

--
-- Dumping data for table `post_tag`
--

LOCK TABLES `post_tag` WRITE;
/*!40000 ALTER TABLE `post_tag` DISABLE KEYS */;
INSERT INTO `post_tag` VALUES (1,1,5),(2,1,6),(3,1,7),(4,2,5),(5,2,8),(6,3,9),(7,3,10),(8,4,11),(9,4,12),(10,4,13),(11,5,7),(12,5,14),(13,6,15),(14,6,16),(15,7,17),(16,7,18),(17,7,4),(18,7,16),(19,8,2),(20,8,4),(21,8,70),(22,8,71),(23,8,72),(24,8,61),(25,9,7),(26,9,75),(27,10,76),(29,10,75),(30,10,6),(31,11,32),(32,11,33),(33,11,78),(34,12,8),(35,12,27),(36,13,19),(37,13,4),(38,14,41),(39,14,43),(40,15,41),(41,15,43),(42,15,5),(44,18,75),(45,18,79),(46,19,82),(47,20,64),(48,20,82),(49,20,62);
/*!40000 ALTER TABLE `post_tag` ENABLE KEYS */;
UNLOCK TABLES;

--
-- Table structure for table `post_type`
--

DROP TABLE IF EXISTS `post_type`;
/*!40101 SET @saved_cs_client     = @@character_set_client */;
/*!40101 SET character_set_client = utf8 */;
CREATE TABLE `post_type` (
  `id` int(11) NOT NULL AUTO_INCREMENT,
  `type` varchar(10) NOT NULL,
  PRIMARY KEY (`id`)
) ENGINE=InnoDB AUTO_INCREMENT=6 DEFAULT CHARSET=utf8;
/*!40101 SET character_set_client = @saved_cs_client */;

--
-- Dumping data for table `post_type`
--

LOCK TABLES `post_type` WRITE;
/*!40000 ALTER TABLE `post_type` DISABLE KEYS */;
INSERT INTO `post_type` VALUES (1,'Travel'),(2,'Culture'),(3,'Food'),(4,'Others'),(5,'TrekkingIn');
/*!40000 ALTER TABLE `post_type` ENABLE KEYS */;
UNLOCK TABLES;

--
-- Table structure for table `role`
--

DROP TABLE IF EXISTS `role`;
/*!40101 SET @saved_cs_client     = @@character_set_client */;
/*!40101 SET character_set_client = utf8 */;
CREATE TABLE `role` (
  `id` int(11) NOT NULL AUTO_INCREMENT,
  `type` varchar(300) NOT NULL,
  `name` varchar(30) NOT NULL,
  PRIMARY KEY (`id`)
) ENGINE=InnoDB AUTO_INCREMENT=3 DEFAULT CHARSET=utf8;
/*!40101 SET character_set_client = @saved_cs_client */;

--
-- Dumping data for table `role`
--

LOCK TABLES `role` WRITE;
/*!40000 ALTER TABLE `role` DISABLE KEYS */;
INSERT INTO `role` VALUES (1,'A user in Uttarakhand Traveller having user access','user'),(2,'A blogger in Uttarakhand Traveller having blog access','blogger');
/*!40000 ALTER TABLE `role` ENABLE KEYS */;
UNLOCK TABLES;

--
-- Table structure for table `session`
--

DROP TABLE IF EXISTS `session`;
/*!40101 SET @saved_cs_client     = @@character_set_client */;
/*!40101 SET character_set_client = utf8 */;
CREATE TABLE `session` (
  `id` int(11) NOT NULL AUTO_INCREMENT,
  `user_id` int(11) NOT NULL,
  `role_id` int(11) NOT NULL,
  `secret_key` varchar(300) NOT NULL,
  `created_on` datetime NOT NULL,
  `expire_on` datetime DEFAULT NULL,
  PRIMARY KEY (`id`),
  KEY `user_id` (`user_id`),
  KEY `role_id` (`role_id`),
  CONSTRAINT `session_ibfk_1` FOREIGN KEY (`user_id`) REFERENCES `user` (`id`),
  CONSTRAINT `session_ibfk_2` FOREIGN KEY (`role_id`) REFERENCES `role` (`id`)
) ENGINE=InnoDB AUTO_INCREMENT=82 DEFAULT CHARSET=utf8;
/*!40101 SET character_set_client = @saved_cs_client */;

--
-- Dumping data for table `session`
--

LOCK TABLES `session` WRITE;
/*!40000 ALTER TABLE `session` DISABLE KEYS */;
INSERT INTO `session` VALUES (1,1,2,'MYuexqn7s5yHCCEMKxbQkcf89gTbUZMtmz45DaRUg9ee03ki9n','2018-07-08 04:38:49','2018-07-15 05:12:16'),(2,1,2,'Zxmzv6qSWdVdPrNs2CCRx2mlysAGAxSneqqTYVgIBQ9VUmtZ30','2018-07-08 05:12:42','2018-07-15 05:12:43'),(3,1,2,'FKTjTiGjtBJu5PQ2BTXSlgPowSAKvUpxSBn9R1gP7U0P46mJ2s','2018-07-08 05:12:43','2018-07-15 05:12:43'),(4,1,2,'ZL5TF5TQIzyfBJ54SQih5ZX1hapxsuddWBwgFYAcXPRCR9Gykc','2018-07-08 05:12:44','2018-07-15 05:12:44'),(5,1,2,'SeUfWXHsWeOrX8AiAe4doS7X5QUWqeSADd4b3JfrEcKaKaxGD2','2018-07-08 05:12:44','2018-07-15 05:12:44'),(6,1,2,'1puUQBXrhF0JPSh2zDMZFd9r7RY7AejV78eOqjMYvYiy2Qsp6X','2018-07-08 05:12:44','2018-07-15 05:12:44'),(7,1,2,'6WeOoKLNMsUP2wzz0lOad1juOfHSj9Bu7JbHalqu6icj0cj5Vd','2018-07-08 05:12:45','2018-07-15 05:12:45'),(8,1,2,'e28gU7sVm7awoPss9i1p4B4gNZZ7RGwsLSDxgNnS9l0yOqqR5o','2018-07-08 05:12:45','2018-07-15 05:12:45'),(9,1,2,'vtfocK35lmeJqVrBebmpNdeSXkkBNxDENGYj9x39DN5ZnRWGSW','2018-07-08 05:12:45','2018-07-15 05:12:58'),(10,5,2,'IsVgIBq0fWwxOzkzHuv8ShjqQx43qcfNXDfe1UrszqTkI7nmHq','2018-07-08 05:27:55','2018-07-15 05:28:02'),(11,1,2,'0GkG959N7rVD9CWFabjjnlrZAvJK19LNGrhZBrN9HWJC92bZtt','2018-07-08 05:41:20','2018-07-17 12:27:18'),(12,3,2,'AnNWiKpUN7ygqt6LcK0lLBNtNMPAFUAMlSs5iG9KXzl57c5QtV','2018-07-08 05:52:05','2018-07-15 05:52:05'),(13,3,2,'b7pes4bWxRYOhwqbdiLde9O9sSAO7snKD1finXWkkx6S9aABmX','2018-07-08 05:53:36','2018-07-15 05:57:11'),(14,2,2,'T3pV50De1iMYAb1bQs1A3MdPhzCq8C86WeAfabBoOkL4bBXJeP','2018-07-08 06:29:55','2018-07-15 06:32:35'),(15,1,2,'nIuAqb9zXRYWJogEoYdFfRSlAVjh0VOqGfBa2LbOF6p9K64wgo','2018-07-08 08:29:29','2018-07-29 20:25:33'),(16,1,2,'0d9hgGP8iBl1S2vEif2BBrbdkQSG2BOLnD0DbLWkZHE4V6DbeG','2018-07-08 14:55:44','2018-07-15 17:48:43'),(17,1,2,'QMEDA0KOD2aAZWywskviP3Dru7pJiuHNwafpECipPn97NPPqnC','2018-07-08 19:00:47','2018-07-15 19:17:58'),(18,1,2,'XClACxJpgpV7mrMcPoqJTcCkoKLPZ7LfaIT4zN5vOG21TQqBnK','2018-07-09 06:05:23','2018-07-16 06:06:11'),(19,1,2,'rgEL9VneL6q4Gya9nzxmKCv9dBfdfLzvMtwaTv4y8VI28tszWG','2018-07-09 08:59:47','2018-07-16 08:59:48'),(20,1,2,'w0EL9Irf3PBTZOcwWi01GUjGOxoXmpUPKYblSi6XNrxDTWQQGF','2018-07-09 10:14:33','2018-07-16 10:14:33'),(21,1,2,'vqzNFOIG2v5AbNgp45BbJD9u5hY1eO9vaFKYX7VNHu67hnDJQW','2018-07-10 12:27:26','2018-08-03 04:51:03'),(22,6,2,'PRWbaDH1oLfYkZz15yjiqc9MKFn3TrYPP1U9ONmUcDHWEkwbtc','2018-07-10 18:21:26','2018-07-17 18:47:39'),(23,6,2,'Uw3wNzSCWcq7ETBe7WPb3e7CxyFJbwLWhpiDVnBXB1EacxFEOX','2018-07-11 02:40:32','2018-07-20 16:11:07'),(24,6,2,'WBbCM8gbQZCW5sC3FH5s9fB32sCzI7U5cFRP1rCi23q1vSH97e','2018-07-12 06:09:16','2018-07-23 18:00:18'),(25,6,2,'EoKoNwIEa3rYpmVZjp07y2hx3xQk8EV4LogT40sBqflTuj0x6c','2018-07-12 13:58:50','2018-07-30 03:54:29'),(26,3,2,'i8uagYsxjTlxCKTiVHHOolhbLbLeGqCNLbkjCufDcyYAUfhMCT','2018-07-15 18:26:08','2018-07-29 17:02:29'),(27,2,2,'b9BMXntXRQq68v9HokLjV39HOo4zSthzRk00tUifv5FBdnf8uO','2018-07-16 07:25:45','2018-07-23 19:06:49'),(28,2,2,'1r86Si5TOqqfvi488dB8vJ4oXQ3CKnijacb7DJC9XedFvRorbv','2018-07-16 08:13:13','2018-07-29 18:43:28'),(29,1,2,'y1qEHGYNvtsHyaT02xboNzNFKtv9x1DUHlFixAoWpx49jTLqqc','2018-07-16 12:18:16','2018-07-23 12:22:10'),(30,2,2,'WVu2DM0jjj4glTSXoeJgHQcfiaDy0mnAZpqzQTAF7PrdmJlLwX','2018-07-16 18:12:26','2018-07-23 18:19:55'),(31,10,2,'iV1lW5nFfJoNIhh50tUV6HuM2EivX9TyB5HPkgHeNEtLeHE68m','2018-07-17 07:29:35','2018-08-02 14:15:58'),(32,10,2,'P06gBSJPQ2VUg4C7uC15M3ICldzkpzPq9A1fAT9AUYkg6WyRSO','2018-07-21 07:16:09','2018-08-02 08:28:41'),(34,11,2,'oGhQjDi2FhhcgjcGazElSjQ3Uf5Ah8yaKaYj9zJ1xKpVEG7j4e','2018-07-23 17:54:16','2018-08-02 16:27:49'),(35,12,2,'HAYWYuNlRXcPSWZISThuXsmFSfgMJnObE3KVx5C1Jys3kuhQuG','2018-07-23 18:33:02','2018-07-31 10:34:17'),(36,6,2,'2m41JJ0tzfsEwTuKpmeB55acW5QZXaKTKunnccmwvGmyWvAV4b','2018-07-23 18:39:20','2018-07-31 17:10:49'),(37,1,2,'BCLbLsZKdYSeb9NV03yQRzjSwuU5ZLHKPuSxWklhGIxhTcbH1n','2018-07-23 19:00:18','2018-08-12 15:32:03'),(38,1,2,'UXachwNu4SEZP3zluzChfhhkWvNhoXzbvkq7Ep7KwV6YdsuGNR','2018-07-24 06:37:55','2018-07-31 06:38:22'),(39,12,2,'dMyBNlwuRqwvVegM8eWdWFD5yd6Fl8dscUhUH1P7WzvpR2NtoK','2018-07-24 12:02:55','2018-07-31 12:04:46'),(40,12,2,'E1oD0ISv5XQPwWp3UVHOb3k27P3FIMyDKpS7uFYLFHmsfs2M0T','2018-07-24 18:32:55','2018-07-31 18:32:55'),(41,12,2,'GYEw7sM4H0dNMd3c9xqNbMzbl0yB2L9ExV7B1OYnFGeebEJPhv','2018-07-25 11:07:47','2018-08-01 11:10:06'),(42,12,2,'liYVj8YFv2rsiCxLcSIdK9kjiiNnLo9pJkWgTmlBoBOczl1dVp','2018-07-26 16:25:43','2018-08-02 16:47:43'),(43,12,2,'zPdt3XSfW8aun2c28XLwJJgpIrtcQo43icMyDcQbni1OpT7EV7','2018-07-26 17:23:24','2018-08-03 08:45:05'),(44,12,2,'2WCjvThYvfs6ROTRtD08GKWwAUndhuCCqMQFn0V6CVHk1Y2UXP','2018-07-27 09:52:43','2018-08-03 17:55:41'),(45,12,2,'gr8oF0TXYRItCbPKN1jouEnTwv8jcRzn0JzekPL71x5yxWstnz','2018-07-28 06:07:29','2018-08-04 06:07:29'),(46,14,2,'PqhF2qf8BEYnTtqtrVHFXHAelYXfeslTSF66KCHcWt1iZnAkPs','2018-07-28 13:57:32','2018-08-04 14:00:33'),(47,1,2,'UysftcaXnH7WD0lOcPQdlW6I3QEHDh5ykDJyx3PBCpnBWSoPMq','2018-07-29 06:33:50','2018-08-05 06:38:52'),(48,10,2,'Rb0KVzM1l79FnrTjI60Q8u3NuEwxqbNNjxOUVY6eCnF4pD2WMJ','2018-07-29 10:46:11','2018-08-12 03:40:36'),(49,2,2,'a1mRolNwSQTrXHIRBrQpYeURUi9FEjLPZnpgCxVv0UtoXiUSm3','2018-07-30 02:39:03','2018-08-06 02:39:04'),(50,1,2,'ELlC51M44FzwWmLLM1CoL445kUfJkmKCgVaYkdNjHl8MSuFn49','2018-07-30 05:22:53','2018-08-06 06:29:02'),(51,3,2,'XIeFa9TPd0KjDsw4cSDrEwXYpqSAIAmv5KX1Vz75YD5RiOTA94','2018-07-30 06:22:26','2018-08-06 06:26:20'),(52,10,2,'jigR7ISdPKQMbFwLNFK599nB8rsUQBGkAbuthiWtsmEWQ6wXYZ','2018-07-30 15:24:27','2018-08-09 08:41:18'),(54,1,2,'XG3fUJ7XGokNm3BeuQoJNdyTjEHvhnsXw3Ng9ZaVQ3abZJf4YZ','2018-08-07 10:16:12','2018-08-14 10:21:12'),(55,10,2,'gUGpwxmdmYsqV4FWHptw0aFk6qlFXD5vSnIGDzGYK3L2PoQcc1','2018-08-10 03:48:43','2018-08-17 03:48:44'),(56,15,2,'5QOBMDLas5ERFFdqnsOYpiryfRx5ZG8e7pxjYA5dVhZb6UMt9p','2018-08-10 05:56:53','2018-08-17 07:22:19'),(57,1,2,'jfREdfY0agZ75NnjiauxhpkQYOU7RdHnBFjBZ6OcveQbuMnmZo','2018-08-12 11:08:37','2018-08-19 11:08:40'),(58,10,2,'f3LrYiHlwxo9y7VGkJ7dLkypCskOKyGa2k8ytnPeWanT3IyJUF','2018-08-21 03:16:36','2018-08-28 03:16:36'),(59,1,2,'qikcwV4qLUB3rf7wjDRUcX03T066qTGa2WjHCfWgIC35IVxgBM','2018-09-03 10:37:12','2018-09-10 10:37:31'),(60,10,2,'bz1BryjbY0gpMDXMM2EliBEP34YJr4lerdI9xHJhhznD26aEBV','2018-09-05 10:49:45','2018-09-12 10:49:47'),(61,1,2,'fjsn6eXkcRMWK3LGCKDCHPOTE0b5hchBdoCQvBDOLwRbFf1ASa','2018-09-10 12:44:54','2018-09-17 12:45:13'),(62,1,2,'G5AZrXlY4Q200KCUKXu5Slc5JxsvpZL3SmrNfxaBwMePPoXevb','2018-09-22 07:22:37','2018-09-29 07:24:07'),(63,1,2,'pbFLtNSzJqqrkeSby47HMZcWToynXJbe5AuJa08KeA9iare4VY','2018-10-09 10:17:43','2018-10-16 10:30:03'),(64,1,2,'yXGWDmKkvL3wjJSaiFoVf7RofHBztY20t0DdrKGQ8RULjwVgFH','2018-10-10 17:10:00','2018-10-17 17:10:06'),(65,1,2,'hKmC3itM2ByDw2i9kuuiS6ITxzsLGMNTAtsWCxRliMT4GI1rya','2018-10-29 16:10:00','2018-11-05 16:10:29'),(66,1,2,'MALGNUbiESLCebIIhBp2o7wGKAzeyZqoIJcWUemPfJt4BEkl3y','2018-10-29 16:10:45','2018-11-07 15:52:59'),(67,1,2,'pKeyxtP9hCsKVAoVEd2hXymGqS5AQzHNK3cb92rUSKh6aQOnck','2018-11-05 06:33:31','2018-11-12 06:34:01'),(68,10,2,'iNIls5pHRsOunVJygOrXv8quyBJwhqR6ExS3MyxnW6cXoPIy2i','2018-12-01 18:26:51','2018-12-08 18:26:51'),(69,10,2,'OS4RUD8MNoxi6B4FklBPPHaU0GK4NGU1fz0tmgjR76Wa5Q1AcI','2019-01-08 13:58:12','2019-01-15 13:59:13'),(70,1,2,'c9EGvENCsgbgwd4yVN7sUYoPhahsDfFPiIXWjcWd1hvy5KtVRP','2019-01-11 14:47:32','2019-01-18 14:47:47'),(71,1,2,'XynAloxQ0hwciFITPPcPrMi4ljlMavwUVWgjnMGUEAxeTSTqRb','2019-01-11 14:47:57','2019-01-18 14:48:04'),(72,1,2,'uKxamTFLbxXXwNqDLKo1hYziXZKCcjOLw8T3Zw80BF0xcSnUkW','2019-01-21 12:57:52','2019-01-28 12:57:58'),(73,1,2,'GYdxV9erZAwrWlHMqNJ2fjN02QskBBQXgTBKGAuq8XjizyhrOO','2019-01-29 17:15:53','2019-02-05 17:15:57'),(74,10,2,'LgJxOq5tsNBqAWmY2oHddt1z6WURusCpfCivfhYseoh5etAe52','2019-02-01 15:15:25','2019-02-08 15:15:25'),(75,1,2,'Ynn0qrzzKthQ96HtU3JgriPuF1px0VER1Gk58rtSFWUQbSOeua','2019-04-13 16:40:29','2019-04-20 16:41:02'),(76,1,2,'6cSbp07iKsD7T8KQlHZ23Vf5oSCgtu2FYVBQ9N1ZvE2z8YTMqr','2019-04-14 07:08:03','2019-04-21 07:08:50'),(77,1,2,'gYJ9KeK6JeRf5RWoexId4TZ4w3eF3GAA93x3jN68AzqnDIhG1o','2019-05-08 01:05:11','2019-05-15 04:26:30'),(78,10,2,'rMAgwkPm86PJrSX6BrzoEnWMFmYPAP919lzgvDW7KHSEHaOpdn','2019-08-24 15:22:21','2019-08-31 15:32:59'),(79,1,2,'MZS42tEI4ULk2wZ8PfRkgaR6MXU8jLPvjuWe8Lre3ZRzaZrOaT','2019-09-18 03:30:50','2019-09-25 03:41:17'),(80,1,2,'40H1DXZIMRwP19KTgInJel3v8ZaEBjIbI7UMCkCeHU6TbGrngM','2020-07-06 05:50:14','2020-07-13 05:51:28'),(81,1,2,'F93LWYZI9WlFuREDNDYXaUF1cXyxGBZOxaCUWOtPjPASov8n4s','2020-07-27 11:20:52','2020-08-05 22:04:04');
/*!40000 ALTER TABLE `session` ENABLE KEYS */;
UNLOCK TABLES;

--
-- Table structure for table `spot`
--

DROP TABLE IF EXISTS `spot`;
/*!40101 SET @saved_cs_client     = @@character_set_client */;
/*!40101 SET character_set_client = utf8 */;
CREATE TABLE `spot` (
  `id` int(11) NOT NULL AUTO_INCREMENT,
  `place_id` int(11) NOT NULL,
  `name` varchar(50) NOT NULL,
  `description` text NOT NULL,
  `how_to_reach` text NOT NULL,
  `status` tinyint(4) NOT NULL DEFAULT '0',
  `cr_date` datetime NOT NULL,
  `slug` varchar(60) NOT NULL,
  PRIMARY KEY (`id`),
  KEY `place_id` (`place_id`),
  CONSTRAINT `spot_ibfk_1` FOREIGN KEY (`place_id`) REFERENCES `place` (`id`)
) ENGINE=InnoDB AUTO_INCREMENT=40 DEFAULT CHARSET=utf8;
/*!40101 SET character_set_client = @saved_cs_client */;

--
-- Dumping data for table `spot`
--

LOCK TABLES `spot` WRITE;
/*!40000 ALTER TABLE `spot` DISABLE KEYS */;
INSERT INTO `spot` VALUES (1,18,'Chauli ki Jali','An amazing cliff of a mountain just behind the Mukteshwar temple known as Chauli Ki Jali was originally known as Chauthi Jali, whereas Chauli is \'Rock\' and Jali is \'Hole\', it is used for rock climbing, fox fly and rappelling, with an excellent view of Kumaon Valley.\r\n\r\nAs per mythology, it is believed that a Goddess and Demon fought a battle in this place and there is the trunk of an elephant, a shield and a faint outlines of a sword which remains as the confirmation of the fight. The evidence for the same can be seen in the form of a shield, a trunk of the elephant and outlines of a sword which are engraved at the site. The place is frequently thronged by tourist and devotees as it is believed that women are blessed with children if they touch these lattices.\r\n\r\nAnother mythology says a group of Lord Shiva devotees were on their visit to Kailash Mansarovar and at this dangerous rock climbing point, they prayed to Lord Shiva to help them. Lord Shiva blessed the guru with power and asked him to hit the rock four times. A hole appeared on the hard rock surface when the guru hit it the fourth time.\r\n\r\nWe would recommend that you should hire a guide who generally charge INR 200/- who would walk you through the compound, will act as your photographer as well as any support you need.','By Road\r\nyou can easily book a taxi from Haldwani which is 72 km from Mukteshwar. If you want to use the bus or sharable taxi then first you have to go Bhowali from Haldwani then you can use local transport to Mukteshwar from Bhowali. Buses are easily available to Haldwani from Delhi(Anand Vihar Bus Terminal) and other big cities. \r\nBy Train\r\nTrains are available for Haldwani. Although Nearest Railway Station is Kathgodam, but transport is easily available from Haldwani which is one station before Kathgodam.\r\nBy  Air\r\nNearest airport is Pantnagar Airport.',1,'2018-06-12 12:25:48','chauli-ki-jali'),(2,18,'Bhalu Gaad Waterfalls','Bhalu Gaad waterfall is a beautiful waterfall with crystal clean water 14 km downhill from Mukteshwar after that there is a trek of 1.5 km into the forest to reach there.\r\nUse footwear with good grips, would suggest taking a stick along. If the small kids are not recommended until you are adventurous by nature.\r\n\r\nWe would recommend that you should hire a guide who generally charge INR 200/- who would walk you through the compound, will act as your photographer as well as any support you need.','Just 14 km downhill from Mukteshwar towards Bhimtal after that there is a trek of 1.5 km into the forest to reach there.',1,'2018-06-13 12:18:23','bhalu-gaad-waterfalls'),(3,18,'Indian Veterinary Research Institute','Indian veterinary research institute is responsible for carrying out high end research in animal nutrition, genetics and bacteriology. The campus is spread in a large area and British architecture is reflected in all its buildings. A library and a veterinary museum are other popular attractions of the site, which reveals historic events to the travelers.\r\nThere is no entry fees.','Just one Km from Mukteshwar main Market',1,'2018-06-14 02:54:32','indian-veterinary-research-institute'),(4,20,'Bright End Corner','Bright End Corner is a beautiful location located just 2 km away from Almora provides magnificent views of sunrise and sunset  from here.  Bright End Corner is hair pin bend famous because of the beautiful view of the rising moon and the sinking sun along with the orange, red colours. This place is especially dedicated to Swami Vivekananda who spent his time here while he is in the Himalayas, library and a memorial dedicated to Swami Vivekananda situated some distance away. The beauty of this place is just amazing. It is one of the best spots for meditation and has natural beauty and unusual tranquillity all around.','Locates just 2.7 kms from Lala Bajar, Almora.',1,'2018-07-04 09:30:32','bright-end-corner'),(5,20,'Deer park','Deer Park is one of the best places for nature and wildlife lovers.Wildlife lovers can see the rare species and the nature lovers can take a nature walk amidst the natural beauty and tranquility. Tourist can spot bunch of animals like deer, leopard and black bear among lush green pine trees.','Set at a distance of 3 km from main Almora city situated in Narayan Tiwari Dewai (NTD)',1,'2018-07-05 09:09:05','deer-park-almora'),(6,40,'Naukuchiatal','Naukuchiatal literally means nine corner lake which is situated 5 km from Bhimtal at an elevation of 1,220mts above sea level covered with green forest. Naukuchiatal is the deepest amongst all the lakes in the Nainital region has Length of the lake is 983 m, breadth is 693 m and depth 40.3 m.\r\nNaukuchiatal also offers different sports activities like paragliding, fishing, rowing, paddling or yachting.\r\n\r\nBEST TIME TO VISIT-\r\nThe Weather of Naukuchiatal is pleasant and cooler. The temperatures in summers are between 25°C and 28°C from the month of March to end of June after that monsoon begins and remains till the mid of September. Winters are during October to February and the extreme cool temperatures go down to 0°C.\r\n\r\nNaukuchiatal can be visited throughout the year. March –June, and September - November are the best time for tourists to visit the region as the climate is comfortable and perfect for sightseeing and nature walks.','Naukuchiatal is 2 km from Bhimtal. The local bus stand and taxi stand is situated near the Bhimtal dam. Bhimtal is 23 km from Kathgodam which is the nearest railway station.\r\nThe nearest airport is Pantnagar at a distance of 37 km.',1,'2018-07-06 13:59:23','naukuchiatal'),(7,40,'Sattal','Sattal means Seven lakes as Sattal is an interconnected group of seven freshwater lakes which are  Ram Tal, Sita Tal, Laxman Tal, Nal Damyanti Tal, Sukh Tal, Garud Tal and Purna Tal these lakes have been named after mythological figures. The seven lakes are among the few unpolluted freshwater bodies in India. \r\nSattal is located at an altitude of 1370 meters near Bhimtal of Nainital district of Uttarakhand. It offers plenty of sports activities apart from boating like river crossing, kayaking, swimming, balloon tumbling, trekking to name a few. The view of the lake is clean green and the mountain surrounding makes the view amazing and very photogenic.\r\n\r\nBest Time to Visit-\r\nSattal has a pleasant and cooler climate. The temperatures in summers are between 27°C and 30°C from the month of March to end of June after that monsoon begins and remains till the mid of September. Winters are during December to February and the extreme cool temperatures go down to 2°C. It is a great time for trekkers.\r\n\r\nSattal can be visited throughout the year. March –June, and September - November are the best time for tourists to visit as the climate is comfortable and perfect for holidays, sightseeing and nature walk.\r\n\r\nNandadevi Fair is organized every year in the month of September.','By Bus - There are no bus stations in Sattal. The nearest bus route is in Bhowali which is at a distance of around 12 km After that one has to book the taxi or use a shared taxi. Taxis can directly hire from Haldwani as well.\r\nBy Railway - The nearest railway station from Sattal is Kathgodam Railway Station which is 26 km far. The station is well-connected to other major cities of Uttarakhand and other northern cities of India.\r\nIt is advisable to use Haldwani Railway Stations which is one station before Kathgodam because Haldwani has more transport facilities.   \r\nBy  Air - Nearest Airport is Pantnagar Airport which 50 km away from Sattal.',1,'2018-07-08 08:47:20','sattal'),(8,40,'Bhimtal Lake','A large beautiful lake in the centre of green mountains is the main Attraction of Bhimtal which has a island in middle where one can visit to see aquarium. Tourist can spend peaceful time near the lake. Boating is also available in Bhimtal lake for Rs. 250. \r\nThe town has derived its name from the legendary Bhima of the Mahabharata who is said to have visited this place during his exile period. An ancient Bhimeshwara Mahadev Temple is situated at the shore of Bhimtal lake is believed to be built by Bhima during the period of Pandavas banishment (vanvas).','By Bus - There are no bus stations in Bhimtal. The nearest bus route is in Bhowali which is at a distance of around 12 km After that one have to book taxi or use shared taxi. Taxis can directly hired from Haldwani as well.\r\nBy Railway - The nearest railway station from Bhimtal is Kathgodam Railway Station which is 26 km far. The station is well-connected to other major cities of Uttarakhand and other northern cities of India.\r\nIt is advisable to use Haldwani Railway Stations which is one station before Kathgodam because Haldwani has more transport  facilities.   \r\nBy  Air - Nearest Airport is Pantnagar Airport which 50 km away from Bhimtal.',1,'2018-07-08 09:40:47','bhimtal-lake'),(9,11,'Bhullatal Lake','Bhullatal Lake is an artificial man-made lake located at just 1 km from the Lansdowne.\r\nBhulla means \'young brother\' in Garhwali. Bhullatal dedicated to the Garhwali youth of The Garhwal Rifles who helped in the construction of the lake which is located at just 1 km from the Lansdowne.\r\nHere tourists can also enjoy boating and paddling. A children park, bamboo machan, and fountains have been erected here for the entertainment of tourists.\r\nThe lake is neat and clean maintained by the Indian Army. This place has something for everyone. The herbal plant nursery, ducks and rabbits, kids fun, boating facility, fountains and much more the highlights of this beautiful lake.\r\n\r\nBEST TIME TO VISIT\r\nBhulla Tal lake can be visited throughout the year. Best time to visit is from September to November and March to May. It can get extremely cold in the winters. Do visit best time of Lansdowne for details of temperature.','By Road- This lake is just 1 km from Lansdowne. Buses are easily available for Lansdowne. Bhullatal is just 1 km from Lansdowne.\r\nBy Railway- Nearest Railway Station is Kotdwar Railway Station which is 42 km  from Lansdowne\r\nBy Air- jolly Grant Airport in Dehradun is the nearest Airport which is 150 km from  Lansdowne.',1,'2018-07-08 10:26:47','bhullatal-lake'),(10,11,'Tip N Top','Tip N Top is a famous attraction located just 1. 5 kilometers away from the main city of Lansdowne on Pauri road and is the center of attraction of the entire region.\r\nTip N Top is a small hilltop viewpoint that is located at 1700 meters above the sea level and provides a breathtaking view of magnificent Shivalik Range. As the name suggests this place is the highest point in all of Lansdowne  \r\nThis place also commonly known as Tiffin Top.\r\nIt provides visitors with splendid panoramic sights not only of the entire city but also of the nearby forested area, and the Garhwal Hills with the majestic Himalayan range in the background.\r\nThe location is especially popular amongst honeymooners and newly married couples who get to spend some marvelous moments with their significant other in the midst of the romantic setting of the hills and the tall trees.\r\n\r\nBEST TIME TO VISIT\r\nTip N top gives beautiful view during the monsoons (July-September) as the flora and fauna look best during monsoon but if you are not comfortable this rain then post monsoon is the best time to visit. although Tip N top can be visited throughout the year. For details of the temperature of this place please refer the best time  to  visit Lansdowne,','By Road- Tip N Top is just !.5 km from Lansdowne on Pauri road. Buses are easily available for Lansdowne.\r\nBy Railway- Nearest Railway Station is Kotdwar Railway Station which is 42 km  from Lansdowne\r\nBy Air- jolly Grant Airport in Dehradun is the nearest Airport which is 150 km from  Lansdowne.',1,'2018-07-08 13:02:38','tip-n-top'),(11,11,'Darwan Singh Museum','Darwan Singh Museum is a historical defense museum named after Victoria Cross holder Darwan Singh Negi, located near the parade ground in Lansdowne\r\nThis beautifully decorated two storey building museum is 33-year old, which is also a prominent Lansdowne attraction, has a collection of old uniforms, photographs, certificates, arms and ammunition inside the museum.You can find some lesser known details about Garhwal Rifles of Indian Army in this museum.You can also visit small beautiful garden outside the museum. \r\nThis place requires entry ticket of Rs 50 per head.\r\nPhotography and kids below 10 years are not allowed inside the museum.','By Road- This lake is just 1 km from Lansdowne. Buses are easily available for Lansdowne.\r\nBy Railway- Nearest Railway Station is kotdwar Railway Station which is 42 kms  from Lansdowne\r\nBy Air- jolly Grant Airport in Dehradun is the nearest Airport which is 150 kms from  Lansdowne.',1,'2018-07-08 13:40:01','darwan-singh-museum'),(12,11,'Bhim Pakora','Bhim Pakora is famous because of the magical placement of the two sacred rocks. These rocks are perfectly balanced in the way that you can move above the rock with a single finger but never falls down even after using both hands. These rocks are in the shape of pakora (An Indian dish).\r\nOne has to trek 2 km downhills on a rough path through the forest from Lansdowne city centre.\r\nAccording to legend, Pandavas had stopped in Bhim Pakora during the period of Pandavas banishment (vanvas). At this place, to showcase his strength and perfection, the strongest brother Bhim had placed these rocks as we see them today.','By Road- This lake is just 1 km from Lansdowne. Buses are easily available for Lansdowne after that you have to trek for 2 km on a rough path through the forest.\r\nBy Railway- Nearest Railway Station is kotdwar Railway Station which is 42 km  from Lansdowne\r\nBy Air- jolly Grant Airport in Dehradun is the nearest Airport which is 150 km from  Lansdowne.',1,'2018-07-08 14:52:08','bhim-pakora'),(13,42,'Gaula Barrage','Gaula Barrage is popular for picnics and scenic beauty. A lot of families enjoying day trips together here. Gaula Barrage is also known as Gola Dam.\r\nGaula Barrage has a beautiful park around it and a small temple in the bank of the Gaula river.\r\nThe barrage built on the 500 km Guala river which origin from Sattal (Seven Lakes) at Bhimtal. Gaula Barrage is the lifeline of Haldwani as it supplies drinking water and also aids with irrigation to the surrounding villages.  The Gaula Dam is a popular picnic spot for locals as well as tourists.\r\nGaula Barrage is also known as Gola Dam.\r\nThe Gaula Barrage is located at Kathgodam of Nainital district.','By Road-  The Gaula Barrage is 7.3 km from Haldwani. Haldwani is connected with all nearby major cities.\r\nBy Train- Nearest railway station is Kathgodam Railway Station.\r\nBy Air- Pantnagar Airport is the nearest Airport which is 38 km from Kathgodam.',1,'2018-07-09 05:44:05','gaula-barrage'),(14,42,'Haidakhan Ashram','The  Haidekhan Ashram is dedicated to Haida Khan Baba, a disciple of Lord Shiva. It is a quiet and beautiful place and one can go for meditation here. There are more than 100  rooms available for the accommodation of devotees at a nominal charge. The place provides a beautiful view of the nearby surroundings. \r\nRiver Gomti Ganga flows between two sides of Ashram. Baba Ji built nine temples (Nov Durga) at the bank of the same river. Every year on the 25 Dec there is a big fair in Haidakhan Ashram.\r\nThe temple also offers a beautiful view of Kumaon Himalayan peaks.','By Road-  The Haidekhan Ashram is around 36 km from Haldwani. Haldwani is connected with all nearby major cities.\r\nBy Train- Nearest railway station is Haldwani Railway Station.\r\nBy Air- Pantnagar Airport is the nearest Airport which is 62 km from the ashram',1,'2018-07-09 06:16:42','haidakhan-ashram'),(15,42,'Sanjay Van','Sanjay van is a part of Tanda Range forest in Pantnagar of Udham Singh Nagar district in Uttarakhand. It has lots of open spaces over 783 acres and is also a good picnic spot for the tourists. It provides a beautiful view of the nearby surroundings. Sanjay Van is a lush green area where you can come to hear the birds, smell the grass, listen to the wind rustle among the trees. \r\nSanjay Van is around 23 km from Haldwani and is one of the best places to have a picnic. The. A quiet and peaceful place to spend time.	\r\nAn ancient 12th-century Qila Rai Pithora can also be seen from this forest\r\nThe Yoga training is also provided by yoga trainer.','By Air-Pantnagar airport is the nearest airport about 27 km south from here you can hire a cab or take a bus to reach Haldwani.\r\nBy Train- Haldwani railway station is connected to Kathgodam railway station. There are taxis and buses from both railway stations to reach Haldwani.\r\nBy Road- Sanjay Van is located on the Delhi-Nainital road, 23 km from Haldwani.',1,'2018-07-09 12:51:37','sanjay-van'),(16,14,'Laxman Jhula','Laxman Jhula is 450 feet long an iron suspension bridge over river Ganga at the height of around 70 feet. This bridge is an important pilgrim attraction because devotees believe that Lakshman, the brother of Lord Rama, had once crossed the river with the help of a jute-rope bridge on the same spot.\r\nOne can also visit the famous Trayambakeshwar temple and Laxman temple, situated near to it. Apart from pilgrim attraction, Laxman Jhula architectural marvels offer scenic beauty.','By Train- Nearest Railway Station is Rishikesh Railway Station at the distance of 4kms.\r\nBy Air- Jolly Grant Airport at 22kms from Laxman Jhula.\r\nBy Road- Rishikesh is connected with big cities and Laxman Jhula is in Rishikesh city easily reached by shared taxi.',1,'2018-07-10 05:39:24','laxman-jhula'),(17,14,'Triveni Ghat','Triveni Ghat is among the most sacred ghats in Rishikesh, the word Triveni is a combination of two words Tri (three) and Veni (confluence) means confluence of three as Triveni Ghat is situated at the confluence of three rivers – Ganga, Yamuna, and Saraswati.\r\nThe main attraction is the evening Aarti of Goddess Ganga also commonly called as \"Maha Aarti\". This aarti is accompanied by chantings of bhajan, beating drums, bells and diyas glowing all over the place. \r\nIt is a belief that those who take a dip in the water at Triveni Ghat washes away all the sins and purifies the soul.\r\nThe popular temples Gita Mandir, Bharat Mandir and Lakshminarayan temple are located on the banks of Triveni Ghat.\r\nTriveni Ghat has a market also.','By Train- Nearest Railway Station is Rishikesh Railway Station at the distance of 3 km.\r\nBy Air- Jolly Grant Airport at 22kms from Laxman Jhula.\r\nBy Road- Rishikesh is connected with big cities and Triveni Ghat is in Rishikesh city easily reached by shared taxi.',1,'2018-07-10 06:40:57','triveni-ghat'),(18,14,'Beatles Ashram','The Maharishi Mahesh Yogi ashram got globally acclaimed after Beatles visited this serene place in February 1968 to attend a session of Transcendental Meditation. The visit changed the world\'s perspective toward Indian spirituality.  This visit was also memorable for Beatles as they wrote various songs during this visit most of which gained huge media attention and commercial success.\r\nA quiet session of meditation here will make you fall in love with its spiritual beauty. Though it lacks maintenance and information, this quiet getaway is worth visiting.\r\nThe ashram is located in a beautiful spot within the Rajaji National Park with the river Ganga flowing quietly behind it.\r\nEntry charges are 150 Rs for Indians and 600 Rs for foreigners for 3 hours. Vehicle charge of 250 Rs for Indians and 500 Rs for foreigners.','The Beatles Ashram is located in Swargashram area. There is a road from the Ram Jhula which has Gita Bhawan and Parmath Niketan Ashram. At the end of that road, you will see an old closed iron gate of The Beatles Ashram. taxis are easily available from the bus terminal, Railway Station and Airport.\r\nBy Air- Jolly Grant Airport is the nearest airport at the distance 30 km.\r\nBy Train- Rishikesh Railway Station is 13 km from Beatles Ashram.',1,'2018-07-10 19:07:04','beatles-ashram'),(19,13,'Kempty Falls','Kempty Falls is one of the popular tourist places of Mussoorie situated at an altitude of 4,500 ft. It is a beautiful waterfall, which falls from a height of about 40 ft from a mountain.\r\nDue to its panoramic surroundings and views, the place was established as a tourist destination by a British officer John Mekinan in 1835. The name of the place is derived from Camp-tea, the place where Britishers organized tea parties during their ruling period.\r\nKempty falls is 13 km from Mussoorie on the Chakrata Road, and 45 km from Dehradun.\r\nThe waterfall splits into five cascades before coming down to the main pool.\r\nNo fee is required to visit Kempty falls.','By Air- The nearest airport is Jolly Grant, 75 km from Kempty falls. Indian Airlines and private carriers offer five flights per week from Delhi to Dehradun\'s Jolly Grant Airport.\r\nBy Train- Dehradun Railway station is Nearest Railway Station at a distance of 45 km.\r\nBy Road- Kempty falls is 13 km from Mussoorie on the Chakrata Road, and 45 km from Dehradun, bus and taxis are available from Dehradun and Mussoorie.',1,'2018-07-12 03:15:58','kempty-falls'),(20,13,'Camel Back Road','The Camel Back Road a 3 km long road which is surrounded by the scenic beauty of the Himalayas and the valleys of Mussoorie. It is called so because of the natural camel hump-shaped rocks that appear along the road. The sunrise and sunset can be easily spotted from this road, and the beauty of both these phenomena can never be truly expressed by mere words.\r\nThose who don\'t want to walk auto-rickshaw and horse ride are also available.','By Road- Mussoorie is well connected with big cities by road. one can reach Dehradun through big cities after that transports are easily available for 35 km distanced Mussoorie. \r\nBy Air- The nearest airport is Jolly Grant, 54 km from Mussoorie. Indian Airlines and private carriers offer five flights per week from Delhi to Dehradun\'s Jolly Grant Airport.\r\nBy Train- Dehradun Railway station is Nearest Railway Station at a distance of 34 km.',1,'2018-07-12 06:43:40','camel-back-road'),(21,13,'Gun Hill','Gun Hill is a hilltop located at 6800 feet above sea level and 400 feet above the Mall road of Mussoorie in the distance of 1.7 km from Mall road.  It is the second highest point of Mussoorie after Lal Tibba.\r\nGun Hill is a popular tourist destination undoubtedly offers a 360-degree picturesque view of Doon valley, Mussoorie two and Garhwal Himalaya Range.\r\nThe place has many shops and fun activities for kids like roundabouts, ring throwing and balloon shooting games, archery etc. This place also offers visitors the chance to dress in typical Indian clothing and pose for a souvenir photo.\r\nGun Hill is 1.7 km from Mussoorie Mall road, can be easily reached by cable car or walk of 30 mins.\r\nThe place has Historical significant as during the British period, a canon, placed atop this hill, used to fire in the afternoon so that the people got to know what time of the day it was. Even though the gun was removed in the 70s, but the name of the hill remains as the Gun Hill.','By Road- Mussoorie is well connected with big cities by road. one can reach Dehradun through big cities after that transports are easily available for 35 km distanced Mussoorie. \r\nBy Air- The nearest airport is Jolly Grant, 54 km from Mussoorie. Indian Airlines and private carriers offer five flights per week from Delhi to Dehradun\'s Jolly Grant Airport.\r\nBy Train- Dehradun Railway station is Nearest Railway Station at a distance of 34 km.',1,'2018-07-12 06:47:49','gun-hill'),(22,13,'Lal Tibba','Lal Tibba, the highest point in Mussoorie is situated in Landour area at 7,164 feet above sea level.\r\nA Japanese telescope was placed at the tower on a cliff by the municipality in 1967 to offer beautiful views of adjoining places to the travellers. Tourists can have beautiful views of Badrinath, Kedarnath, Banderpunch and other Himalayan ranges from this telescope.\r\nAn old British Style Architecture hill houses a camp of The Indian Military services and Broadcasting stations or towers of All India Radio and Doordarshan. The beautiful views of sunrise and sunset from this vantage point can also be seen by travellers visiting Lal Tibba.\r\nBest Time to Visit-\r\nit is advisable to visit the hill station during the summer months between April to June or Aug to Oct.','Lal Tibba is around 5 km from of Mussoorie at Landour road, you can easily reach Lal Tibba by hiring taxis or walk and Mussoorie can be reached by following ways\r\nBy Road- Mussoorie is well connected with big cities by road. one can reach Dehradun through big cities after that transports are easily available for 35 km distanced Mussoorie. \r\nBy Air- The nearest airport is Jolly Grant, 54 km from Mussoorie. Indian Airlines and private carriers offer five flights per week from Delhi to Dehradun\'s Jolly Grant Airport.\r\nBy Train- Dehradun Railway station is Nearest Railway Station at a distance of 34 km.',1,'2018-07-12 09:15:20','lal-tibba'),(23,13,'Happy Valley Mussoorie','Happy Valley has a small Tibetan temple, Near to IAS Academy with beautiful municipality garden at a couple of kilometres from the Library end of the Mall road Mussoorie. This was the first Tibetan temple built in India by the Tibetan refugees at 1960. As of 2016, Happy Valley still was home to about 5000 Tibetan refugees. There is a school too where the students are taught to maintain their Tibetan culture alongside a thorough educational experience.\r\nExplore the shops at the Happy Valley selling souvenirs and buy some memoirs for your family and friends.\r\nOne can witness a beautiful  Tibetan style house and can taste local delicious Tibetan dishes.\r\nMahatma Gandhi addressed the European municipal councillors at Mussoorie on 18 October 1929. At that time he stayed at Birla House in Happy Valley.\r\nEvery year 10 Dec is celebrated here, Dalai Lama gave his acceptance speech for the Nobel Peace Prize on December 10, 1987.','Happy Valley is just 2 km from Mussoorie, Taxis and auto rickshaw are easily available from Mussoorie, One can even walk to enjoy the beauty of nature.\r\nMussoorie can be reached by \r\nBy Road- Mussoorie is well connected with big cities by road. one can reach Dehradun through big cities after that transports are easily available for 35 km distanced Mussoorie. \r\nBy Air- The nearest airport is Jolly Grant, 54 km from Mussoorie. Indian Airlines and private carriers offer five flights per week from Delhi to Dehradun\'s Jolly Grant Airport.\r\nBy Train- Dehradun Railway station is Nearest Railway Station at a distance of 34 km.',1,'2018-07-12 14:14:19','happy-valley-mussoorie'),(24,13,'Company Garden','Company Garden is a popular picnic spot for the tourist. Company Garden is a pleasant place for all age group. It has an amusement park, a wax museum and a small market for shopping and eating. There is also an artificial lake with the boating facility and a small artificial waterfall.\r\nIt is also known as \"Municipal Garden\" or \"Company Bagh is a colourful garden located at 3 km from Mall road. \r\nThe telescopic view of the surrounding Himalayan Range a the cost of 10 Rs only. It is a great thing to experience at a very low cost. The person in charge will point out the peaks for you to identify.\r\nEntry fee is 15 Rs per person and boating charge is 75 Rs per person.','Company Garden is 3 km from Mall road Mussoorie, can be reached by shared or private taxis.\r\nTo reach Mussoorie you can use the following Medium.\r\nBy Road- Mussoorie is well connected with big cities by road. one can reach Dehradun through big cities after that transports are easily available for 35 km distanced Mussoorie. \r\nBy Air- The nearest airport is Jolly Grant, 54 km from Mussoorie. Indian Airlines and private carriers offer five flights per week from Delhi to Dehradun\'s Jolly Grant Airport.\r\nBy Train- Dehradun Railway station is Nearest Railway Station at a distance of 34 km.',1,'2018-07-13 04:33:20','company-garden'),(25,10,'Nauti Village','Nauti Village, the opening point of the greatest and longest Nanda Devi Raj Jat Yatra which is done once in 12 years is said to be the home of Goddess Nanda. The Yatra is considered as one of the longest pilgrimage tour covered by foot into the tiring path bestowing lively natural beauty which can leave anyone mesmerized. Last Nanda Devi Rajjaat Yatra was held in Aug 2014 after 14 years of previous Nanda Devi Rajjaat Yatra which happened in 2000. Hence it was originally scheduled in 2012 but was postponed due to Malmaas (one inauspicious month) in that year. Hence rescheduled to happen in 2013, again last year it was postponed due to natural catastrophe (flash floods) in Kedarnath area.\r\nIt took around 20 days to cover 290 km Nanda Devi Rajjaat Yatra of 2014.\r\nThis village is also known as the village of Sita Mata and village of Nanda Devi.\r\nNauti village is located in Karnaprayag Tehsil of Chamoli district in Uttarakhand, India. It is situated 17km away from sub-district headquarter Karnaprayag and 70km away from district headquarter Gopeshwar.','By Road- One can easily reach Nauti village by using public or private transport from Rishikesh as Rishikesh is well connected with big cities. The distance from Rishesh to Nauti Village is around 190 km.\r\nBy Train- Nearest Railway Station is Kotdwar Railway Station at 170 km distance but it is  advisable to use Rishikesh Railway Station (at 190 km distance) for more public transport availability\r\nBy Air- Nauti‘s nearest airport is Jolly Grant Airport situated at 97.5 KM distance.',1,'2018-07-14 03:19:32','nauti-village'),(26,25,'Sahastradhara','Sahastradhara literally means \'thousand-fold spring\', is one of the most popular tourist destinations located in Dehradun, Uttarakhand. Sahastradhara is famous amongst tourist for beautiful waterfalls and caves. Sahastradhara is one of the most popular tourist destinations in Uttarakhand located on the banks of river Badli. Apart from its scenic beauty, it is also known for the ancient Shiva temple located nearby. Some spiritual attractions near Sahastradhara are Tapkeshwar Mahadev Temple along with Guru Dronacharya\'s cave, which is known as Drona Guha.\r\nThere is a manmade water amusement park offers much water rides.\r\nA ropeway is provided to reach the hilltop in Sahasradhara to find a park and a temple. The view is pleasant from the hilltop.\r\n\r\nOpening timings for Sahastradhara\r\nAll days of the week:- from 8:00 AM to 7:00 PM\r\n\r\nBEST TIME TO VISIT\r\nIdea time for a bath in Sahastradhara is from April-July and it is also the time when Sahastradhara is crowded. Many travelers suggest visiting Sahastradhara during the rainy season and post-monsoon months to have the best beauty of flora and fauna. Waterfalls from cliffs and caves are also looking beautiful in monsoon. Winter has few visitors in Sahatradhara so it is peaceful during winters. Although Sahastradhara can be visited throughout the year so decide according to preference.','Sahastradhara is 14 km from Dehradun city center. Taxis and bus are available for Sahastradhara.\r\n\r\nOne can easily reach Dehradun by following ways-\r\nBy Road- Dehradun can easily be reached by the public and private vehicle as it is well connected with big cities. Dehradun is 270 km from the country capital Delhi.\r\nBy Train- Dehradun is connected by regular train services to cities Delhi, Lucknow, Allahabad, Mumbai, Kolkata, Ujjain, Chennai, and Varanasi. The Dehradun Railway Station is located 1-2 kilometers away from the city center.\r\nBy Air- Dehradun’s airport is the Jolly Grant Airport, which is located 20 km away from the city center. Air India, Jet Airways, Jet Konnect and Spice Jet have regular flights to Dehradun.',1,'2018-07-14 11:45:55','Sahastradhara'),(27,25,'Robber\'s Cave','Robber\'s Cave is a natural cave formation where rivers flow inside the cave. It is one of the most popular picnic spots in Dehradun, located at a distance of 8 km from the Dehradun city center.\r\nThe cave is around 600 meters long and extremely narrow sometimes, with few small and large waterfalls. The cave has the highest fall of about 10 meters. \r\nIn the central part of the cave, there is a fort wall structure which is now broken.\r\nRobber\'s cave popularly known as Guchu Pani, As per belief this place once used by Robbers to hide from Britishers. Hence, the British named it Robber\'s Cave.\r\n\r\nBEST TIME TO VISIT\r\nThe best time to visit the place is from March to October as summer is good to go into the water inside the cave and on the other hand monsoon, and post-monsoon are preferred to enjoy the greenish beauty. The place is a getaway from the heat of the sun.','By Road- Local bus services are available from Dehradun up to Anarwala Village, from where one has to walk for one kilometre.\r\nBy Train- Dehradun is connected by regular train services to cities Delhi, Lucknow, Allahabad, Mumbai, Kolkata, Ujjain, Chennai and Varanasi. The Dehradun Railway Station is located 1-2 kilometres away from the city centre.\r\nBy Air- Dehradun’s airport is the Jolly Grant Airport, which is located 20 km away from the city centre. Air India, Jet Airways, Jet Konnect and Spice Jet have regular flights to Dehradun.',1,'2018-07-19 03:05:57','robbers-cave'),(28,25,'Forest Research Institute (FRI)','Forest Research Institute is one of the prestigious institutes of India in the field of forestry and a popular place to visit in Dehradun. The place is dedicated for studying the plants, animals, climate, and topography of the Himalayan forests.\r\nThe main attraction of this institute is the Greco-roman colonial architectural style Building.\r\nFRI has six museums related to forestry, which include museums on social forestry, pathology, silviculture, timber, non-wood forest products, and entomology.\r\nForest Research Institute is spread over 4.5 square kilometer which is home to different varieties of trees, plants, and animals – especially a wide range of migratory birds. The visitors can have a peaceful walk on the beautiful green campus. View of Himalaya in the background enhances the beauty of FRI. Apart from this the place also has a Botanical Garden, which is a popular picnic spot among travellers.\r\nThere are some really interesting facts on nature like the 800 yr old tree trunk which was still preserved. \r\nOn 21st June 2018, Forest Research Institute hosted International Yoga Day where PM Participated.\r\nMany popular movies are also shooted here like Mohabbatein, Student of the year, Rehna Hai Tere Dil Mein, Krishna Cottage etc.\r\n\r\nEntry Fees - Rs 10 per head and Rs 50 for the museum.\r\n\r\nBEST TIME TO VISIT-\r\nThe best time to visit the Forest Research Institute is from March to June since the weather is pleasant and skies are mostly clear. The temperature ranges from 17° Celcius to 35° Celcius. If you visit FRI  in holidays then there will be very less crowd.','By Road-FRI is located at about 7 km from the famous Clock Tower on the Dehradun-Chakrata Road, which can be easily reached by shared or private vehicle. Dehradun can easily be reached by the public and private vehicle as it is well connected with big cities. Dehradun is 270 km from the country capital Delhi.\r\nBy Train- Dehradun is connected by regular train services to cities Delhi, Lucknow, Allahabad, Mumbai, Kolkata, Ujjain, Chennai and Varanasi. The Dehradun Railway Station is located 1-2 kilometres away from the city centre.\r\nBy Air- Dehradun’s airport is the Jolly Grant Airport, which is located 20 km away from the city centre. Air India, Jet Airways, Jet Konnect and Spice Jet have regular flights to Dehradun.',1,'2018-07-19 05:05:59','forest-research-institute-fri'),(29,31,'Tapovan Joshimath','Tapovan is a popular spot located 15 km from Joshimath, famous for its natural hot spring water and beautiful views of peaks such as Nanda Devi and Dronagiri Chaukumbha. It has a nice view of river Dhauliganga.\r\nOne can also reach Bhavishya Badri which is 3km from the route of Tapovan trek. \r\nThe Natural hot spring water of Tapovan is mixed with dissolved solids like sulphur, calcium, lithium and so many have strange healing power and cure number of skin diseases. The visitor can also take bath in the hot spring water.\r\nTapovan also comes in the route of Khuri Pass which is also a popular destination for trekkers.','Tapovan is located at a distance of 14 kilometres from Joshimath and can be easily reached using buses or taxis. Joshimath can be reached by following way.\r\nBY Road- Joshimath is well connected by road with major destinations of Uttarakhand Rishikesh, Pauri, Rudraprayag, Karnaprayag, Ukhimath, Srinagar, Chamoli etc. Buses to Rishikesh and Srinagar are available from ISBT Kashmiri Gate\r\nBy Air- Jolly Grant Airport is the nearest Airport to Joshimath situated at a distance of 272kms. Jolly Grant Airport is well connected to Delhi with daily flights.\r\nBy Rail- The nearest railway station to Joshimath is Rishikesh. Rishikesh railway station is situated 250kms before Joshimath on NH58.',1,'2018-07-19 07:09:38','tapovan-joshimath'),(30,25,'Lachhiwala','Lachhiwala or Lacchiwalla a popular picnic destination situated 22 kilometres away from Dehradun on the Haridwar-Rishikesh Road. Lachhiwala has a man-made water pool where visitor takes a fresh bath during summers. Lachhiwala offers a scenic beauty and pleasant climate throughout the year. \r\nOne can enjoy trekking and bird watching here as well.\r\n\r\nBEST TIME TO VISIT\r\nLachhiwala offers a scenic beauty and pleasant climate throughout the year. \r\nSummer and sometimes on weekend, this place gets overcrowded so those who are searching for peace the best time is winter.','By Road-Lachhiwala is situated 22 kilometres away from Dehradun on the Haridwar-Rishikesh Road so regular buses are available from Dehradun, Haridwar and Rishikesh. \r\nBy Train- Dehradun is connected by regular train services to cities Delhi, Lucknow, Allahabad, Mumbai, Kolkata, Ujjain, Chennai and Varanasi. The Dehradun Railway Station is located 1-2 kilometres away from the city centre.\r\nBy Air- Dehradun’s airport is the Jolly Grant Airport, which is located 20 km away from the city centre. Air India, Jet Airways, Jet Konnect and Spice Jet have regular flights to Dehradun.',1,'2018-07-19 12:44:08','lachhiwala'),(31,21,'Birthi Falls','Birthi Falls is a beautiful waterfall located in Munsiyari in Pithoragarh district surrounded by nature and snow clad mountains all around.\r\nFalling from the height of 400 feet Birthi Fall is located at an altitude of more than 6600 foot above sea level. Birth Fall attracts mountaineers, adventure enthusiasts, and nature lovers.\r\nAmenities and fast food centre is available on premises.\r\n\r\nBEST TIME TO VISIT-\r\nSummer gives a clear wide view of the falls and the maximum number of visitors travel in summer. Winter has snowfalls sometimes is during January and February. One can visit it throughout the year except for monsoon as the heavy rainfalls and landslides can affect your trip.','Birthi falls is 14 km Tejam and 35 km from Munsiyari.\r\nMunsirayi can be reached by following ways-\r\nBy Road- Munsiyari is connected with major cities of Uttrkhand State. can be reached by using local taxis. Buses are available from Haldwani and Tanakpur in morning. One can also use direct Bus from Delhi to Munsiyari through Anand Vihar Bus Stand during the afternoon. Since the journey from Delhi to Munsiyari is quite long, it is advisable to break your journey at various stops and finally change the bus from either Almora or Pithoragarh.\r\nBy Air- Pantnagar airport is the nearest airport to Munsiyari lying at a distance of 249 km. Naini Saini Airport in Pithoragarh at a distance of 213 km is the other option, however, the flight are not that frequent from this airport.\r\nBY RAIL- Kathgodam (275 km) and Tanakpur (286 km) are the two best options of the nearest railway head to reach Munsiyari via rail. These stations are well connected to many major cities via good rail network. Cabs and buses can be hired from outside the station till Munsiyari.',1,'2018-07-20 17:36:01','birthi-falls'),(32,21,'Maheshwari Kund','Maheshwari Kund also called Mehsar Kund by the local people, is a beautiful lake around Munsiyari located at an altitude of 2411 meters above the sea level which is high religious significance for Hindu.\r\nMaheshwari Kund is surrounded by brilliant and sensational mountain tops, with trek covered with beautiful rhododendrons, oak trees and other Himalayan flora.\r\nAs per the legends, the kund was cursed by a Yakshi who use to live in this lake, the place faced drought for many years. After the villagers apologized to the Yakshi for not letting him marry the sarpanch daughter and emptying the lake in form of revenge, the ritual is practised even today.','Trek start from 2 km outer of Munsiyari after that there is a trek of 1.5 km to reach Maheshwari Kund.\r\nMunsiyari can be reached by following ways-\r\nHOW TO REACH\r\nBy Road- Munsiyari is connected with major cities of Uttarakhand State. can be reached by using local taxis. Buses are available from Haldwani and Tanakpur in morning. One can also use direct Bus from Delhi to Munsiyari through Anand Vihar Bus Stand during the afternoon. Since the journey from Delhi to Munsiyari is quite long, it is advisable to break your journey at various stops and finally change the bus from either Almora or Pithoragarh.\r\nBy Air- Pantnagar airport is the nearest airport to Munsiyari lying at a distance of 249 km. Naini Saini Airport in Pithoragarh at a distance of 213 km is the other option, however, the flight are not that frequent from this airport.\r\nBY RAIL- Kathgodam (275 km) and Tanakpur (286 km) are the two best options of the nearest railway head to reach Munsiyari via rail. These stations are well connected to many major cities via good rail network. Cabs and buses can be hired from outside the station till Munsiyari',1,'2018-07-21 14:54:42','maheshwari-kund'),(33,21,'Thamri Kund','Thamri Kund is a beautiful lake that offers unique opportunity to feel close to Nature & the wild. Amazing nature walks for nature lovers. Those who are planning a trip to Munsiyari, Thamrikund is a must visit place.\r\nIt has trek of 3 km passes from the forest area and the moment you reach to the top, the view of snow-covered Himalaya is just stunning.\r\n\r\nBEST TIME TO VISIT\r\nThe months March-June and mid-September-October are perfect for visiting Tharmi Kund and one can also trek winter for the snowfall.','3 km trek starts from a Hanuman temple located between kalamuni top and Munsiyari in Thal-Munsiyari Road near to the gate of Khaliya top trek.\r\nMunsiyari can be reached by following ways-\r\nBy Road- Munsiyari is connected with major cities of Uttarakhand State. can be reached by using local taxis. Buses are available from Haldwani and Tanakpur in morning. One can also use direct Bus from Delhi to Munsiyari through Anand Vihar Bus Stand during the afternoon. Since the journey from Delhi to Munsiyari is quite long, it is advisable to break your journey at various stops and finally change the bus from either Almora or Pithoragarh.\r\nBy Air- Pantnagar airport is the nearest airport to Munsiyari lying at a distance of 249 km. Naini Saini Airport in Pithoragarh at a distance of 213 km is the other option, however, the flight are not that frequent from this airport.\r\nBY RAIL- Kathgodam (275 km) and Tanakpur (286 km) are the two best options of the nearest railway head to reach Munsiyari via rail. These stations are well connected to many major cities via good rail network. Cabs and buses can be hired from outside the station till Munsiyari.',1,'2018-07-22 06:32:48','thamri-kund'),(34,14,'Shivpuri','Shivpuri is most famous as the hub of River Rafting and also known as Ganga beach. Shivpuri offers a surrounding to wake up with the birds twittering and fresh water of the river Ganga to swim. \r\nShivpuri is starting point Whitewater River Rafting on Ganga in Rishikesh. Rafting from Shivpuri till Laxman Jhula is a 16 km rafting stretch and covers exciting rapids like Roller Coaster, golf course, clubhouse, etc. and activities like Body surfing and Cliff jumping also.\r\nApart from Rafting, Shivpuri offers various opportunities for indulging in other sports activities like river rafting, rock climbing, cliff jumping, kayaking & rappelling etc.\r\nCamping in Shivpuri is also popular but it is too crowded especially on weekends. Still camping in Rishikesh is a great idea and can be an experience of a lifetime but not recommended to those travelers who don\'t like crowded environment. \r\nShivpuri literally means the house of Lord Shiva. It has many Ashrams and Temples dedicated to Lord Shiva.\r\n\r\nBEST TIME TO VISIT-\r\nShivpuri has a pleasant temperature throughout the year. March –June, and September - November are the best time for tourists to visit Shivpuri as the climate is comfortable. The maximum number of tourists visit Shivpuri in summer vacations during May. The highest temperature during summer is around 40°C.\r\nWinter in Shivpuri is the best time for the solo traveler and peace lover. The lowest temperature during winter is around 10°C. Monsoon is from mid-June to mid-September normally not preferred to travel Shivpuri because of heavy rainfall Ganga water level is above than normal.','Shivpuri is located 18 Kms from Rishikesh City and can be reached by taking shared taxis.\r\nOnee can reach Rishikesh by following ways\r\nBy Train\r\nNearest Railway Station is Rishikesh Railway Station which has limited Trains so it is advisable to take Train to Haridwar. Haridwar is well connected with big cities and Haridawar is just 20 km from Rishikesh with easy assessability of transport.\r\nBy Road\r\nBus and taxis are easily Available from Delhi and other big cities of the state. Delhi is 230 km from Rishikesh which take 6-7 hr by Buses.\r\nBy Air\r\nJolly Grant Airport is the nearest airport, which is located 15 km away from the city centre. Air India, Jet Airways, Jet Konnect and Spice Jet have regular flights to Dehradun.',1,'2018-08-01 04:59:59','shivpuri'),(35,21,'Khaliya Top','Khaliya top trek is a paradise for Trekkers situated at a height of 11500 ft above sea level at Munsiyari in Pithoragarh district of Uttarakhand\r\nKhaliya Top is a hilltop has a beautiful Alpine meadow surrounded by snow-laden peaks which offers a magnificent 360degree view of great Himalayan ranges. The five famous peaks namely Panchachuli, Hardeol, Rajrambha, Nandakot and Nandadevi are clearly visible from Khaliya Top.\r\n\r\nKhaliya top trek is one of the best treks of Kumaun Himalayas. \r\nThe trek of Khaliya top surrounded by forests of Pine, Deodar, Oaks, Spruce and Cypress, but the most attractive tree we came across as we gained height was the Rhododendron trees (Buransh in local language). In spring the whole jungle turns red with the rhododendron flowers.\r\n\r\nThis place is home to various birds and animals, with a sharp eye one can discover hidden treasures of nature like Monal, Ghurar, Kakar, yellow fronted marten and Baral (mountain goat).\r\nKhaliya top also offers skiing in winters.\r\n\r\nthe state government is now looking at developing the town of Munsiyari in Pithoragarh district and its surrounding areas as a mountain biking destination.\r\nAbout ten trails varying between 3.5km to 20km in length have been identified in and around the highest point near Munsiyari. Some trails are easy and would serve beginners, while a few are more challenging and are meant for seasoned bikers. An eight-roomed guest house owned by GMVN that is lying unused in the area can also be utilized and incorporated as part of the trail.\r\nThe tourism department also plans to rope in villages located around Khaliya Top as part of the biking trails, to make it a cultural tourism package.\r\n\r\nBEST TIME TO VISIT\r\nThe months March-June and mid-September-October are perfect for visiting Khaliya Top trek.\r\nBut If you want to go for snow and do skiing then winter is the best time, whereas spring (Feb-march) is the best time if you want to see the blossom of rhododendron flowers.','Trek of 6 km begins from Balati farms situated at the distance of 10 km on Thal-Munsiyari Road.\r\n\r\nMunsiyari can be reached by following ways-\r\nBy Road- Munsiyari is connected with major cities of Uttarakhand State. can be reached by using local taxis. Buses are available from Haldwani and Tanakpur in morning. One can also use direct Bus from Delhi to Munsiyari through Anand Vihar Bus Stand during the afternoon. Since the journey from Delhi to Munsiyari is quite long, it is advisable to break your journey at various stops and finally change the bus from either Almora or Pithoragarh.\r\nBy Air- Pantnagar airport is the nearest airport to Munsiyari lying at a distance of 249 km. Naini Saini Airport in Pithoragarh at a distance of 213 km is the other option, however, the flight are not that frequent from this airport.\r\nBY RAIL- Kathgodam (275 km) and Tanakpur (286 km) are the two best options of the nearest railway head to reach Munsiyari via rail. These stations are well connected to many major cities via good rail network. Cabs and buses can be hired from outside the station till Munsiyari.',1,'2018-08-02 08:16:05','khaliya-top'),(36,20,'Dol Ashram (Kalyanika Himalaya Dev Sthanam)','Dol Ashram also famous as Kalyanika Himalaya Dev Sthanam is situated in a small village called Kanara (Dol) at a  distance of 52 km from Almora district. Dol Ashram is developed as a centre of yoga and meditation practices where one can learn the Vedic methodology that is critical and imperative for living a balanced and healthy life. The Ashram is located in a beautiful place in the middle of the dense forest offers a perfect place for everyone who wants to meditate and lead a spiritual life. \r\nIn the Dol Ashram, the world\'s biggest Shri Yantra or Sri Chakra (a form of mystical diagram used in the Shri Vidya school of Hindu Tantra) has been set up in April 2018. The weight of this Shri Yantra is 1670 kg.\r\n\r\nHISTORY OF DOL ASHRAM\r\nDol Ashram was established in 1990 by Shri Parma Yogi Kalyandasji who was born in a small village of Almora District. Shri Parma Yogi Kalyandasji ha dream of Mother Bhagwati during his Mansarovar Yatra and got inspired to start an Ashram in the Himalayas.\r\n\r\nACTIVITIES IN DOL ASHRAM\r\nYoga & Meditation\r\nSpiritual knowledge\r\nBirdwatching\r\n\r\nFACILITIES\r\nAccomodation\r\nMeditation Hall\r\nLibrary','Dol Ashram is 52 km from Almora and 42 km from Bhimtal on the Road which connect Bhimtal to Lohaghat-Almora Road.\r\nBy Road- One can reach Haldwani by Bus From Anand Vihar Delhi. Shared and private taxis are available in Haldwani. Haldwani is 70 km from Dl Ashram.\r\nBy Train- Nearest Railway Station is Kathgodam Railway Station which 64 km from Dol Ashram. \r\nBy Air- Nearest Airport is Pantnagar Airport which 97 km from Dol Ashram.',1,'2018-08-03 07:26:43','dol-ashram-kalyanika-himalaya-dev-sthanam'),(37,14,'Ram Jhula','Ram Jhula (राम झूला) is an iron suspension bridge Positioned in Muni Ki Reti at Rishikesh across the river Ganges. This bridge was built in the year 1986 later than the similar bridge Laxman Jhula but this bridge is bigger than Lakshman Jhula.  Many Hindu ashrams and temples are situated on both sides of the Bridge, most known is Geeta Bhavan & Swarg Ashram. Ram Jhula Bridge is connecting Swarg Ashram and Shivananda ashram.  A long walk on the bridge provides attractive views of snow-capped peaks, holy river Ganga, several temples and ashrams.\r\n\r\nThe famous restaurant Chotiwala is also in Ramjhula which is 50 years old now and is very famous for its delicious servings, you will love the taste of food there.','By Train- Nearest Railway Station is Rishikesh Railway Station at the distance of 3.5 km.\r\nBy Air- Jolly Grant Airport at 22kms from Laxman Jhula.\r\nBy Road- Rishikesh is connected with big cities and Ram Jhula is in Rishikesh city easily reached by shared taxi.',1,'2018-08-06 20:04:54','ram-jhula'),(38,13,'George Everest Peak','George Everest peak is one of the major attraction of Mussoorie hill station situated about 6 km from Gandhi Chowk (Library Bazaar) at the west end of the Mussoorie Mall Road.\r\nThe place is named after Sir George Everest who was British Surveyor General of India from 1830 – 43 and spent much of his time in here, in a house which he also uses as his laboratory. The house is situated in a place from where one can have the panoramic view of Doon Valley and the Aglar River valley on the other side and the snowbound Himalayan ranges on the other. This house is being maintained by the government of Uttarakhand and is open to the tourists all the year round so that the visitors can get a shivering and an enchanting feel of the past.\r\n\r\nBEST TIME TO VISIT\r\nApril to June or Aug to Oct are the best time to visit but one can visit this beautiful place throughout the year.','Sir George Everest’s House is located 6 km away from the main market Mussoorie. This place can be reached easily by hiring taxis. Adventure lover  can also  trek to reach their\r\nOne can reach Mussoorie by following ways-\r\nBy Road- Mussoorie is well connected with big cities by road. one can reach Dehradun through big cities after that transports are easily available for 35 km distanced Mussoorie. \r\nBy Air- The nearest airport is Jolly Grant, 54 km from Mussoorie. Indian Airlines and private carriers offer five flights per week from Delhi to Dehradun\'s Jolly Grant Airport.\r\nBy Train- Dehradun Railway station is Nearest Railway Station at a distance of 34 km.',1,'2018-08-07 06:46:29','george-everest-peak'),(39,44,'Chandrashila Top','Chandrashila is hilltop of the Tungnath located at a height of about 3,700 meters (12,100 ft) above sea level. Chandrashila is one km from Tungnath temple which is the Highest Shiva Temple in the world.\r\nChandrashila peak provides a 360-degree view of the Himalayas, including Nanda Devi, Trisul, Kedar Peak, Bandarpunch and Chaukhamba peaks.\r\nChandrashila trek is paradise for beginner trekkers as it is a  short trek of 4.5 km to the hilltop and offers a breathtaking view of Himalaya. \r\nChandrashila peak has 4.5 km trek from Chopta and one can also visit CHandrashila from the Deoriatal trek which is  14 km trek.\r\nChandrashila peak is a part of Kedarnath Wildlife Sanctuary.\r\nAccording to the mythology, Chandrashila peak is believed to be the spot where Lord Rama meditated after killing Ravana. Rama came to Chandrashila to meditate and pray Lord Shiva to cleanse the sins of killing Ravana. Local legend also states that Chandradev, the Moon God, had performed penance at Chandrashila for years.\r\nAnother legend says that moon-god Chandra spent time here in penance, As Chandrashila literally means \'Moon Rock\'.\r\n\r\nBEST TIME TO VISIT\r\nChandrashila can be visited throughout the year. Best time to visit in Summers in April-June and in Winters is Oct-Dec. But if you want to visit the sacred Tungnath Temple then visit from April to November because Temple is closed in winters and if you want to visit for snow then visit in winters, Chandrashila is covered with layers of snow during Dec-March.','Chandrashila has a trek of 4.5 km from the Chopta. Chopta can be used as base camp for Chandrashila Trek. Chopta can be reached by following ways-\r\n\r\nBY ROAD\r\nChopta is situated on the road connecting Guptkashi with Gopeshwar. Chopta can be reached by major cities of Uttarakhand like Rishikesh, Pauri, Uttarkashi, Rudraprayag, Gaurikund, Srinagar, Gopeshwar etc. Chopta is 205kms from Rishikesh and Buses to Rishikesh and Srinagar are available from ISBT Kashmiri Gate, New Delhi.\r\n\r\nBY TRAIN\r\nThe nearest railway station to Chopta is Rishikesh. Rishikesh railway station is situated 205kms before Chopta on NH58. After Rishikesh one have to use motorable roads.\r\n\r\nBY AIR\r\nJolly Grant Airport is the nearest Airport to Chopta situated at a distance of 224kms. After that one has to use motorable roads.',1,'2018-08-11 05:35:23','chandrashila-top');
/*!40000 ALTER TABLE `spot` ENABLE KEYS */;
UNLOCK TABLES;

--
-- Table structure for table `spot_image`
--

DROP TABLE IF EXISTS `spot_image`;
/*!40101 SET @saved_cs_client     = @@character_set_client */;
/*!40101 SET character_set_client = utf8 */;
CREATE TABLE `spot_image` (
  `id` int(11) NOT NULL AUTO_INCREMENT,
  `spot_id` int(11) NOT NULL,
  `image_id` int(11) NOT NULL,
  PRIMARY KEY (`id`),
  KEY `spot_id` (`spot_id`),
  KEY `image_id` (`image_id`),
  CONSTRAINT `spot_image_ibfk_1` FOREIGN KEY (`spot_id`) REFERENCES `spot` (`id`),
  CONSTRAINT `spot_image_ibfk_2` FOREIGN KEY (`image_id`) REFERENCES `image` (`id`)
) ENGINE=InnoDB AUTO_INCREMENT=60 DEFAULT CHARSET=utf8;
/*!40101 SET character_set_client = @saved_cs_client */;

--
-- Dumping data for table `spot_image`
--

LOCK TABLES `spot_image` WRITE;
/*!40000 ALTER TABLE `spot_image` DISABLE KEYS */;
INSERT INTO `spot_image` VALUES (1,1,115),(2,1,116),(3,1,117),(4,1,118),(5,2,120),(6,2,119),(7,3,121),(8,4,124),(9,4,125),(10,5,126),(11,6,129),(12,7,130),(13,8,131),(14,9,132),(15,10,133),(16,10,134),(17,11,135),(18,12,136),(19,13,139),(20,14,140),(21,15,141),(22,16,142),(23,17,143),(24,18,144),(25,18,145),(26,19,147),(27,20,148),(28,21,149),(29,22,150),(30,23,152),(31,23,151),(32,24,154),(33,25,155),(34,25,156),(35,26,157),(36,26,158),(39,29,168),(40,29,169),(41,30,170),(42,30,171),(43,31,172),(44,32,179),(45,33,180),(47,27,167),(48,28,188),(49,34,223),(50,35,227),(51,35,228),(52,36,229),(53,36,230),(54,37,239),(55,38,240),(56,38,241),(57,38,242),(58,39,251),(59,39,252);
/*!40000 ALTER TABLE `spot_image` ENABLE KEYS */;
UNLOCK TABLES;

--
-- Table structure for table `spot_tag`
--

DROP TABLE IF EXISTS `spot_tag`;
/*!40101 SET @saved_cs_client     = @@character_set_client */;
/*!40101 SET character_set_client = utf8 */;
CREATE TABLE `spot_tag` (
  `id` int(11) NOT NULL AUTO_INCREMENT,
  `spot_id` int(11) NOT NULL,
  `tag_id` int(11) NOT NULL,
  PRIMARY KEY (`id`),
  KEY `spot_id` (`spot_id`),
  KEY `tag_id` (`tag_id`),
  CONSTRAINT `spot_tag_ibfk_1` FOREIGN KEY (`spot_id`) REFERENCES `spot` (`id`),
  CONSTRAINT `spot_tag_ibfk_2` FOREIGN KEY (`tag_id`) REFERENCES `tag` (`id`)
) ENGINE=InnoDB AUTO_INCREMENT=129 DEFAULT CHARSET=utf8;
/*!40101 SET character_set_client = @saved_cs_client */;

--
-- Dumping data for table `spot_tag`
--

LOCK TABLES `spot_tag` WRITE;
/*!40000 ALTER TABLE `spot_tag` DISABLE KEYS */;
INSERT INTO `spot_tag` VALUES (1,1,68),(2,1,69),(3,1,73),(4,1,16),(5,1,52),(6,1,21),(7,2,52),(8,2,68),(9,2,21),(10,2,69),(11,2,73),(12,3,73),(13,3,68),(14,3,21),(15,3,69),(16,4,16),(17,4,4),(18,4,15),(19,5,16),(20,5,18),(21,5,54),(22,6,68),(23,6,69),(24,6,16),(25,6,18),(26,6,20),(27,6,21),(28,7,68),(29,7,69),(30,7,70),(31,7,16),(32,7,18),(33,7,20),(34,7,21),(35,8,16),(36,8,52),(37,8,68),(38,8,21),(39,8,69),(40,9,40),(41,9,41),(42,9,35),(43,9,7),(44,9,39),(45,10,35),(46,10,6),(47,10,7),(48,10,40),(49,10,41),(50,10,39),(51,11,35),(52,11,6),(53,11,7),(54,12,35),(55,12,6),(56,12,7),(57,13,74),(58,13,21),(59,13,69),(60,14,74),(61,14,21),(62,15,74),(63,15,21),(64,16,40),(65,16,41),(66,16,39),(67,17,40),(68,17,41),(69,17,39),(70,18,40),(71,18,41),(72,18,39),(73,19,40),(74,19,41),(75,20,40),(76,20,38),(77,20,39),(78,21,40),(79,21,38),(80,21,39),(81,22,40),(82,22,38),(83,22,39),(84,23,40),(85,23,41),(86,23,38),(87,23,39),(88,24,40),(89,24,41),(90,24,38),(91,24,39),(92,25,50),(93,25,13),(94,26,38),(95,27,40),(96,27,39),(97,28,40),(98,28,39),(99,29,64),(100,29,13),(101,30,40),(102,30,41),(103,30,39),(104,31,61),(105,31,77),(106,32,61),(107,32,77),(108,33,61),(109,33,77),(110,34,80),(111,34,41),(112,34,42),(113,35,2),(114,35,3),(115,35,4),(116,35,61),(117,35,77),(118,36,16),(119,36,81),(120,37,40),(121,37,41),(122,37,43),(123,38,40),(124,38,38),(125,38,39),(126,39,27),(127,39,28),(128,39,29);
/*!40000 ALTER TABLE `spot_tag` ENABLE KEYS */;
UNLOCK TABLES;

--
-- Table structure for table `subscribed_email`
--

DROP TABLE IF EXISTS `subscribed_email`;
/*!40101 SET @saved_cs_client     = @@character_set_client */;
/*!40101 SET character_set_client = utf8 */;
CREATE TABLE `subscribed_email` (
  `id` int(11) NOT NULL AUTO_INCREMENT,
  `token` varchar(60) NOT NULL,
  `email` varchar(50) NOT NULL,
  `cr_date` datetime NOT NULL,
  `active` tinyint(4) NOT NULL DEFAULT '0',
  PRIMARY KEY (`id`)
) ENGINE=InnoDB AUTO_INCREMENT=84 DEFAULT CHARSET=utf8;
/*!40101 SET character_set_client = @saved_cs_client */;

--
-- Dumping data for table `subscribed_email`
--

LOCK TABLES `subscribed_email` WRITE;
/*!40000 ALTER TABLE `subscribed_email` DISABLE KEYS */;
INSERT INTO `subscribed_email` VALUES (1,'No71chBADiRqRmqJ0qJIwwMhUbo7ZhIVP15pX5fQnrE4adUxAW','arundeepak92@gmail.com','2018-05-31 21:11:55',1),(2,'jAx8fplx99LOdobhqSZ19opXYkzH67hF2yXKgWVtHeXnTNuwxI','uttarakhandtraveler@gmail.com','2018-05-31 21:19:24',1),(3,'bwVLwtv5Va1Rhepak7o6ok2RvIOlmj0haQ7Yaw9l7T2GQrbxVK','bhartendumehta206@gmail.com','2018-06-01 01:44:56',1),(4,'vdcjHAmoDMxPLVuPf1lpzlfF4MFRs3SmWKv5bjI8ucGTnJeAhH','neha.uktrav@gmail.Com','2018-06-01 03:29:03',1),(5,'ve8nlz3OtMxUcThPafKM4nSixZvkTdMUWv6XM2teMkfFI4dPyP','lalitkumarsharma1991@gmail.com','2018-06-01 04:05:30',1),(6,'Qieak926a390C4gymWujoNMTb1N2PikL2NOlzUWOoLWo3cFk9X','saurav.rawat98@gmail.com','2018-06-01 05:11:18',1),(7,'4FFJLXpzSZh5OiBtQV9pT6TXqcbDnG9IAq7XTzkfdaowDYDj88','soniawanderlusst@gmail.com','2018-06-01 06:42:13',1),(8,'WClv4mFhsyrMijfAZ8HDzrID1vQhhnLJ4NBQvvZrTRvZm6R9TV','oms2003om@gmail.com','2018-06-01 08:21:35',1),(9,'PYLHRr3jGo1R8IcItCEF0qtNlDBbioVocAzurhdOVz1nczOZJ6','hitane@gmail.com','2018-06-01 12:49:23',1),(10,'YrrzH2SXnuADka3G86TdQ3Ck6HXVNyqurAWpgYYhZKFkBdZRK6','r.k97lucky@gmail.com','2018-06-01 15:09:09',1),(11,'jxyuxGVE2QhCXcs7SbfBGnAXSjo9m6icgKgMzQugbo0pKgnCcR','krishkaviveermisty@gmail.com','2018-06-01 17:30:44',1),(12,'HBhHw2gq5QHp7VgnH3vS8ijYogjd6vOVTNwhrOAqdayxVp82nQ','gaurprachi69@gmail.com','2018-06-02 07:03:10',1),(13,'Nn8z5A66mSwYJo1i0xv8bcXo0crnxQBwJHKX4ksCT7aY93xh5b','r.kpant@hotmail.com','2018-06-02 07:35:17',1),(14,'sIz3GoDwRR0bWmnJ9oNooCYnOu8RVoh88tKXSpkZCm6TZMt9nN','akshatkapilpanwar@gmail.com','2018-06-04 04:49:43',1),(15,'kE4Rz1TvhiVGldSkyP4NDcUF83MLILCNrTn8mM1smF7UDTetPb','amitkmr693@gmail.com','2018-06-04 08:14:27',1),(16,'1noQUHS5X2R4rEbK4v7lwaIuvuwcZdcxuuOJUQDze9RiBD8TXN','shivajijoglekar12@gimail.com','2018-06-04 09:12:28',0),(17,'5u8MsdtS0vZ0iJ5oANNDyxFCDuaoJ1N8dExV5wL5N6LpkX3KaN','ckoranga@gmail.com','2018-06-05 19:01:09',1),(18,'MwHu83unqkwaMucGLJOKG1wvFzqpl3QUq5X3A4nHGc1VVrPc6q','neeleendarreddy@gmail.com','2018-06-06 03:56:34',1),(19,'olX0n9YucdjY4ZLdUPc8e8Zfx7TJojcQUWvjnCcTs0Wcowykja','priyesh708@gmail.com','2018-06-09 07:50:01',1),(20,'0bD830qB9jvyeFTOcGqZoQU7Oa6uYPl6A129EMylPW5m7vux16','babitapapnai02@gmail.com','2018-06-09 14:05:05',1),(21,'e34ol6i7DkDYEGaeQzPeV9G50nF4Dxtu3070YvNEZvCJoKd3UT','gaur.aman1@gmail.com','2018-06-11 08:09:01',1),(22,'nXSQz9CcJuSRBQUdH7j7FUpaeVoN79VZdpKKH6cDPYKqyJXHSD','kotharidamini@gmail.com','2018-06-11 17:02:45',1),(23,'zXIBYenidSSFTEnIfndZ231iCBCScgbi9j6V6tQjKbtNh6noMh','surajknite@gmail.com','2018-06-11 19:58:12',1),(24,'rLFRCP60yPls8LooO4qTbpioaSW9cndAcmoYjRi7WjxW0Oj1j4','vikkkcool331@gmail.com','2018-06-11 22:05:59',1),(25,'Su3pPdWhEw9gsw4i4UtfGitZG7fcdmZ9wXTKvtkWo8WqbkKHgh','rohillaatull@gmail.com','2018-06-12 10:07:44',1),(26,'q7STnFdsQbQfJqqXd5GrSpNnpQMJIfssMMNx4slZ3zbOy14CJM','devesh.kukreti@gmail.com','2018-06-12 18:18:23',1),(27,'VAiVBoLrC0nkGSZT2howgNbUMUBajxPQvFAkCxZ9ZFg2HpAAAu','gs1118164@gmail.com','2018-06-16 13:27:29',1),(28,'FJ27s0AM84V7jH1GsnMpj3nBtNWvp5KHnpRSQzdKP0HWTDSOIu','neerajgupta24march@gmail.com','2018-06-19 07:04:10',1),(29,'9NSkc67bqdghud2ugh5G6SF0yqs8nJCaitRSLavZJYOfU1rWYH','madimohd21@gmail.com','2018-06-19 07:57:14',1),(30,'yuiejm7atZloboFWfuX3twKCbQatcsKj5xGOyTdsYpjfnPFnkg','rajesh6875@gmail.com','2018-06-19 08:18:10',1),(31,'88NMkAlf3rsF3lC7CsjPF2slU42zLaInjHX5HCL81aIdZ0fSQJ','mehradeepak587@gmail.com','2018-06-19 17:45:11',1),(32,'T5L0L6XOGGznZubk74xjgBA8fIUZfDzqbrMEHlZAjpGTxIfzQH','virenderbhandari76@gmai.com','2018-06-20 12:01:59',1),(33,'up2klxJOnHTidhMSkiochLHwjPlmahR6rybUdtaunUoizagqhy','mohannegi9562@gmail.com','2018-06-22 05:42:50',1),(34,'cNOWLfhdNIoKRscrpMstFBGPTcpR1ukD8D4AmXttGQqNXSCnpd','ajay_tivari@yahoo.com','2018-06-22 14:27:33',1),(35,'zVtARb6oOuJte4e05NHkBlnOQuejn6r3zYfmDRfoM3ZAYzTVZE','ashunigam1001@gmail.com','2018-06-22 17:04:17',1),(36,'ZANHk4pgDn8GMBaIgDFIS3nZ2jMHIWzVVAbkapI5RZIHZmra54','Sahila011@gmail.com','2018-06-25 02:02:26',1),(37,'xFxzVbAjKGLkpxTvttDcu9kHO1F8yrBbHzGb6ZlSI0DdGfleV0','ram042509@gmail.com','2018-06-30 17:18:44',1),(38,'G73QpHoYkOTXnx5EFOwzKgzn0N1TzPq1k0ruyiuWRgu7kBENS9','ajayrastogi434@gmail.com','2018-06-30 17:48:39',1),(39,'3CGkUEX80cbyQ2Ku7CgzDEPWovRf3Nn97VS093TbE9dbqxkC6m','vivekthemindman24@gmail.com','2018-07-08 18:39:00',1),(40,'Rg6L4C7jqcqZmOeB7Ao6x7N8DAHghsNQ5zrs3eZk6cYcD2FDiV','jibarthwal@gmail.com','2018-07-10 12:33:00',1),(41,'0C8kUtLNXDv3mmsWzocJeWngL7HOVV6whZzTSkapdqp2Ls5Kub','mayank.thapliyal1999@gmail.com','2018-07-12 08:08:57',1),(42,'esGkEIQZCD2xrxpEpdoSRpEWTLCrn5ilL9b0i9byFzX2IPAcJg','rautela.sumit125@gmail.com','2018-07-12 11:32:04',1),(43,'eIKPSacwjtfsR5gigVcqBwNbxctPhR762ICQpP7ULkwqAplnGq','sudhirb53@gmail.com','2018-07-12 14:22:54',1),(44,'ykrEQ2wlqkGgkoKhwEVHWrnKDwo0c3QlXJpg5a0feEcNYWlRfj','rohitsinghc588@gmail.com','2018-07-13 04:45:33',1),(45,'P0dRFXp1EVKWrZk6bTZXPngL9aOh86VbVLQHJwkGJKck90KZ5c','samdoctor007@gmail.com','2018-07-14 08:40:34',1),(46,'Pyk2hzGnitlmxFFRpIVVM5i5oZm4KzSYmoKovgyb6Q5dZj81me','roybinay1@gmail.com','2018-07-14 08:44:11',1),(47,'gEZPqVFEyoAtOj2L3WnXe78rtdKRz167c1hzfu8eeW7DhZhVju','pulkit.malik1521998@gmail.com','2018-07-14 16:27:44',1),(48,'3TIm3W3GxKZP041sbdV0PI0RcQxoR4PnZhcHTmTBgHr1N18h2h','anuragchamoli1990@gmail.com','2018-07-23 14:48:29',1),(49,'2soGaA9wRzmVy6U2wg8vashY1b1GXGYwEB90SrHITuS9lg2Y7Z','kathawachaksudhir@gmail.com','2018-07-23 15:02:08',1),(50,'tJ7FqOy1E5eV90o8HKDt2tJGoYegiY8rx3STfNPsOzFYnT4MEa','thenezhinarayanan@yahoo.in','2018-07-23 15:22:32',1),(51,'wCH9afvZufI5g2dgUzvDmRYCiHjlhT99gKmFJv1iecw2IncmYR','aswal.poonam1@gmail.com','2018-07-23 16:34:33',1),(52,'T9nkzLStFiyJBsrsKHmzKFCWvZThCXCZ7gEEJ5ZBvFbVFGWZdk','tapasrishikesh.naithani@gmail.com','2018-07-23 18:04:10',1),(53,'9CDmSAkzVulNj7mmFXOpQkvtnwVoJXHhbgzrvln1JYFeiCZi0B','sp.saraswat60@gmail.com','2018-07-24 03:02:44',0),(54,'DgKKHIXKrNe79bNr4vuVNbEy1FaIBp9i6UxEcKLntc4PdOBJEP','mr.jairajput@gmail.com','2018-07-24 16:25:22',0),(55,'9yytxWSwiRnIvjPBcHxklQKwZTFy7ZrLvilm9KbdqIV6MaECZZ','surjeetsinghrawatji2034@gmail.cim','2018-07-25 08:39:10',0),(56,'MhKb68dkWrU8xY6qnppMvbTKdtBRDJBF3Tiz0Oapnf3ZkZ7XXG','sharmakailash645@gmail.com','2018-07-25 09:41:15',1),(57,'Em6WQjnyEWzGp1j2RT95SMm241gi96LJVWzVisSoJ4RDUC4ekb','tulanki@gmail.com','2018-07-25 21:14:14',1),(58,'j13Y2OCh5KCIG3h1EKuyzkau3pGPFE75HHNulK2asPaLDyAySX','kirthika89s@gmail.com','2018-07-26 02:03:42',1),(59,'qZFqk41Jg3UwnBu5sD1zqpDFulUOKplTdRsYXc699pu8TJowFP','stympant@gmail.com','2018-07-26 12:48:17',0),(60,'QJgmZTWckiEskrF2rJQcFvmfjQIrdEM28Rw8sN9nGbNZ3BBvbI','sumitkant741@gmail.com','2018-07-28 10:49:35',0),(61,'eyUJlU0V8AuVyGtjTKJNtn0p7DKSMdcfZ9O0kgifgTvj3ZAWDT','akaushik140@gmail.com','2018-07-29 04:34:29',1),(62,'u8opcodITiOZPVNAnDU7mBOsCTSHjkGJ9QXL4uDYagK8Xzalqo','ajay.rawat9650@gmail.com','2018-07-29 05:17:26',0),(63,'RLfnTejpHiFR6KoZapAbR1146h6XidheGGx6m49JwkiKGEY6Hf','piyushchamoli2017@gmail.com','2018-07-30 07:28:08',0),(64,'8qh0SOIUUY5saOuOuD1Eh42vj5ICACwqIkLDXw1BGurShwmEZm','sushilksood0@rediffmail.com','2018-07-30 09:42:43',1),(65,'GxMSMDJ2MBcCYnV1KtQV3TD6Rjc17j0e1ZcI4DTk99EBuD3kw3','tkkhilgee@yahoo.com','2018-07-30 09:45:10',0),(66,'NnSqdE3TJBi9ABBC942iiSpCxUEgVGlW6nJLpnyUjuwRNfWadU','vikrammehta319@gmail.com','2018-07-30 17:02:37',1),(67,'ZCcWPHAVGvavVJnPDx7s3g7YqTPiqGcYDRENjRjaNQ76P0HgCb','himalayanridge@gmail.com','2018-08-01 07:44:03',1),(68,'jm0Ub98anGfHcY5kLaDbdNVX1JNmZcgKUntqirk7kNyWrxsEJc','vishakha15cs@gmail.com','2018-08-01 09:42:36',0),(69,'R4SjACYnM2pxF9vYVtiI0zjZHt8gjALm4EH1X1Kwmh17KkSDqs','manushi7895@gmail.com','2018-08-01 10:50:53',1),(70,'DIGHV65yxJS7vALYLlNsaha6bP59tLTyYcLICvcOsnuCsGNfd9','koppik@gmail.com','2018-08-01 18:02:56',1),(71,'8i5ffPJnaBa5pfNVQ3ceYbvnH71ZRU3VLI4Fy2Ii9IXWosZtfL','viky7025@gmail.com','2018-08-02 04:59:16',0),(72,'7IO277ktwASNpgHYMkn0d5e4TRBTjKOvz8s8iafkRApIAcrpcR','prashantdutta92@gmail.com','2018-08-03 04:48:08',0),(73,'bvxNC4fHDeLHt30DVzk5382aCOSN2ZkO2eClUvFCTv6hP8TOQr','vigyan.nigam@gmail.com','2018-08-14 01:16:20',1),(74,'c4PSD4GnMdF953ie4HOQ7gwHRstBKttUNyQOIs4Gp1nIicnpbr','rishavnannda@gmail.com','2018-08-15 09:42:29',1),(75,'vZgvccpWm8wURnUvoU7Q8WM372xISVOazZonwIUMZjc5H7hz58','missnitu23@gmail.com','2018-08-15 12:37:42',1),(76,'L2qTRO0lJSeNjFWFb2znnnM6plOARiIFWLrBSn04BAaaKOKFJa','nirmisha.popat@hotmail.co.uk','2018-08-16 22:41:41',0),(77,'MhuoRoL2GbVmaGGfHCae6N4l3hKe9N3KCQU77pw35tHjky3W0I','shivendra.chauhan621@gmail.com','2018-09-09 03:58:04',1),(78,'WBwbjZrgZ7b2Ok0rpEXWJMmrnw0914C883XpWBT6Ei28M2xOiw','albatross.blue@gmail.com','2018-10-14 05:29:04',0),(79,'FrZKkNvLPaykDkiF8bAMgDB6J8zbRejAiyUCKidxJp4MpOrTMg','sufiyansindhi007@gmail.com','2018-11-05 11:45:55',0),(80,'XZADAoA0CBo4qizb5oHhaVexpoJnDJtN331hine0GbHdTmjNcg','surajknite@gmail.com','2018-12-01 19:49:58',0),(81,'OkWmp9NqOzHeA8FBx7P6s0sliazHQ5RMdFUjwxnJrX4BNcOqR3','amangagade999.09az@gmail.com','2018-12-28 20:00:59',0),(82,'9sM1EeH4OiOAU6GrW5GByfGdagUo579ghg8H4o4xnoxNtwXOsz','kamal020798@gmail.com','2019-01-26 13:14:38',1),(83,'TFI1XvUkYKUMcZKtCdsWQMLkOHBKi7X2HrDHkKkuMydwTimsAn','surajknite@gmail.com','2019-05-09 11:02:03',0);
/*!40000 ALTER TABLE `subscribed_email` ENABLE KEYS */;
UNLOCK TABLES;

--
-- Table structure for table `superuser`
--

DROP TABLE IF EXISTS `superuser`;
/*!40101 SET @saved_cs_client     = @@character_set_client */;
/*!40101 SET character_set_client = utf8 */;
CREATE TABLE `superuser` (
  `id` int(11) NOT NULL AUTO_INCREMENT,
  `user_id` int(11) NOT NULL,
  `passkey` varchar(30) NOT NULL,
  PRIMARY KEY (`id`),
  KEY `user_id` (`user_id`),
  CONSTRAINT `superuser_ibfk_1` FOREIGN KEY (`user_id`) REFERENCES `user` (`id`)
) ENGINE=InnoDB AUTO_INCREMENT=2 DEFAULT CHARSET=utf8;
/*!40101 SET character_set_client = @saved_cs_client */;

--
-- Dumping data for table `superuser`
--

LOCK TABLES `superuser` WRITE;
/*!40000 ALTER TABLE `superuser` DISABLE KEYS */;
INSERT INTO `superuser` VALUES (1,6,'feelinglucky');
/*!40000 ALTER TABLE `superuser` ENABLE KEYS */;
UNLOCK TABLES;

--
-- Table structure for table `tag`
--

DROP TABLE IF EXISTS `tag`;
/*!40101 SET @saved_cs_client     = @@character_set_client */;
/*!40101 SET character_set_client = utf8 */;
CREATE TABLE `tag` (
  `id` int(11) NOT NULL AUTO_INCREMENT,
  `name` varchar(50) NOT NULL,
  `status` tinyint(1) DEFAULT '1',
  PRIMARY KEY (`id`)
) ENGINE=InnoDB AUTO_INCREMENT=85 DEFAULT CHARSET=utf8;
/*!40101 SET character_set_client = @saved_cs_client */;

--
-- Dumping data for table `tag`
--

LOCK TABLES `tag` WRITE;
/*!40000 ALTER TABLE `tag` DISABLE KEYS */;
INSERT INTO `tag` VALUES (1,'Trisul',1),(2,'NandaDevi',1),(3,'Panchchuli',1),(4,'Bageshwar',1),(5,'Shiva',1),(6,'Srinagar',1),(7,'PauriGarhwal',1),(8,'Rudraprayag',1),(9,'Yamnotri',1),(10,'Uttarkashi',1),(11,'Satopanth',1),(12,'Badrinath',1),(13,'Chamoli',1),(14,'Tadkeshwar',1),(15,'Golu',1),(16,'Almora',1),(17,'Bagnath',1),(18,'Kausani',1),(19,'Saryu',1),(20,'Ranikhet',1),(21,'Nainital',1),(22,'Lake',1),(23,'Dwarahat',1),(24,'Jageshwar',1),(25,'SariVillage',1),(26,'Ukhimath',1),(27,'TungnathTemple',1),(28,'ChandrashillaTop',1),(29,'Chopta',1),(30,'Delhi',1),(31,'NainaDeviTemple',1),(32,'Devprayag',1),(33,'Bhagirathi',1),(34,'GopinathTemple',1),(35,'Lansdowne',1),(36,'TapkeshwarTemple',1),(37,'ChaukhambaPeak',1),(38,'KemptyFall',1),(39,'Dehradun',1),(40,'Mussoorie',1),(41,'Rishikesh',1),(42,'RIverRafting',1),(43,'Ganga',1),(44,'Champawat',1),(45,'Tanakpur',1),(47,'UdhamSinghNagar',1),(48,'Rudrapur',1),(49,'Kashipur',1),(50,'Karnaprayag',1),(51,'Gopeshwar',1),(52,'Ranikhet',1),(53,'Dunagiri',1),(54,'DeerPark',1),(55,'GBPark',1),(56,'Rishikesh',1),(57,'CorbettPark',1),(59,'Chakrata',1),(60,'Tigerfall',1),(61,'Pithoragarh',1),(62,'Kailash',1),(63,'Chaukori',1),(64,'Joshimath',1),(65,'Auli',1),(66,'DeoriaTal',1),(67,'TehriGarhwal',1),(68,'Bhowali',1),(69,'Bhimtal',1),(70,'kumauni',1),(71,'PappuKarki',1),(72,'Songs',1),(73,'Mukteshwar',1),(74,'Haldwani',1),(75,'SocialAwareness',1),(76,'Gairsain',1),(77,'Munsiyari',1),(78,'Alaknanda',1),(79,'Gangotri',1),(80,'Haridwar',1),(81,'KasarDevi',1),(82,'ValleyOfFllowers',1),(83,'Gopeshwar',1),(84,'GoriGanga',1);
/*!40000 ALTER TABLE `tag` ENABLE KEYS */;
UNLOCK TABLES;

--
-- Table structure for table `temple`
--

DROP TABLE IF EXISTS `temple`;
/*!40101 SET @saved_cs_client     = @@character_set_client */;
/*!40101 SET character_set_client = utf8 */;
CREATE TABLE `temple` (
  `id` int(11) NOT NULL AUTO_INCREMENT,
  `district_id` int(11) DEFAULT NULL,
  `name` varchar(50) NOT NULL,
  `deity` varchar(50) NOT NULL,
  `place_id` int(11) DEFAULT NULL,
  `description` text NOT NULL,
  `cr_date` datetime NOT NULL,
  `status` tinyint(1) NOT NULL DEFAULT '1',
  `slug` varchar(60) DEFAULT NULL,
  PRIMARY KEY (`id`),
  KEY `district_id` (`district_id`),
  KEY `fk_place_id` (`place_id`),
  CONSTRAINT `fk_place_id` FOREIGN KEY (`place_id`) REFERENCES `place` (`id`),
  CONSTRAINT `temple_ibfk_1` FOREIGN KEY (`district_id`) REFERENCES `district` (`id`)
) ENGINE=InnoDB AUTO_INCREMENT=21 DEFAULT CHARSET=utf8;
/*!40101 SET character_set_client = @saved_cs_client */;

--
-- Dumping data for table `temple`
--

LOCK TABLES `temple` WRITE;
/*!40000 ALTER TABLE `temple` DISABLE KEYS */;
INSERT INTO `temple` VALUES (1,4,'Maa Purnagiri Temple','Mata Purnagiri',15,'Maa Purnagiri Temple situated in Tanakpur at Champawat district of Uttarakhand at a height of 3000 meters. above sea level and just 21 km away from Tanakpur. Tunyas is 17 km and from there 3 km trek through easy upstairs to reach Sacred Purnagiri Temple.\r\nThe southwestern part of \'Punya Parvat\' can be seen from this place.\r\nPurnagiri Temple holds the important place among the all famous temples of Uttarakhand. It is considered as one of the 108 Siddha peeths of India. In Tanakpur River Kali descends into the plains and is known as Sharda River.\r\nAccording to Hindu mythology, in Satya Yuga Parvati (Sati), the daughter of Daksha Prajapati married to “Yogi” (Lord Shiva) against the wishes of Daksha Prajapati. So to take revenge with Lord Shiva, Daksha Prajapati performed a Vrihaspati yagna where he invited all the deities except Lord Shiva & Sati. But knowing the fact that Sati was not invited, she expressed her desire in front of Lord Shiva to attend the yagna. Lord Shiva tried his best to stop her, but she was not able to understand anything, so Lord Shiva had to allow her to attend the Yagna. Where being an uninvited guest she was not given any respect. Infect, her father insulted Lord Shiva which was unbearable for Sati. Soon discovering her father’s trick for humiliating her husband she jumped into the Yagna and committed suicide. \r\nSeeing the burning body of Sati, Lord Shiva destroyed Daksha Prajapati’s Yagna. He carried the remains of her body with grief profound and danced the dance of destruction through the Universe. \r\n\r\nThe places where the parts of her body fell were recognized as Shakti Peeths. In Purnagiri the Naabhi (Naval) part of Sati fell where the present Purnagiri Temple is situated. People come here to worship the Devi in large numbers around the year.\r\n\r\nEvery year millions of pilgrims visit Purnagiri Temple in Chaitra Navratri in the month of March - April. To fulfil their wishes, devotees visit Purnagiri Temple in large number at this time. It is also believed that after worshipping Mata Purnagiri, it necessary to visit Siddha Baba Temple. Otherwise, Yatra will not be succeeded.\r\n\r\nSource-http://www.purnagiritemple.com/aboutus.php\r\n\r\nHOW TO REACH:-\r\nTanakpur is linked by direct bus service with Lucknow, Delhi, Agra, Dehradun, Kanpur and other Districts.\r\nThe nearest airport to Tanakpur is Pantnagar Airport situated 98 km away in the Nainital district.\r\nThere is a motorable road till the Thulligad from Tanakpur and a further one has to trek 3 km more through easy upstairs to reach Sacred Purnagiri Temple','2018-04-09 18:29:38',1,'maa-purnagiri-temple'),(2,12,'Atariya Temple','Atariya Devi',17,'Atariya Temple is an ancient temple and very much famous for its construction. The sculpture of the temple reflects the artistic nature of the ancient people.\r\nThis temple is built by King Rudra Chand during the 16th Century. \r\nIt\'s 10 days fair during Chaitra Navratri in March is famous.\r\nAs per Hindu mythology, There was a temple built in 200 B.C but during the Mughal period this temple is destroyed and a statue of goddess thrown into the river. After that during 16th Century King Rudra Chand\'s chariot stuck there because of it king has to stay there for a night where he had a dream of Goddess Atariya Devi about the statue inside well where his chariot got stuck. Next day he found statue there so the temple is rebuilt by King Rudra Chand.\r\n\r\nHOW TO REACH\r\nThis temple is just 2 km away from Rudrapur Bus stand.','2018-04-10 09:38:02',1,'atariya-temple'),(3,3,'Uma Devi Temple','Goddess Parvati',10,'Uma Devi temple Temple is a famous attraction of the Karnaparyag dedicated to Goddess Parvati (Daughter of King Himalayas). She got married to Lord Shiva. The temple is very important for the people of Karnaprayag because they believed that Goddess Uma gave appears here to dimri pundit, and told him to build a temple for her at the confluence of the  Pindar and the Alaknanda rivers. A grand procession is held every 12 years in which the idol of Goddess Uma is taken out in a grand procession to Dimmer village, believed to be her maternal place.\r\nIt is necessary not to consume non-vegetarian food, intoxicants and indulges in sex before visiting it.\r\nThe best thing about it is you do not need to haggle with priests for the offering.\r\nJust bow your head and offer anything simple but pious- a bunch of flowers, some coins or a sari to your beloved mother.\r\n\r\nHOW TO REACH\r\nUma Devi is in Karnaparayag which lies on national highway NH58 that connects Delhi with Badrinath. Karnprayag is 173 km from Rishikesh which has closest Railway Station to Karnaprayag.\r\nTaxis and Bus are available in Rishikesh for Karnaprayag. Jolly Grant airport at Dehradun is the nearest airport to Rishikesh which is approximately 35 kilometres away.','2018-04-10 17:16:27',1,'uma-devi-temple'),(4,3,'Narsingh Temple','Lord Vishnu',31,'This is an ancient temple of Lord Vishnu in Narsingh Avtar and main temple of Joshimath. It has an idol of Lord Narsingh, which is considered established by Shankaracharya. As per local belief, the right hand of this idol has become as thin as hair. On the day when it will break, the mountains Jay-Vijay (which are situated on a way to Badrinath) shall join and become one and Lord Badrinath of Badrinath temple will disappear from present temple and re-appear as black stone (Shaligram) at new place called Bhavishya Badri, which is situated at a distance of 10 km from Joshimath. When Badrinath temple remains closed during winter every year, one idol of Lord Badri is brought to Narsinh temple and worshipped for six months.\r\nsource :- Wikipedia\r\nHOW TO REACH\r\nOne can reach there only through road via NH58 from Rishikesh to Joshimath which is 256 kms. this temple is in walking distance from Joshimath bus stand.\r\nNearest Airport is Jolly Grant Airport\r\nNearest Railway Station is Rishikesh station','2018-05-30 09:44:37',1,'narsingh-temple'),(5,11,'Surkhanda Devi Temple','Sati',35,'Surkhanda Devi Temple is about 8 km from Dhanolti at an altitude of 2903 m. The temple is located the highest peak in the locality making a perfect viewpoint ringed by dense forests in a sanctified spot. For reaching the temple, one has to walk 2 km from the motor road at Kaddulkhal.\r\nAccording to the mythology, Sati, the wife of Lord Shiva, gave up her life in the argument with her father, as Prajapati Daksha was not ready to accept Shiva as her daughter\'s husband. So he started to defy Him openly, and thereby the defying of her dear husband made her leave her body. We all know then that how Shiva danced with the dead body of Sati, furiously and how by the Sudarshan Chakra the body was separated part by part. Shiva passed through this place on his way back to Kailash with the dead body of Sati whose head fell at the spot where the modern temple of Surkhanda Devi stands.','2018-06-01 12:33:15',1,'surkhanda-devi-temple'),(6,7,'Mukteshwar Temple','Lord Shiva',18,'Mukteshwar temple is a 350 years old Temple of Lord Shiva at the top of Mukteshwar in Nainital District, this place is named after that. \r\nMukteshwar is another name of Lord Shiva, which literally means ‘One who offers Moksha’.A white marble Shiva linga with a copper yoni is cherished in Mukteshwar temple. The Shivling is surrounded by idols of Brahma, Vishnu, Parvati, Hanuman, Ganesh and Nandi.\r\nIt provides a beautiful view of the Himalayas as it is at the top.\r\n\r\nHOW TO REACH:-\r\nIt is 400 meters from the main Mukteswar square but you need to trek stairs.','2018-06-14 03:26:06',1,'mukteshwar-temple'),(7,1,'Katarmal Sun Temple','Burhadita or Vriddhaditya (the old Sun God)',20,'At a distance of 20 km from Almora and 30 km from Ranikhet, Katarmal Sun Temple is an ancient Hindu temple situated at Katarmal village in Almora district of Uttarakhand.\r\nThe present image of Surya in the temple dates back to 12th century. Built in the 9th century by Katarmalla, a Katyuri king, this temple is perched at an altitude of 2116 m.\r\nThe main deity of the Sun temple in Katarmal is called Burhadita or Vraddhaditya (the old Sun God). The idols of Shiva-Parvati and Lakshmi-Narayana are also found in this temple. Presently, much of the temple stands in beautiful ruins reminiscent of the bygone era of glory.','2018-07-05 09:51:26',1,'katarmal-sun-temple'),(8,1,'Kasar Devi Temple','Kasar Devi',20,'Kasar Devi Temple is a famous Hindu shrine on the hilltop at Kasar Devi village in Almora district of Uttarakhand.  The Swami Vivekananda also visited Kasar Devi in 1890s. Alfred Sorensen who also known as Sunyata Baba remained here for a long time during the 1930s.\r\nMany foreigners came here in search of spiritualism with the effect of Sunyata Baba. The constant presence of foreigners conforming to the Hippie culture of the late 70s and early 80s led to the naming of this place as Hippie Land. \r\nSituated 5 Kms from Almora, Uttarakhand.','2018-07-05 11:44:08',1,'kasar-devi-temple'),(9,13,'Yamunotri','yamuna devi',22,'Perched at an altitude of 3293 meters above sea stage, Yamunotri is placed within the Uttarkashi district. it\'s miles very close to the Indo-Chinese border and is surrounded with the aid of the Himalayan offshoots on all aspects. Yamunotri lies near the Bandarpunch Mountain, which is 6315 m high and lies to the north. The glacial lake of Saptarishi Kund, at the Kalind Parbat, at an altitude of 4421 m, is the real source of the Yamuna River.\r\nThe Garhwal Himalayas were blessed with a number of the holiest Hindu pilgrimage and the Yamunotri is one such. one of the Char Dhams in line with Hindu mythology, Yamunotri is the starting place of the sacred river Yamuna. well-known for its thermal springs and glaciers, it\'s far one of the most critical stopovers at the itinerary of the Hindu pilgrim. consistent with the historic legend, sage Asit Muni had his hermitage right here. All his existence, he bathed every day each within the Ganges and the Yamuna. not able to go to Gangotri at some stage in his antique age, a move of the Ganges seemed contrary Yamunotri for him. The Ganges appeared opposite Yamunotri for him.\r\nThe temple opens every year on the auspicious day of the Akshaya Tritiya, which generally falls during the last week of April, or the first week of May. The temple always closes on the sacred day of Diwali in mid-October - the first week of November, with a brief ceremony.','2018-07-08 07:56:29',1,'yamunotri'),(10,2,'कोट भा्मरी देवी मंदिर','देवी दुर्गा',2,'कत्यूर घाटी के मध्य में स्थित कोट भ्रामरी मंदिर जिसे कोट की मय्या के नाम से भी जाना जाता है, यह मंदिर बागेश्वर जिले से २५ किमी.आगे गरूड मे स्थित है। कोटभ्रामरी के इस मंदिर में वर्ष में दो बार विशाल मेला लगता है। चैत्र मास की शुक्ल अष्टमी को भ्रामरी देवी की पूजा अर्चना के साथ मेला लगता है।मान्यताओ के अनुसार करीब 2500 वर्ष ईसा पूर्व से सातवीं ईसवी तक यहां पर कत्यूरी राजाओं का शासन रहा। इन्हीं कत्यूरी राजाओं ने कत्यूर घाटी के महत्वपूर्ण स्थानों को किले के रुप में स्थापित किया था। कोट भ्रामरी मंदिर की स्थापना के सम्बंध में कहा जाता है कि कत्यूर क्षेत्र में अरुण नामक दैत्य का बेहद आतंक था। उसी दौरान कत्यूरी राजा आसंति देव और बासंति देव कत्यूर को राजधानी बनाने की सोच रहे थे। दैत्य से पीड़ित जनता ने तब राजाओं से अपनी व्यथा कहीं तब कत्यूरी राजाओं का दैत्य से भयंकर युद्ध हो गया। लेकिन राजाओं को पराजय का मुंह देखना पड़ा। कहा जाता है कि तब राजाओं ने भगवती मां से दैत्य के आतंक से निजात दिलाए जाने की प्रार्थना की। राजाओं द्वारा विधि-विधान से पूजा अर्चना करने के बाद मैया (देवी दुर्गा) भवरे के रुप में प्रकट हुई तथा मैया ने अरुण नामक दैत्य का वध कर दिया। तब कहीं जाकर जनता को दैत्य के आतंक से मुक्ति मिली। मैया की इसी अनुकंपा के कारण ही मैया की भंवर के रुप में पूजा होती है,तब से यह मंदिर कोट भा्मरी के नाम से जाना जाता है।माता के भवर रूप का वर्णन पुराणो मे भी मिलता है ! कोट मंदिर में कत्यूरी राजाओं की अधिष्ठात्री देवी भ्रामरी तथा चंदवंशावलियों द्वारा प्रतिष्ठापित नंदा देवी स्थापित की गई है। भ्रामरी के रुप में देवी की पूजा-अर्चना यहां मूíत के रुप में नहीं बल्कि शक्ति रूप में की जाती है।\r\nएक मान्यता के अनुसार जगत गुरू आदि गुरू शंकराचार्य जब अपने गढवाल भमण पर निकले तब उन्होने यहां पर आराम किया था !','2018-07-08 13:53:06',1,'kot-bhrahmari'),(11,2,'Baijnath temple','Lord shiva',2,'At the banks of the Gomti river in Garuda Valley, Baijnath Temple is a venerable shrine of Uttarakhand. The temple is stationed 16.5 km from Kausani and 22 Km from Bageshwar .it is said that the temple had been constructed through Kumaon Katyuri King in 1150 A.D. dedicated to lord Shiva.The place is most mentioned for its historical temples . Baijnath turned into the capital of Katyuri Kings, who dominated the region from seventh-11th century ad, then it was known as Kartikeyapura and lies within the centre of Katyur valley. it\'s far believed that Lord Shiva and Parvati were married on the conflux of River Gomti and Garur Ganga.\r\nit\'s miles believed that the baijnath temple was constructed in a day and imbibes religion and spirituality in itself.','2018-07-09 18:55:28',1,'baijnath-temple'),(12,9,'हाट कालिका देवी मंदिर','कालिका देवी',29,'उत्तराखण्ड ऋषियो की तपोस्थलि होने के कारण देवभूमि के नाम से जानी जाती है , उत्तराखण्ड ३३ करोड देवी देवताओ का घर माना जाता है , उत्तराखण्ड के पिथौरागढ जिले मे स्थित गंगोलीहाट नामक स्थान देवी कालिका के विशेष चमत्कारों से भरा है . गंगोलीहाट पिथौरागढ जनपद से ७७ किमी की दूरी पर स्थित है , यह स्थान पौराणिक दृष्टि से भी महत्वपूर्ण है , पूरे कुमाऊं में हाट कालिका के नाम से विख्यात गंगोलीहाट के महाकाली मंदिर की कहानी भी उसकी ख्याति के अनुरूप है। पांच हजार साल पूर्व लिखे गए स्कंद पुराण के मानसखंड में दारुकावन (गंगोलीहाट) स्थित देवी का विस्तार से वर्णन है।सरयू तथा राम गंगा नदियों बीच स्थित होने के कारण इस क्षेत्र को पूर्वकाल में गंगावली कहा जाता था, जो समय के साथ बदलकर गंगोली हो गया। तेरहवीं शताब्दी से पहले इस क्षेत्र पर कत्यूरी राजवंश का शासन था। गंगोलीहाट इस गंगोली क्षेत्र का प्रमुख व्यापारिक केंद्र था। गंगोलीहाट मे स्थित मां काली का शक्तशक्ति पीठ सुंदर देवदार के पेडो के बीच स्थित है ,आगे  से हिमालय का अदभुद दृश्य मन को शांति प्रदान करता है , मान्यताओ के अनुसार छठी सदी में गंगोली (गंगोलीहाट का प्राचीन नाम)  में असुरों का आतंक था। तब मां महाकाली ने रौद्र रूप धारण कर आसुरी शक्तियों का विनाश किया लेकिन माता का गुस्सा शांत नहीं हुआ। इलाके में हाहाकार मच गया। इलाका जनविहीन होने लगा। उसी समय अपने कूर्मांचल के भ्रमण पर निकले आदि गुरु शंकराचार्य  ने गंगोली में किसी देवी का प्रकोप होने की बात सुनी। शंकराचार्य के मन में विचार आया कि देवी इस तरह का तांडव नहीं मचा सकती। यह किसी आसुरी शक्ति का काम है। लोगों को राहत दिलाने के लिए वह गंगोलीहाट को रवाना हो गए।बताया जाता है कि जगतगुरु जब मंदिर के 20 मीटर पास में पहुंचे तो उनके कदम आगे नहीं बढ़ पाए। शंकराचार्य को देवी शक्ति का आभास हो गया। वह देवी से क्षमा याचना करते हुए पुरातन मंदिर तक पहुंचे। पूजा, अर्चना के बाद मंत्र शक्ति के बल पर महाकाली के रौद्र रूप को शांत कर शक्ति के रूप में स्थापित कर दिया और गंगोली क्षेत्र में सुख, शांति व्याप्त हो गई ,कालिका मंदिर में कुमाऊं क्षेत्र के लोगों के लिए अत्यंत धार्मिक महत्व है, विशेष रूप से भारतीय सेना के कुमाऊं रेजिमेंट के बहादुर सैनिको का। एक किंवदंती यह है कि एक बार एक अशांत समुद्री तूफान जहाज को उड़ा ले गया, जिसने कुमाऊं रेजिमेंट के सैनिक थे , जब जहाज को डूबने से बचाने के सभी प्रयास विफल हुए, तब सभी सैनिकों ने अपने ईष्ट देवो को याद किया,जैसे ही कुमाऊ रेजीमेंट के सैनिको ने देवी हाट काली का नारा लगाया तथा प्रार्थना की वैसे ही मां हाट कालिका की कृपा से, जहाज चमत्कारी रूप से किनारे पर सुरक्षित रूप से पहुंचा। तब से कुमाऊं रेजिमेंट के सदस्य हाट कालिका को \'ईष्ट देवी\' या कुमाऊं रेजिमेंट की संरक्षक देवी मानते हैं। कुमाऊं रेजिमेंट की गाथा और 1 9 71 के भारत-पाकिस्तान युद्ध में उनकी उपलब्धियों को मंदिर की दीवारों पर चित्रित किया गया है, हाट कालिका का यह मंदिर अपार विश्वास का केन्द् है , दूर दूर से लोग मां के दर्शन हेतु आते है , मंदिर मे माता के निवास को लेकर कहा जाता है कि महाआरती के बाद शक्ति के पास जब महाकाली का विस्तर लगाया जाता है तो प्रात: काल विस्तर यह दर्शाता है कि मानों यहां साक्षात् कालिका विश्राम करके गयी हों क्योंकि विस्तर में सलवटें पड़ी रहती हैं।','2018-07-10 19:07:59',1,'gangolihat'),(13,2,'बागनाथ मंदिर','शिव',2,'निलेश्वर भिलेश्वर पहाडियो के बीच पवित् सरयू गोमती के संगम पर बसा बागेश्वर जिला जो उत्तर की काशी के नाम से भी जाना जाता है, इस जिले का प्रसिद्ध  बाबा बागनाथ का मंदिर जो कि भगवान शिव को समर्पित है! बागनाथ मंदिर एक प्राचीन मंदिर है।इस मंदिर की नक्काशी प्रभाबशाली है। इसी के साथ यह बागेश्वर जिले का सबसे प्रसिद्ध मंदिर है ! यह भूमि मार्केंडेय ऋषि की तपोभूमि के नाम से भी जानी जाती है। भगवान शिव के बाघ रूप में इस स्थान में निवास करने से इसे “व्याघ्रेश्वर” नाम से जाना गया    | जो बाद में बागेश्वर हो गया ! यहां पर अनेको मंदिर विराजमान है ,जिसमे मंदिर के नजदीक स्थित बाणेश्वर मंदिर वास्तु कला की दृष्टि से बागनाथ मंदिर के समकालीन लगता है। मंदिर के समीप ही भैरवनाथ का मंदिर बना है। बाबा काल भैरव मंदिर में द्वारपाल रूप में निवास करते हैं। मंदिर के इतिहास के बारे मे लोगो का कहना है कि इस मंदिर का निर्माण चन्द वंश के शासको ने किया, जिसमे राजा लक्ष्मी चंद जी का नाम आता है, \r\nपौराणिक मान्यताओ के अनुसार  : \r\nपुराण के अनुसार अनादिकाल में राजा भगीरथ अपने कठोर तपबल से ब्रह्मा के कमंडल से निकली मां सरयू को ला रहे थे ताकी पावन सरयू के जल से भगीरथ के पूर्वजो का उद्धार हो सके, जब भगीरथ यहां पहुचे तब उन्होने देखा कि,  यहां ब्रह्मकपाली के समीप ऋषि मार्कण्डेय तपस्या में लीन थे।\r\nभगीरथ जी को उनकी तपस्या के भंग होने का खतरा सताने लगा। देखते देखते वहां जल भराव होने लगा। सरयू आगे नहीं बढ़ सकी। उन्होंने शिवजी की आराधना की।तब शिवजी ने बाघ का रूप रख कर पार्वती को गाय बना दिया और ब्रह्मकपाली के समीप गाय पर झपटने का प्रयास किया। गाय के रंभाने से मार्कण्डेय मुनि की आंखें खुल गई। व्याघ्र (बाघ )से गाय को मुक्त करने के लिए जैसे ही दौड़े तो व्याघ्र ने शिव और गाय ने पार्वती का रूप धारण कर मार्कण्डेय को दर्शन देकर इच्छित वर दिया और राजा भगीरथ को आशीर्वाद दिया और इस प्रकार मां गंगा (सरयू) पृथ्वी पर अवतरित हुई  और शिव जी के व्याघ्र (बाघ ) रूप के कारण यहां का नाम  “व्याघ्रेश्वर” पडा जो समय के साथ बदलकर बागेश्वर हो गया .\r\nएक अन्य किवदंती यह है कि भक्तों ने मंदिर में एक शिवलिंग स्थापित करने का फैसला किया  लेकिन शिवलिंग स्थापित करने के प्रयास हर बार असफल हो जाते थे, कोई भी मंदिर में शिवलिंग स्थापित नहीं कर सकता था ,लेकिन श्री मनोरथ पांडे जो कि एक स्थानीय निवासी थे , उनकी तपस्या से महा शिवरात्रि के दिन मूर्ति को सफलतापूर्वक स्थापित किया गया । भगवान शिव का आशीर्वाद प्राप्त करने के लिए ‘श्रावण’ के पवित्र माह मे विशेष रूप से महा शिवरात्री पर और हर सोमवार को बागनाथ मंदिर में भक्तों की एक बड़ी संख्या लगी रहती है |','2018-07-12 17:32:41',1,'Bagnath'),(14,13,'Gangotri temple','Ganga',37,'Gangotri temple is situated by way of the side of Bhagirathi River, placed in Uttarkashi district of Uttarakhand, the revered temple is one of the 4 pilgrimages in the Chota Char Dham circuit of Garhwal Himalayas. River Ganga is a gift inside the premises of the white temple building inside the form of a small silver idol. The Gangotri temple turned into built by means of the Gorkha popular Amar Singh Thapa, in the 18th century. The temple is surrounded through the beautiful deodars and pines.I t is on the greater Himalayan range, at a top of 3,100 metres (10, two hundred feet). In line with famous Hindu legend, it became right here that Goddess Ganga descended whilst Lord Shiva released the potent river from the locks of his hair.consistent with the mythology, while River Ganga agreed to descend to earth in reaction to Bhagirath\'s prayers, its depth became such that the complete earth could have got submerged underneath its waters. To save the earth from such demolition, Lord Shiva stuck Ganga in his locks. to thrill Lord Shiva, Bhagirath again prayed for a totally long time. On seeing Bhagirath\'s devotion, Lord Shiva being thrilled released River Ganga inside the shape of three streams certainly one of which got here on earth and got here to be referred to as the Bhagirathi River. As quickly as Ganga\'s water touched the ashes of the Bhagirath\'s ancestors, the 60,000 sons rose from eternal rest. The stone on which Bhagirath is thought to have reflected is referred to as the Bhagirath Shila which is located pretty near the Gangotri Temple.','2018-07-15 17:52:42',1,'gangotri'),(15,10,'Kedarnath temple','Lord shiva',34,'Kedarnath Temple is a Hindu temple committed to Lord Shiva. It\'s miles on the Garhwal Himalayan range close to the Mandakini river at Rudraprayag in Uttarakhand. Due to excessive weather situations, the temple is open most effective between the stop of April (Akshaya Tritriya) to November (Kartik Purnima). Lord Shiva is worshipped as Kedarnath, the \'Lord of Kedar Khand\', the historic call of the vicinity. The temple Kedarnath is one of the well-known pilgrimages and the temple is consist of in char dham, each year a big crowd involves worship Lord Shiva.  The history of this temple is related to Pandavas, the tale is, After the battle of Mahabharat Pandavas turned into the guilt of killing their blood relatives, Pandavas sought Lord Shiva to absolve themselves in their sins. Shiva failed to want to release them from their wrongdoings so without problems and disguised himself as a bull(Nandi)  to roam in Garhwal Himalayas. On being observed with the aid of Pandavas, Shiva dived into the floor. Bheem attempted to capture him and could handiest get maintain of the hump. Other body components of Shiva (in the shape of bull), got here up at special locations. A hump of the bull was discovered in Kedarnath, navel emerged at Madhya-Maheshwar, two forelegs regarded at Tunganath, face in Rudranath, and hair got here up at Kalpeshwar. together those five sacred places are called Panch Kedar. it is believed that originally Pandavas constructed the temple of Kedarnath; the present temple was installed by Adi Shankaracharya who restored and revived the dignity of the shrine.','2018-07-16 17:12:27',1,'kedarnath'),(16,10,'Dhari devi temple','Goddess Dhari',34,'Dhari Devi temple is a Hindu temple dedicated to Devi Kali Mata.  Dhari Devi goddess is taken into consideration as the guardian deity of Uttarakhand. Dhari Devi is a temple placed on the banks of the Alaknanda River between Srinagar and Rudraprayag .it\'s far about 15 km from Srinagar, Uttarakhand, 20 km from Rudraprayag and 360 km from Delhi. The temple is domestic to the upper part of the idol of the goddess Dhari, at the same time as the lower half of the idol is located in Kalimath, in which she is worshipped as a Goddess Kali. Kalimath is one in every of 108 shakti sthals in India. As in line with religious way of Kalimath is the region wherein Goddess Kali killed the demon Raktabija and after that, the goddess had long past underneath the earth. The upper half of an idol of a deity got here flowing down alongside the Alaknanda river and settled here. seeing that then the idol is worshipped right here in the form of Goddess Dhari. The Goddess is thought to exchange look at some point of the day. according to nearby people, the deity adjustments look from of a girl to a woman and then to an old lady. while the idol of the deity was removed from her temple then after few hours a very severe cloudburst passed off. As consistent with the devotees, the region needed to face the Goddess’ ire as she become shifted from her ‘mool sthan’  to make way for a 330 MW hydel venture. That assignment lies in ruins after the flood. A similar strive in 1882 through a nearby king had ended in a landslide that has flattened Kedarnath.','2018-07-16 17:52:15',1,'dhari-devi'),(17,1,'Chitai Golu Temple','Golu devta',20,'The illustrious Temple of Chitai is dedicated to Gollu or Goljyu Devta. Though there are several temples of Golu Devta in Almora however the Chitai Golu Devta Temple is that the most sacred one.The temple is placed at 9kms from Almora .Golu Devta is magnificently thought to be God of Justice. Most devotees worship the immortal and provoke the justice on behalf of the injustice are done to them or with their family. Devotees worship Golu Devta with the suggests that of White cloth white Pagri and White horse. lndividuals believes that God asks for in propitiation could be a bell, as is clear from the thousands of bells arrange across the temple.\r\nThe story concerning the god of justic the story goes, once a king visited the forest for hunting, once the king became thirsty he ordered his servants to fetch water for him, the servant came back and asked he disturbed a girl named (kalinga) deep in meditation, the king got keen on the girl Kalinga and married her. Because the many queens of the king they became jealous of the kalinga, they stole the newborn kid of the kalinga and replaced it with a stone and threw the child in a rive(kaliganga)then a fisher found him. Later once the boy completed concerning his true identity he set to hunt on the injustice done to his mother. He goes to the river kali ganga with a Wodden Horse and tries to create the horse drink water from the river, seeing this the king asked the boy how can the wooden horse drink water at that the child asked the king if a girls will provide birth to a stone then the horse may also drink water. The king completed his mistake and accepted him as his son. He then treated this subjects with mare care and concern and have become widespread for his justice and was thought to be Gwalla devta.','2018-07-21 11:33:30',1,'chitai-temple'),(18,7,'Naina Devi Temple','devi Naina',7,'A nicely recognised Shakti Peeths of Hindu religion, Naini Devi Temple is sacred area of exceptional devotion in Nainital. Goddess Naini Devi is the diety of Naini Devi Temple and located at northern stop of well-known Nainital Lake.The holy temple is represented through her two eyes. \r\nThis is the most famous temple in nainital very peaceful and divine vicinity at the banks of the Naini Lake. The temple has peaceable vibes due to the exceptional lakeside. This temple is very neatly maintained. The main deity of the temple is Naina devi who sits along with devi Lakshmi and devi Saraswati.\r\nAccording to the historical survey, Naini Devi temple finds mention in Kushan period. Built in fifteenth AD, Naina Devi temple idol was once installed by a devotee Moti Ram Shah in 1842. After a drastic landslides in 1880, Naina Devi temple was once totally destroyed. Soon in 1883 locals build once more the Naina Devi Temple for the reason that they have deep belief on Maa Naina Devi.\r\nAccording to the legends, Naina Devi temple got here into existence when Lord Shiva used to be carrying the corpse of Sati (lord shiva\'s wife) and her eyes fell to the floor where the temple currently stands. The town, the lake, and the temple borrow its identify Naina (eyes) Devi temple.\r\nDuring Nanda Ashtami, a large truthful is organised in the Naina Devi temple and devotees comes for darshan and take blessings. This Nanda Ashtami festival runs for eight days in the premises of Naina Devi temple.','2018-07-21 12:06:47',1,'naina-devi'),(19,5,'trayambakeshwar temple','Different Hindu God and Goddesses',14,'Trayambakeshwar Temple is 13 stories high Hindu temple with different deities throughout perched along the banks of the Ganges River near Lakshman Jhula Bridge, also known as Tera Manzil Temple.\r\nThe  Temple has a huge symmetric structure which looks so beautiful. One can have a wide view of Rishikesh from the top of the Temple\r\nTourists and devotees visit Shri Tryambakeshwar Temple during the Shivaratri festival, which is one of the major events celebrated in the destination.\r\n\r\nHOW TO REACH\r\nTemple is located close to Lakshman Jhula Bridge and can be reach-\r\nBy Train- Nearest Railway Station is Rishikesh Railway Station at the distance of 4kms.\r\nBy Air- Jolly Grant Airport at 22kms from Laxman Jhula.\r\nBy Road- Rishikesh is connected with big cities and Laxman Jhula is in Rishikesh city easily reached by shared taxi.','2018-08-03 09:20:35',1,'trayambakeshwar-temple'),(20,3,'Gopinath Temple','Lord Shiva',9,'Gopinath Mandir is an ancient Hindu temple dedicated to Lord Shiva in Gopeshwar of Chamoli district.\r\nThe Temple is special because of its unique worship tradition. Unlike the other Shiva temples, milk and water are not offered to Lord Shiva. Rather than that only Bilva leaves are offered on the Shiv Linga.\r\nThe  Gopinath Temple is the most important Temple of  Lord Shiva in Uttarakhand after Panch Kedar temples i.e. (Kedarnath, Tungnath, Rudranath, Madhyamaheshwar, and Kalpeshwar).\r\nThe temple contains idols of Lord Vishnu, Lord Ganesh, Lord Hanuman, Lord Brahma, Goddess Kali, Saraswati, and Garuda. The images of Lord Bhairav and Lord Narayana can be found on the temple walls. Outer courtyard of the temple houses of a number of the Shiv lings and a Kalpa Vriksha.\r\n\r\nARCHITECTURE -\r\nGopinath temple has close resemblance with other Shiva Temle like Tungnath temple, Mrityunjaya temple, Jageshwar. The main temple is constructed in Nagara style. Gopinath temple has magnificent dome and sanctum sanctorum, which is 30 Sq. ft and it is accessible by 24 doors. Main sanctum contains a Swayambhu Shivlang., which is known as Gopinath. Also, Nandi can be found in the sanctum. Trident is about 5 m high, made of eight different metals. The metal of the trident is not weathered by the elements and this is a wonder. Outer courtyard of Gopinath temple consists of a number of the Shivlings. \r\n\r\nLEGEND OF GOPINATH TEMPLE-\r\nAccording to Legends, the trident in the Temple courtyard belongs to Lord Shiva who threw it at Kamadeva (The God of Love) to kill him when the latter tried to disrupt Lord Shiva’s meditation and trident got fixed at this spot. It is believed that while any kind of strong force cannot move this divine trident, the slightest touch by a true, honest devotee can cause a tremor in it.\r\n\r\nAccording to Another belief, when Lord Shiva turned Kamadeva into ashes, his wife Rati did penance at Gopeshwar. Pleased with her devotion, Lord Shiva assured her that her husband would come back to life.\r\n\r\nHISTORY-\r\nThe temple was built between the 9th and 11th century, by Katyuri dynasty. Inscriptions present on trident shows that this divine trident has been there since the 12th century. It is believed that the Gopinath Mandir has been there since the 13th century, during the reign of Nepal king Anekmalla.\r\n\r\nFESTIVALS-\r\nThe Mahashivratri is the most important festival celebrated in Gopinath temple. Thousands of devotees visit the temple on the occasion of Maha Shivratri.\r\n\r\nHOW TO REACH-\r\nGopinath Temple is in walking distance from main Gopeshwar market.\r\n\r\nGopeshwar can be reached by following way-\r\nBY ROAD\r\nGopeshwar is in between Kedarnath-Badrinath road situated 10 km from its district Chamoli. Chamoli is in Badrinath Highway can be reached by big cities of Uttarakhand and capital of India. Chamoli is 215 km from Rishikesh.\r\n\r\nBY TRAIN\r\nNearest Railway Station is Rishikesh Railway station at a distance of 213 km. After that one has to us motorable road.\r\n\r\nBy AIR \r\nThe nearest airport is Jolly Grant Airport at a distance of 230 km. After that one has to us motorable road.','2018-08-13 09:25:58',1,'gopinath-temple');
/*!40000 ALTER TABLE `temple` ENABLE KEYS */;
UNLOCK TABLES;

--
-- Table structure for table `temple_image`
--

DROP TABLE IF EXISTS `temple_image`;
/*!40101 SET @saved_cs_client     = @@character_set_client */;
/*!40101 SET character_set_client = utf8 */;
CREATE TABLE `temple_image` (
  `id` int(11) NOT NULL AUTO_INCREMENT,
  `temple_id` int(11) NOT NULL,
  `image_id` int(11) DEFAULT NULL,
  PRIMARY KEY (`id`),
  KEY `temple_id` (`temple_id`),
  KEY `image_id` (`image_id`),
  CONSTRAINT `temple_image_ibfk_1` FOREIGN KEY (`temple_id`) REFERENCES `temple` (`id`),
  CONSTRAINT `temple_image_ibfk_2` FOREIGN KEY (`image_id`) REFERENCES `image` (`id`)
) ENGINE=InnoDB AUTO_INCREMENT=33 DEFAULT CHARSET=utf8;
/*!40101 SET character_set_client = @saved_cs_client */;

--
-- Dumping data for table `temple_image`
--

LOCK TABLES `temple_image` WRITE;
/*!40000 ALTER TABLE `temple_image` DISABLE KEYS */;
INSERT INTO `temple_image` VALUES (1,1,50),(2,2,54),(3,3,56),(4,3,55),(5,4,90),(6,5,101),(8,6,122),(9,6,123),(10,7,127),(11,8,128),(17,13,153),(18,14,160),(19,15,165),(20,16,166),(21,17,177),(22,18,178),(23,12,182),(25,10,184),(26,11,185),(27,11,186),(29,9,187),(30,19,231),(31,20,253),(32,20,254);
/*!40000 ALTER TABLE `temple_image` ENABLE KEYS */;
UNLOCK TABLES;

--
-- Table structure for table `temple_tag`
--

DROP TABLE IF EXISTS `temple_tag`;
/*!40101 SET @saved_cs_client     = @@character_set_client */;
/*!40101 SET character_set_client = utf8 */;
CREATE TABLE `temple_tag` (
  `id` int(11) NOT NULL AUTO_INCREMENT,
  `temple_id` int(11) NOT NULL,
  `tag_id` int(11) DEFAULT NULL,
  PRIMARY KEY (`id`),
  KEY `temple_id` (`temple_id`),
  KEY `tag_id` (`tag_id`),
  CONSTRAINT `temple_tag_ibfk_1` FOREIGN KEY (`temple_id`) REFERENCES `temple` (`id`),
  CONSTRAINT `temple_tag_ibfk_2` FOREIGN KEY (`tag_id`) REFERENCES `tag` (`id`)
) ENGINE=InnoDB AUTO_INCREMENT=64 DEFAULT CHARSET=utf8;
/*!40101 SET character_set_client = @saved_cs_client */;

--
-- Dumping data for table `temple_tag`
--

LOCK TABLES `temple_tag` WRITE;
/*!40000 ALTER TABLE `temple_tag` DISABLE KEYS */;
INSERT INTO `temple_tag` VALUES (1,1,34),(2,1,42),(3,1,44),(4,1,45),(5,1,27),(6,1,31),(7,2,48),(8,2,49),(9,2,45),(10,2,21),(11,2,47),(12,3,50),(13,3,51),(14,3,13),(15,4,8),(16,4,64),(17,4,50),(18,4,12),(19,4,13),(20,5,40),(21,5,41),(22,5,67),(23,5,39),(24,6,68),(25,6,69),(26,6,73),(27,6,16),(28,6,20),(29,6,21),(30,7,16),(31,7,4),(32,7,20),(33,8,16),(34,8,18),(35,8,52),(36,9,9),(37,9,10),(38,10,2),(39,10,4),(40,11,4),(41,11,5),(42,12,61),(43,13,17),(44,13,4),(45,13,5),(46,14,10),(47,14,43),(48,15,8),(49,15,5),(50,16,8),(51,16,6),(52,17,16),(53,17,15),(54,18,21),(55,19,40),(56,19,41),(57,19,36),(58,19,38),(59,19,39),(60,20,27),(61,20,34),(62,20,83),(63,20,13);
/*!40000 ALTER TABLE `temple_tag` ENABLE KEYS */;
UNLOCK TABLES;

--
-- Table structure for table `tourism_district`
--

DROP TABLE IF EXISTS `tourism_district`;
/*!40101 SET @saved_cs_client     = @@character_set_client */;
/*!40101 SET character_set_client = utf8 */;
CREATE TABLE `tourism_district` (
  `id` int(11) NOT NULL AUTO_INCREMENT,
  `name` varchar(30) NOT NULL,
  `division` varchar(10) NOT NULL,
  PRIMARY KEY (`id`)
) ENGINE=InnoDB DEFAULT CHARSET=utf8;
/*!40101 SET character_set_client = @saved_cs_client */;

--
-- Dumping data for table `tourism_district`
--

LOCK TABLES `tourism_district` WRITE;
/*!40000 ALTER TABLE `tourism_district` DISABLE KEYS */;
/*!40000 ALTER TABLE `tourism_district` ENABLE KEYS */;
UNLOCK TABLES;

--
-- Table structure for table `trek`
--

DROP TABLE IF EXISTS `trek`;
/*!40101 SET @saved_cs_client     = @@character_set_client */;
/*!40101 SET character_set_client = utf8 */;
CREATE TABLE `trek` (
  `id` int(11) NOT NULL AUTO_INCREMENT,
  `district_id` int(11) DEFAULT NULL,
  `difficulty` int(11) DEFAULT '1',
  `description` text NOT NULL,
  `itinerary` text NOT NULL,
  `advice` text,
  `status` int(1) DEFAULT '1',
  `name` varchar(300) NOT NULL,
  `slug` varchar(300) NOT NULL,
  `route_image` varchar(500) DEFAULT NULL,
  PRIMARY KEY (`id`),
  KEY `district_id` (`district_id`),
  CONSTRAINT `trek_ibfk_1` FOREIGN KEY (`district_id`) REFERENCES `district` (`id`)
) ENGINE=InnoDB AUTO_INCREMENT=5 DEFAULT CHARSET=utf8;
/*!40101 SET character_set_client = @saved_cs_client */;

--
-- Dumping data for table `trek`
--

LOCK TABLES `trek` WRITE;
/*!40000 ALTER TABLE `trek` DISABLE KEYS */;
INSERT INTO `trek` VALUES (1,3,2,'Satopanth Lake trek is located in Chamoli district of Uttarakhand. This trek unfolds to a beautiful crystal clear glacial lake at a very high altitude of 4370 meters as destination. Satopanth extends to Swargrohini which is a peak located a few kilometres ahead of Satopanth where it is believed that Yudhisthir of Pandavas went to heaven. Moni baba is a monk who lives by the lake side during summer to post rainy season.','Day 1: Rishikesh to Badrinath. \r\n Travel from Rishikesh to Badrinath which is a long and tiring 295 km journey. Then you\'re in the lap of Badrivishal and the beautiful nature to adore. Badrinath is a religious place for Hindus, it holds high importance and it is one of the char dham (4 pilgrims) of India. \r\n\r\nDay 2: Badrinath - Mana to Laxmi van. \r\nMana is located just 3 km from Badrinath and it is so called last village of India. Mana has Bhimpul to see and in 3 km walk from Mana, you reach to Vasudhara falls which gives a mind boggling feeling of the incredible nature in the area.  just 2 km from Vasudhara through a bit moraine and river stones, you reach Laxmi van. \r\n\r\nDay 3:  Laxmi Van to Chakratirth. \r\nNow from Laxmi ban, you walk some more distance with eye catchinf beautiful throughout the trek, through the moraines of Dhano glacier. First view of amazing peaks of Bhagirathi can be seen. On reaching Chakratirth, you see Neelkanth mountain. \r\n\r\nDay 4: Chakratirth to Satopanth lake and back to Chakratirth. \r\nNow just a few kilometres and you reach the destination , Satopanth lake with Chaukhamba peak looking back at you. The whole location is so admiring, you feel refreshed on reaching the lake. You go back to Chakratirth in time on campsite. \r\n\r\nDay 5: Chakratirth to Mana/Badrinath. \r\n\r\nDay 6: Badrinath to Rishikesh.','Satopanth is easy to medium level trek, its a busy trek with too many monks and devotees reach Satopanth lake every season. Nice moraine trail, weather is very unpredictable in here so always carry warm clothes too. Drink lots of water and do proper acclimatisation.',1,'Satopanth Lake','satopanth-lake','http://www.uttarakhandtraveller.com/media/uploaded/satopanth_route.jpeg'),(2,9,2,'Milam glacier is a glacier situated in Munsiyari block of Pithoragarh district of Uttarakhand. Milam is a village and it was considered to be a trade route between India and Tibet in ancient times. Milam Glacier is the originating point of Gori Ganga river. Milam Glacier trek is long and beautiful trailed trek almost all of it goes along Gori Ganga river. It is amazing to realize how so many villages existed there once, now only in season people to their villages like Toli, Rilkote, Milam, Pachu, Burfu etc. It gives excellent sight of  the peaks of Hardeol at 7,151 meters, Mangraon at 6,568 meters, Deo Damla at 6,637 meters, Sakram at 6,254 meters, Nanda Gond at 6,315 meters and Nanda Pal at 6,306 meters.','Day 1: Kathgodam to Munsiyari.\r\nKathgodam is the last railway station while coming to Kumaon region. Kathgodam to Munsiyari is a long distance drive of 278 meters. \r\n\r\nDay 2: Munsiyari to Bugdyar.\r\nMusniyari to Leelam village is a drive (motor road) and then the trek starts. It really goes to height and looks scary at times but it excellent treat for photographers. Trail goes from Leelam to Main SIngh Top and then to Babaldhar. From Babaldhar to Radgadi bridge then to Shyuni and then finally Bugdyar. \r\n\r\nDay 3: Bugdyar to Rilkot.\r\nA quite long and up and down trail along side the river Gori Ganga with halt at Nahar Devi to finally reach RIlkot, Rilkot is considered to be a windy village. \r\n\r\nDay 4: Rilkot to Martoli.\r\n This trek takes you beyond the tree line and you can catch glimpses of alpine pastures. The distance covered will be 14 km (8 hrs). Martoli is a deserted hamlet that used to be of great prominence on the Tibetan trading route. \r\n\r\nDay 5: Martoli to Ganghar. \r\nThis trek will offer the Himalayan peaks intermittent views. The Nanda Devi East can be seen when reaching Ganghar. Total 12 km (6 hours) trek.\r\n\r\nDay 6: Ganghar to Pachu.\r\nAs you approach the Pachu Glacier, one of the highlights of the trip is the Nanda Devi itself, which seems just a stone throw away. That apart flowering rhododendrons add to the beauty along the way. A 6-kilometer trek that takes 3 hours.\r\n\r\nDay 7: Pachu to Milam. \r\nThe scenery, with impressive views of the Nanda Devi peaks, is a continuation of the day before. Trek today will take about 8 kilometers for 4 hours.\r\n\r\nDay 8: Milam to Milam Glacier and back to Milam\r\nA 2 hour hike takes you to the Glacier head; it is the largest in the Kumaon region. Spend the day at the glacier and return to Milam.\r\n\r\nDay 9: Milam to Rilkot.\r\n\r\nDay 10: Rilkot to Bugdyar.\r\n\r\nDay 11: Bugdyar to Munsiyari\r\n\r\nDay 12: Munsiyari to Kathgodam.','Milam is a long and lovely trek to be in. Never forget to carry a water bottle, drink a lot of water as the trail is very long and exhausting at times. If you have fear with height then you must do it.',1,'Milam Glacier','milam-glacier','http://www.uttarakhandtraveller.com/media/uploaded/milam_route.jpeg'),(3,3,1,'Valley of Flowers is an Indian national park situated near Badrinath at Chamoli district of Uttarakhand.\r\nValley of flowers is famous for its outstanding natural beauty, endangered animals, and its meadows of alpine flowers. It is spread over an area of around 88 sq. Km. This fairyland located at the high altitudes of 11000 feet to 14000 feet above sea level in the conversion point of Himalayan ranges, Zanskar and Western and Eastern Himalayas, surrounded by snowy mountains.\r\nAs the snow starts melting by the end of May, the valley quickly welcome new blooming flowers. As a result, the valley is full of flowers in the mid-July. Almost 350 varieties of flowers of unique design and color can be found while exploring the Valley of Flowers National Park inner and deeper part of the valley.\r\nValley of Flowers is a part of Nanda Devi and Valley of Flowers National Parks which is listed under UNESCO World Heritage site.','Day 1: Rishikesh to Badrinath. \r\n Travel from Rishikesh to Badrinath which is a long and tiring 295 km journey. Then you\'re in the lap of Badrivishal and the beautiful nature to adore. Badrinath is a religious place for Hindus, it holds high importance and it is one of the char dham (4 pilgrims) of India. \r\n\r\nDay 2: Badrinath to Mana and back to Badrinath.\r\nMana is located just 3 km from Badrinath and it is so called last village of India. Mana has Bhimpul to see and in 3 km walk from Mana, you reach to Vasudhara falls which gives a mind boggling feeling of the incredible nature in the area.  Then head back to Badrinath. \r\n\r\nDay 3: Badrinath to Ghagaria.\r\nSome kilometres drive from Badrinath to Govindghat and then to Poolna. Poolna to Ghagaria is 9 km trek along the river. Ghangria has a helipad and some space for camping. Half a kilometer from the helipad is the one-street village of Ghangria, lined with hotels, restaurants and a Gurudwara. The Gurudwara offers free accommodation and food to all.\r\n\r\nDay 4: Ghagaria to Valley of flowers and back.\r\nThis is 5-6 km trek through the majestic views of surrounding along with million blooming flowers to adore, ending up to a glacier. Flowers like Blue Poppy, Snake Foil, White Leaf Hog Foot, Himalayan Rose, Meadow Geranium, Dog Flower, Hooked Stick Seed, and River Anemone, can be volunteered. Get back to Ghagaria within time. \r\n\r\nDay 5: Ghagaria to Hemkund Sahib and back.\r\n7km Steep ascent to Hemkund sahib gurudwara with scenic views of mountains , a treat to photographers. There is a lake in Hemkund sahib and never forget to view the Bhramakamal flower(Saussurea obvallata) which is state flower of Uttarakhand. \r\n\r\nDay 6: Ghagaria to Govindghat\r\n\r\nDay 7: Govindghat to Rishikesh','Valley is an easy to do trek with many landscapes and picturesque to volunteer. Never forget to keep a raincoat with you. That\'s all I can think of. If you want to see glacial views then plan it in the month of June while if you prefer to see more flowers then August is perfect for you.',1,'Valley of flowers','valley-flowers','http://www.uttarakhandtraveller.com/media/uploaded/vof_route.jpeg'),(4,2,1,'Located in the lap of southern lap of Nanda Devi range, presents perfect and eye-catching view of peaks like Panwali Dwar(6,683m) and Maiktoli(6,803m), this trek trakes to the destination zero point of Pindari Glacier after which only mountaineers can scale. It perched at an elevation of 3860m above sea level, considered as an easy to do trek with beautiful landscape and terrain throughout the trek. Pindari Glacier is the originating point of river Pindar.','Day1: Kathgodam to Loharkhet.\r\nKathgodam is the last railway station after which journey can be done by motor ways, takes a drive of almost 180km to reach Loharkhet. \r\n\r\nDay2: Loharkhet to Dhakuri. \r\nLoharkhet to Dhakuri is about 9km trek having rhododendron forest and beautiful trail on the way. From Dhakuri top a clear view of Sundardunga and Kafni glaciers can be seen ahead. \r\n\r\nDay3: Dhakuri to Khati.\r\nIt involves 8 km trek to Khati village, beauitful flora and fauna can be experienced walking to this trek, a treat for photographers. \r\n\r\nDay4: Khati to Phurkiya. \r\nFrom Khati to Dwali on the bank of Pinda river, crossing log bridges. From Dwali to Phurkiya with a short trek. Enjoy the scenic surroundings in here. \r\n\r\nDay5: Phurkiya to Pindari Glacier(zero point) to back Dwali. \r\n\r\nDay6: Dwali to Kharkiya.\r\n\r\nDay7: Kharkiya to Kathgodam.','Pindari is a really easy and joyous trek. \r\nIt becomes a little exhausting in day , so drink a lot of water, you can find so many sources of water throughout the trek. You go across ups and downs , so proper acclimatise would help you make yourself comfortable. Enjoy the beautiful Pahadi/Kumaoni  culture through villages like Khati and Wachcham.',1,'Pindari Glacier','pindari-glacier','http://www.uttarakhandtraveller.com/media/uploaded/pindari_route.jpeg');
/*!40000 ALTER TABLE `trek` ENABLE KEYS */;
UNLOCK TABLES;

--
-- Table structure for table `trek_image`
--

DROP TABLE IF EXISTS `trek_image`;
/*!40101 SET @saved_cs_client     = @@character_set_client */;
/*!40101 SET character_set_client = utf8 */;
CREATE TABLE `trek_image` (
  `id` int(11) NOT NULL AUTO_INCREMENT,
  `trek_id` int(11) NOT NULL,
  `image_id` int(11) DEFAULT NULL,
  PRIMARY KEY (`id`),
  KEY `trek_id` (`trek_id`),
  KEY `image_id` (`image_id`),
  CONSTRAINT `trek_image_ibfk_1` FOREIGN KEY (`trek_id`) REFERENCES `trek` (`id`),
  CONSTRAINT `trek_image_ibfk_2` FOREIGN KEY (`image_id`) REFERENCES `image` (`id`)
) ENGINE=InnoDB AUTO_INCREMENT=17 DEFAULT CHARSET=utf8;
/*!40101 SET character_set_client = @saved_cs_client */;

--
-- Dumping data for table `trek_image`
--

LOCK TABLES `trek_image` WRITE;
/*!40000 ALTER TABLE `trek_image` DISABLE KEYS */;
INSERT INTO `trek_image` VALUES (1,1,264),(2,1,265),(3,1,266),(4,1,267),(5,2,268),(6,2,269),(7,2,272),(8,2,273),(9,2,274),(10,3,243),(11,3,244),(12,3,246),(13,4,280),(14,4,278),(15,4,279),(16,4,281);
/*!40000 ALTER TABLE `trek_image` ENABLE KEYS */;
UNLOCK TABLES;

--
-- Table structure for table `trek_tag`
--

DROP TABLE IF EXISTS `trek_tag`;
/*!40101 SET @saved_cs_client     = @@character_set_client */;
/*!40101 SET character_set_client = utf8 */;
CREATE TABLE `trek_tag` (
  `id` int(11) NOT NULL AUTO_INCREMENT,
  `trek_id` int(11) NOT NULL,
  `tag_id` int(11) DEFAULT NULL,
  PRIMARY KEY (`id`),
  KEY `trek_id` (`trek_id`),
  KEY `tag_id` (`tag_id`),
  CONSTRAINT `trek_tag_ibfk_1` FOREIGN KEY (`trek_id`) REFERENCES `trek` (`id`),
  CONSTRAINT `trek_tag_ibfk_2` FOREIGN KEY (`tag_id`) REFERENCES `tag` (`id`)
) ENGINE=InnoDB AUTO_INCREMENT=15 DEFAULT CHARSET=utf8;
/*!40101 SET character_set_client = @saved_cs_client */;

--
-- Dumping data for table `trek_tag`
--

LOCK TABLES `trek_tag` WRITE;
/*!40000 ALTER TABLE `trek_tag` DISABLE KEYS */;
INSERT INTO `trek_tag` VALUES (1,1,11),(2,1,12),(3,1,13),(4,1,78),(5,1,37),(6,2,2),(7,2,84),(8,2,61),(9,2,77),(10,3,82),(11,3,12),(12,3,13),(13,4,2),(14,4,4);
/*!40000 ALTER TABLE `trek_tag` ENABLE KEYS */;
UNLOCK TABLES;

--
-- Table structure for table `user`
--

DROP TABLE IF EXISTS `user`;
/*!40101 SET @saved_cs_client     = @@character_set_client */;
/*!40101 SET character_set_client = utf8 */;
CREATE TABLE `user` (
  `id` int(11) NOT NULL AUTO_INCREMENT,
  `fname` varchar(30) NOT NULL,
  `lname` varchar(30) DEFAULT NULL,
  `email` varchar(50) DEFAULT NULL,
  `password_salt` varchar(60) NOT NULL,
  `authcode` varchar(60) DEFAULT NULL,
  `phone` varchar(15) DEFAULT NULL,
  `created_dt` datetime NOT NULL,
  `status` tinyint(1) DEFAULT '0',
  PRIMARY KEY (`id`),
  UNIQUE KEY `email` (`email`)
) ENGINE=InnoDB AUTO_INCREMENT=18 DEFAULT CHARSET=utf8;
/*!40101 SET character_set_client = @saved_cs_client */;

--
-- Dumping data for table `user`
--

LOCK TABLES `user` WRITE;
/*!40000 ALTER TABLE `user` DISABLE KEYS */;
INSERT INTO `user` VALUES (1,'Deepak','Mehta','arundeepak92@gmail.com','$2b$12$DXZnKhvLrPAyKYHClsMxHO9QK7J3wOJIJKf31qdY2.YuWaYvFSYDq',NULL,'917351669701','2016-12-25 00:00:00',1),(2,'Bhartendu','Mehta','bhartendumehta206@gmail.com','$2b$12$DXZnKhvLrPAyKYHClsMxHO9QK7J3wOJIJKf31qdY2.YuWaYvFSYDq',NULL,'919711715452','2016-12-25 00:00:00',1),(3,'Neha','Pandey','neha.uktrav@gmail.com','$2b$12$DXZnKhvLrPAyKYHClsMxHO9QK7J3wOJIJKf31qdY2.YuWaYvFSYDq',NULL,'918859300266','2016-12-25 00:00:00',1),(4,'Akhilesh','Chauhan',NULL,'$2b$12$DXZnKhvLrPAyKYHClsMxHO9QK7J3wOJIJKf31qdY2.YuWaYvFSYDq',NULL,'911111111111','2016-12-25 00:00:00',1),(5,'admin','uttarakhandtraveller','no@email.com','$2a$10$tPuEdMc3zrkgGeGP9gn3EuLUeF4ofVRiCUF9HGooLqarKTTTjqUji','Lavo5jm6cm1gDbmLSPCBlqmFmmYBcL6RX5V1t75UEGcnJo4RXH','','2018-07-08 05:27:00',0),(6,'Uttarakhand','Traveller','uttarakhandtraveler@gmail.com','$2a$10$CrfKN7TZeEktHpfceZoCgO7YMSK.HclwYMRM1nJZDmmtpVEU.0pMS','iWm9iVXND7ydqjId5q2zcdK0g4iNauuHCbSrEUzrmqIuC2ppCw','','2018-07-10 18:20:23',1),(7,'Shubham','Butola','shubham.butola000@gmail.com','$2a$10$enw4MUQe9K0Btnr8rZkjveendz7aSfPoR15KArB2CH.SBBGTVTBaq','pBaXZzGQU3pxq8eZMD82pEUc16zU9W10bq0egwIzw74WGEUCpS','','2018-07-16 18:59:56',1),(8,'Nitin','Nagnyal ','nikhilnagnyal58@gmail.com','$2a$10$bXqBLLHTjNTk..UJkvxUGOedfwQ2mDBdKUY9kZlX9YTNwh7ZDoCwa','sjjSUImNekBe8ABRog2Y1dZtTvfwz855fnK1tBsfLlAYWcu9Kc','','2018-07-17 03:05:44',1),(9,'sugandha','verma','suguverma1234@gmail.com','$2a$10$QSk2BF/vAWKNjtaYGCmzBe2CAY0zPx45D8DzYD.1lJW2AHJE5jjmu','izR14v8m8CgU9ieN1POXUzNM73DeK0uAiVkkaBJyClSQieLIpc','','2018-07-17 05:17:48',0),(10,'Vaani','Dhyani','vanidhyani@gmail.com','$2a$10$hIaa9BTnbjQSoC2zb4UtkuejSkoAxwceNZeg9Fcc1jqLCI9xJqorK','zEvKnFwf2EjzGCq3fdsGWIDqGTySsS3PPuQZ12zgLnR8lfzXRa','','2018-07-17 07:26:53',1),(11,'Rishabh ','Chauhan','rishabh.1994@gmail.com','$2a$10$ypfrgs37jcJONRWmPRz8hOIA5bd2ggp0UthUgGLJEROYEQtug0A4q','MlsG4xeHiC7G993brzm8NLjynxPIS9DClM6kACYKk7jzhiBd9B','','2018-07-20 17:58:22',1),(12,'Tapas','Naithani','tapasrishikesh.naithani@gmail.com','$2a$10$PTHvxhU/3FgV7W8d0CTAE.5YIFlBeKHFw7mfTnsVnTiquyZNFcnNW','L5CZiS38dBOwj1pk3Ku44u6rJLcH1ALMhu4FeCw5yiXVpqP7AO','','2018-07-23 18:26:03',1),(13,'Shaurya','Bhandari','shauryabhandari121@gmail.com','$2a$10$AoogOBopUUKT.xXmwsGEuucNWj5h..lawpKJs9X367npg8gS5guaW','jtxOeAdg2uNw7NDvY6KA5a7tcJAymOYlsgbc0CFsywjf1IGtmm','','2018-07-25 08:50:42',1),(14,'Rohit ','Rawat','rohitrawat.rr.93@gmail.com','$2a$10$zVVvFgAsn4hhum8z621OOeJbLa2UgyXyNlYP8DMP643VpOBR3s/a6','fvIaSf32qWj7oPCeiTCssfVZANv03BtP69vFr8ngy6fQu52bRk','','2018-07-28 13:55:43',1),(15,'Shubham','Nautiyal','nautiyals488@gmail.com','$2a$10$KmHqAbfBz89XJ.txpxILAOk69P7.E2ZHlN4QOoRyBOmQ2B32TZkeS','DQ8zggVztUlTsxgCx6sJGpCDQouxtLxALLV6LqfzSqVRxsnxpa','','2018-08-10 05:54:35',1),(16,'asd','asd','asd@asd.com','$2a$10$OIJBjeDy2oRI9zrdilENKeYXiyQa4vVkMmwnpc3JRQ3Gm0iQeoeJm','CgcUTI85e9Vuero3cZFykocGBgZw46Ztrn2eczN6UamV7t3p6w','','2019-01-30 00:01:39',0),(17,'Mani','NS','sweetvirus95@gmail.com','$2a$10$dFZXMSsIu03JiNL9CUihmOmdNHk600t72osrYoa1grfhzkNF6kM4a','aVZIqE4KaFydVyAefhMm2NdSuPAIPp9DPSOvZQr4yanQDK63AY','','2020-07-27 12:40:26',0);
/*!40000 ALTER TABLE `user` ENABLE KEYS */;
UNLOCK TABLES;
/*!40103 SET TIME_ZONE=@OLD_TIME_ZONE */;

/*!40101 SET SQL_MODE=@OLD_SQL_MODE */;
/*!40014 SET FOREIGN_KEY_CHECKS=@OLD_FOREIGN_KEY_CHECKS */;
/*!40014 SET UNIQUE_CHECKS=@OLD_UNIQUE_CHECKS */;
/*!40101 SET CHARACTER_SET_CLIENT=@OLD_CHARACTER_SET_CLIENT */;
/*!40101 SET CHARACTER_SET_RESULTS=@OLD_CHARACTER_SET_RESULTS */;
/*!40101 SET COLLATION_CONNECTION=@OLD_COLLATION_CONNECTION */;
/*!40111 SET SQL_NOTES=@OLD_SQL_NOTES */;

-- Dump completed on 2020-12-10 19:01:46
